query_id,query_text,query_language,query_type,expected_files,chunk_id,document_id,title,issuer,jurisdiction,language,local_file_path,source_url,page_reference,section_reference,lexical_rank,semantic_rank,hybrid_rank,chunk_text,human_label,reviewer_note
Q01,哪些机构研发或应用生成式人工智能技术但未向境内公众提供服务时，不适用《生成式人工智能服务管理暂行办法》？,zh,direct,phase2_5/cn_genai_interim_measures_2023.html,40734300-f686-5c76-b64f-928d91e8f077,7bfce756-cb53-55d0-bb79-5aa128f1a796,生成式人工智能服务管理暂行办法,国家互联网信息办公室等七部门,CN,zh,phase2_5\cn_genai_interim_measures_2023.html,https://www.cac.gov.cn/2023-07/13/c_1690898327029107.htm,,生成式人工智能服务管理暂行办法_中央网络安全和信息化委员会办公室,2,1,1,"生成式人工智能服务管理暂行办法_中央网络安全和信息化委员会办公室
设为首页
加入收藏
手机版
繁体
搜索
首 页
时政要闻
网信政务
互动服务
热点专题
当前位置：
首页
>
正文
首页
时政要闻
网信政务
互动服务
热点专题
生成式人工智能服务管理暂行办法
2023年07月13日 15:00
来源：
 中国网信网
【打印】
【纠错】
国家互联网信息办公室
中华人民共和国国家发展和改革委员会
中华人民共和国教育部
中华人民共和国科学技术部
中华人民共和国工业和信息化部
中华人民共和国公安部
国家广播电视总局
令
第15号
《生成式人工智能服务管理暂行办法》已经2023年5月23日国家互联网信息办公室2023年第12次室务会会议审议通过，并经国家发展和改革委员会、教育部、科学技术部、工业和信息化部、公安部、国家广播电视总局同意，现予公布，自2023年8月15日起施行。
国家互联网信息办公室主任 庄荣文
国家发展和改革委员会主任 郑栅洁
教育部部长 怀进鹏
科学技术部部长 王志刚
工业和信息化部部长 金壮龙
公安部部长 王小洪
国家广播电视总局局长 曹淑敏
2023年7月10日
生成式人工智能服务管理暂行办法
第一章 总　则
第一条
为了促进生成式人工智能健康发展和规范应用，维护国家安全和社会公共利益，保护公民、法人和其他组织的合法权益，根据《中华人民共和国网络安全法》、《中华人民共和国数据安全法》、《中华人民共和国个人信息保护法》、《中华人民共和国科学技术进步法》等法律、行政法规，制定本办法。
第二条
利用生成式人工智能技术向中华人民共和国境内公众提供生成文本、图片、音频、视频等内容的服务（以下称生成式人工智能服务），适用本办法。
国家对利用生成式人工智能服务从事新闻出版、影视制作、文艺创作等活动另有规定的，从其规定。
行业组织、企业、教育和科研机构、公共文化机构、有关专业机构等研发、应用生成式人工智能技术，未向境内公众提供生成式人工智能服务的，不适用本办法的规定。
第三条
国家坚持发展和安全并重、促进创新和依法治理相结合的原则，采取有效措施鼓励生成式人工智能创新发展，对生成式人工智能服务实行包容审慎和分类分级监管。
第四条
提供和使用生成式人工智能服务，应当遵守法律、行政法规，尊重社会公德和伦理道德，遵守以下规定：
（一）坚持社会主义核心价值观，不得生成煽动颠覆国家政权、推翻社会主义制度，危害国家安全和利益、损害国家形象，煽动分裂国家、破坏国家统一和社会稳定，宣扬恐怖主义、极端主义，宣扬民族仇恨、民族歧视，暴力、淫秽色情，以及虚假有害信息等法律、行政法规禁止的内容；
（二）在算法设计、训练数据选择、模型生成和优化、提供服务等过程中，采取有效措施防止产生民族、信仰、国别、地域、性别、年龄、职业、健康等歧视；",,
Q01,哪些机构研发或应用生成式人工智能技术但未向境内公众提供服务时，不适用《生成式人工智能服务管理暂行办法》？,zh,direct,phase2_5/cn_genai_interim_measures_2023.html,7f6a69c9-bc49-5f8f-ab0e-efc9306a3c89,7bfce756-cb53-55d0-bb79-5aa128f1a796,生成式人工智能服务管理暂行办法,国家互联网信息办公室等七部门,CN,zh,phase2_5\cn_genai_interim_measures_2023.html,https://www.cac.gov.cn/2023-07/13/c_1690898327029107.htm,,生成式人工智能服务管理暂行办法_中央网络安全和信息化委员会办公室,1,4,2,"，监督指导标注人员规范开展标注工作。
第三章 服务规范
第九条
提供者应当依法承担网络信息内容生产者责任，履行网络信息安全义务。涉及个人信息的，依法承担个人信息处理者责任，履行个人信息保护义务。
提供者应当与注册其服务的生成式人工智能服务使用者（以下称使用者）签订服务协议，明确双方权利义务。
第十条
提供者应当明确并公开其服务的适用人群、场合、用途，指导使用者科学理性认识和依法使用生成式人工智能技术，采取有效措施防范未成年人用户过度依赖或者沉迷生成式人工智能服务。
第十一条
提供者对使用者的输入信息和使用记录应当依法履行保护义务，不得收集非必要个人信息，不得非法留存能够识别使用者身份的输入信息和使用记录，不得非法向他人提供使用者的输入信息和使用记录。
提供者应当依法及时受理和处理个人关于查阅、复制、更正、补充、删除其个人信息等的请求。
第十二条
提供者应当按照《互联网信息服务深度合成管理规定》对图片、视频等生成内容进行标识。
第十三条
提供者应当在其服务过程中，提供安全、稳定、持续的服务，保障用户正常使用。
第十四条
提供者发现违法内容的，应当及时采取停止生成、停止传输、消除等处置措施，采取模型优化训练等措施进行整改，并向有关主管部门报告。
提供者发现使用者利用生成式人工智能服务从事违法活动的，应当依法依约采取警示、限制功能、暂停或者终止向其提供服务等处置措施，保存有关记录，并向有关主管部门报告。
第十五条
提供者应当建立健全投诉、举报机制，设置便捷的投诉、举报入口，公布处理流程和反馈时限，及时受理、处理公众投诉举报并反馈处理结果。
第四章 监督检查和法律责任
第十六条
网信、发展改革、教育、科技、工业和信息化、公安、广播电视、新闻出版等部门，依据各自职责依法加强对生成式人工智能服务的管理。
国家有关主管部门针对生成式人工智能技术特点及其在有关行业和领域的服务应用，完善与创新发展相适应的科学监管方式，制定相应的分类分级监管规则或者指引。
第十七条
提供具有舆论属性或者社会动员能力的生成式人工智能服务的，应当按照国家有关规定开展安全评估，并按照《互联网信息服务算法推荐管理规定》履行算法备案和变更、注销备案手续。
第十八条
使用者发现生成式人工智能服务不符合法律、行政法规和本办法规定的，有权向有关主管部门投诉、举报。
第十九条
有关主管部门依据职责对生成式人工智能服务开展监督检查，提供者应当依法予以配合，按要求对训练数据来源、规模、类型、标注规则、算法机制机理等予以说明，并提供必要的技术、数据等支持和协助。
参与生成式人工智能服务安全评估和监督检查的相关机构和人员对在履行职责中知悉的国家秘密、商业秘密、个人隐私和个人信息应当依法予以保密，不得泄露或者非法向他人提供。
第二十条",,
Q01,哪些机构研发或应用生成式人工智能技术但未向境内公众提供服务时，不适用《生成式人工智能服务管理暂行办法》？,zh,direct,phase2_5/cn_genai_interim_measures_2023.html,b8cf5439-dad1-5408-ae41-4f8aeeff9dc8,7bfce756-cb53-55d0-bb79-5aa128f1a796,生成式人工智能服务管理暂行办法,国家互联网信息办公室等七部门,CN,zh,phase2_5\cn_genai_interim_measures_2023.html,https://www.cac.gov.cn/2023-07/13/c_1690898327029107.htm,,生成式人工智能服务管理暂行办法_中央网络安全和信息化委员会办公室,3,2,3,"提供者应当依法予以配合，按要求对训练数据来源、规模、类型、标注规则、算法机制机理等予以说明，并提供必要的技术、数据等支持和协助。
参与生成式人工智能服务安全评估和监督检查的相关机构和人员对在履行职责中知悉的国家秘密、商业秘密、个人隐私和个人信息应当依法予以保密，不得泄露或者非法向他人提供。
第二十条
对来源于中华人民共和国境外向境内提供生成式人工智能服务不符合法律、行政法规和本办法规定的，国家网信部门应当通知有关机构采取技术措施和其他必要措施予以处置。
第二十一条
提供者违反本办法规定的，由有关主管部门依照《中华人民共和国网络安全法》、《中华人民共和国数据安全法》、《中华人民共和国个人信息保护法》、《中华人民共和国科学技术进步法》等法律、行政法规的规定予以处罚；法律、行政法规没有规定的，由有关主管部门依据职责予以警告、通报批评，责令限期改正；拒不改正或者情节严重的，责令暂停提供相关服务。
构成违反治安管理行为的，依法给予治安管理处罚；构成犯罪的，依法追究刑事责任。
第五章 附　则
第二十二条
本办法下列用语的含义是：
（一）生成式人工智能技术，是指具有文本、图片、音频、视频等内容生成能力的模型及相关技术。
（二）生成式人工智能服务提供者，是指利用生成式人工智能技术提供生成式人工智能服务（包括通过提供可编程接口等方式提供生成式人工智能服务）的组织、个人。
（三）生成式人工智能服务使用者，是指使用生成式人工智能服务生成内容的组织、个人。
第二十三条
法律、行政法规规定提供生成式人工智能服务应当取得相关行政许可的，提供者应当依法取得许可。
外商投资生成式人工智能服务，应当符合外商投资相关法律、行政法规的规定。
第二十四条
本办法自2023年8月15日起施行。
关闭
中央网络安全和信息化委员会办公室
中华人民共和国国家互联网信息办公室 © 版权所有
联系我们
承办：国家互联网应急中心　技术支持：长安通信科技有限责任公司
京ICP备14042428号
京公网安备11040102700108号
学习强国
◆
◆
微信
◆
◆
返回顶部
中央网络安全和信息化委员会办公室
中华人民共和国国家互联网信息办公室 © 版权所有
承办：国家互联网应急中心
技术支持：长安通信科技有限责任公司
京ICP备14042428号
京公网安备11040102700108号
PC版
Produced By CMS 网站群内容管理系统 publishdate:2024/01/05 23:10:47",,
Q01,哪些机构研发或应用生成式人工智能技术但未向境内公众提供服务时，不适用《生成式人工智能服务管理暂行办法》？,zh,direct,phase2_5/cn_genai_interim_measures_2023.html,0d6d53f6-4019-5489-892f-573094e945fc,7bfce756-cb53-55d0-bb79-5aa128f1a796,生成式人工智能服务管理暂行办法,国家互联网信息办公室等七部门,CN,zh,phase2_5\cn_genai_interim_measures_2023.html,https://www.cac.gov.cn/2023-07/13/c_1690898327029107.htm,,生成式人工智能服务管理暂行办法_中央网络安全和信息化委员会办公室,4,3,4,"害国家形象，煽动分裂国家、破坏国家统一和社会稳定，宣扬恐怖主义、极端主义，宣扬民族仇恨、民族歧视，暴力、淫秽色情，以及虚假有害信息等法律、行政法规禁止的内容；
（二）在算法设计、训练数据选择、模型生成和优化、提供服务等过程中，采取有效措施防止产生民族、信仰、国别、地域、性别、年龄、职业、健康等歧视；
（三）尊重知识产权、商业道德，保守商业秘密，不得利用算法、数据、平台等优势，实施垄断和不正当竞争行为；
（四）尊重他人合法权益，不得危害他人身心健康，不得侵害他人肖像权、名誉权、荣誉权、隐私权和个人信息权益；
（五）基于服务类型特点，采取有效措施，提升生成式人工智能服务的透明度，提高生成内容的准确性和可靠性。
第二章 技术发展与治理
第五条
鼓励生成式人工智能技术在各行业、各领域的创新应用，生成积极健康、向上向善的优质内容，探索优化应用场景，构建应用生态体系。
支持行业组织、企业、教育和科研机构、公共文化机构、有关专业机构等在生成式人工智能技术创新、数据资源建设、转化应用、风险防范等方面开展协作。
第六条
鼓励生成式人工智能算法、框架、芯片及配套软件平台等基础技术的自主创新，平等互利开展国际交流与合作，参与生成式人工智能相关国际规则制定。
推动生成式人工智能基础设施和公共训练数据资源平台建设。促进算力资源协同共享，提升算力资源利用效能。推动公共数据分类分级有序开放，扩展高质量的公共训练数据资源。鼓励采用安全可信的芯片、软件、工具、算力和数据资源。
第七条
生成式人工智能服务提供者（以下称提供者）应当依法开展预训练、优化训练等训练数据处理活动，遵守以下规定：
（一）使用具有合法来源的数据和基础模型；
（二）涉及知识产权的，不得侵害他人依法享有的知识产权；
（三）涉及个人信息的，应当取得个人同意或者符合法律、行政法规规定的其他情形；
（四）采取有效措施提高训练数据质量，增强训练数据的真实性、准确性、客观性、多样性；
（五）《中华人民共和国网络安全法》、《中华人民共和国数据安全法》、《中华人民共和国个人信息保护法》等法律、行政法规的其他有关规定和有关主管部门的相关监管要求。
第八条
在生成式人工智能技术研发过程中进行数据标注的，提供者应当制定符合本办法要求的清晰、具体、可操作的标注规则；开展数据标注质量评估，抽样核验标注内容的准确性；对标注人员进行必要培训，提升尊法守法意识，监督指导标注人员规范开展标注工作。
第三章 服务规范
第九条
提供者应当依法承担网络信息内容生产者责任，履行网络信息安全义务。涉及个人信息的，依法承担个人信息处理者责任，履行个人信息保护义务。
提供者应当与注册其服务的生成式人工智能服务使用者（以下称使用者）签订服务协议，明确双方权利义务。
第十条",,
Q01,哪些机构研发或应用生成式人工智能技术但未向境内公众提供服务时，不适用《生成式人工智能服务管理暂行办法》？,zh,direct,phase2_5/cn_genai_interim_measures_2023.html,5e01bef4-aa13-57f4-b8c0-badcd3da319b,1415b941-a535-5833-80b4-f682dcc95158,网络数据安全管理条例,中华人民共和国国务院,CN,zh,phase2_5\cn_network_data_security_regulation_2024.html,https://app.www.gov.cn/govdata/gov/202409/30/520076/article.html,,网络数据安全管理条例,6,5,5,"施运营者提供服务，或者参与其他公共基础设施、公共服务系统建设、运行、维护的，应当依照法律、法规的规定和合同约定履行网络数据安全保护义务，提供安全、稳定、持续的服务。
前款规定的网络数据处理者未经委托方同意，不得访问、获取、留存、使用、泄露或者向他人提供网络数据，不得对网络数据进行关联分析。
第十七条
为国家机关提供服务的信息系统应当参照电子政务系统的管理要求加强网络数据安全管理，保障网络数据安全。
第十八条
网络数据处理者使用自动化工具访问、收集网络数据，应当评估对网络服务带来的影响，不得非法侵入他人网络，不得干扰网络服务正常运行。
第十九条
提供生成式人工智能服务的网络数据处理者应当加强对训练数据和训练数据处理活动的安全管理，采取有效措施防范和处置网络数据安全风险。
第二十条
面向社会提供产品、服务的网络数据处理者应当接受社会监督，建立便捷的网络数据安全投诉、举报渠道，公布投诉、举报方式等信息，及时受理并处理网络数据安全投诉、举报。
第三章　个人信息保护
第二十一条
网络数据处理者在处理个人信息前，通过制定个人信息处理规则的方式依法向个人告知的，个人信息处理规则应当集中公开展示、易于访问并置于醒目位置，内容明确具体、清晰易懂，包括但不限于下列内容：
（一）网络数据处理者的名称或者姓名和联系方式；
（二）处理个人信息的目的、方式、种类，处理敏感个人信息的必要性以及对个人权益的影响；
（三）个人信息保存期限和到期后的处理方式，保存期限难以确定的，应当明确保存期限的确定方法；
（四）个人查阅、复制、转移、更正、补充、删除、限制处理个人信息以及注销账号、撤回同意的方法和途径等。
网络数据处理者按照前款规定向个人告知收集和向其他网络数据处理者提供个人信息的目的、方式、种类以及网络数据接收方信息的，应当以清单等形式予以列明。网络数据处理者处理不满十四周岁未成年人个人信息的，还应当制定专门的个人信息处理规则。
第二十二条
网络数据处理者基于个人同意处理个人信息的，应当遵守下列规定：
（一）收集个人信息为提供产品或者服务所必需，不得超范围收集个人信息，不得通过误导、欺诈、胁迫等方式取得个人同意；
（二）处理生物识别、宗教信仰、特定身份、医疗健康、金融账户、行踪轨迹等敏感个人信息的，应当取得个人的单独同意；
（三）处理不满十四周岁未成年人个人信息的，应当取得未成年人的父母或者其他监护人的同意；
（四）不得超出个人同意的个人信息处理目的、方式、种类、保存期限处理个人信息；
（五）不得在个人明确表示不同意处理其个人信息后，频繁征求同意；
（六）个人信息的处理目的、方式、种类发生变更的，应当重新取得个人同意。
法律、行政法规规定处理敏感个人信息应当取得书面同意的，从其规定。
第二十三条",,
Q01,哪些机构研发或应用生成式人工智能技术但未向境内公众提供服务时，不适用《生成式人工智能服务管理暂行办法》？,zh,direct,phase2_5/cn_genai_interim_measures_2023.html,a6467e53-65f3-5817-a12e-013141941bce,1415b941-a535-5833-80b4-f682dcc95158,网络数据安全管理条例,中华人民共和国国务院,CN,zh,phase2_5\cn_network_data_security_regulation_2024.html,https://app.www.gov.cn/govdata/gov/202409/30/520076/article.html,,网络数据安全管理条例,5,7,6,"得超出评估时明确的数据出境目的、方式、范围和种类、规模等。
第三十九条
国家采取措施，防范、处置网络数据跨境安全风险和威胁。任何个人、组织不得提供专门用于破坏、避开技术措施的程序、工具等；明知他人从事破坏、避开技术措施等活动的，不得为其提供技术支持或者帮助。
第六章　网络平台服务提供者义务
第四十条
网络平台服务提供者应当通过平台规则或者合同等明确接入其平台的第三方产品和服务提供者的网络数据安全保护义务，督促第三方产品和服务提供者加强网络数据安全管理。
预装应用程序的智能终端等设备生产者，适用前款规定。
第三方产品和服务提供者违反法律、行政法规的规定或者平台规则、合同约定开展网络数据处理活动，对用户造成损害的，网络平台服务提供者、第三方产品和服务提供者、预装应用程序的智能终端等设备生产者应当依法承担相应责任。
国家鼓励保险公司开发网络数据损害赔偿责任险种，鼓励网络平台服务提供者、预装应用程序的智能终端等设备生产者投保。
第四十一条
提供应用程序分发服务的网络平台服务提供者，应当建立应用程序核验规则并开展网络数据安全相关核验。发现待分发或者已分发的应用程序不符合法律、行政法规的规定或者国家标准的强制性要求的，应当采取警示、不予分发、暂停分发或者终止分发等措施。
第四十二条
网络平台服务提供者通过自动化决策方式向个人进行信息推送的，应当设置易于理解、便于访问和操作的个性化推荐关闭选项，为用户提供拒绝接收推送信息、删除针对其个人特征的用户标签等功能。
第四十三条
国家推进网络身份认证公共服务建设，按照政府引导、用户自愿原则进行推广应用。
鼓励网络平台服务提供者支持用户使用国家网络身份认证公共服务登记、核验真实身份信息。
第四十四条
大型网络平台服务提供者应当每年度发布个人信息保护社会责任报告，报告内容包括但不限于个人信息保护措施和成效、个人行使权利的申请受理情况、主要由外部成员组成的个人信息保护监督机构履行职责情况等。
第四十五条
大型网络平台服务提供者跨境提供网络数据，应当遵守国家数据跨境安全管理要求，健全相关技术和管理措施，防范网络数据跨境安全风险。
第四十六条
大型网络平台服务提供者不得利用网络数据、算法以及平台规则等从事下列活动：
（一）通过误导、欺诈、胁迫等方式处理用户在平台上产生的网络数据；
（二）无正当理由限制用户访问、使用其在平台上产生的网络数据；
（三）对用户实施不合理的差别待遇，损害用户合法权益；
（四）法律、行政法规禁止的其他活动。
第七章　监督管理
第四十七条
国家网信部门负责统筹协调网络数据安全和相关监督管理工作。
公安机关、国家安全机关依照有关法律、行政法规和本条例的规定，在各自职责范围内承担网络数据安全监督管理职责，依法防范和打击危害网络数据安全的违法犯罪活动。
国家数据管理部门在具体承担数据管理工作中履行相应的网络数据安全职责。",,
Q01,哪些机构研发或应用生成式人工智能技术但未向境内公众提供服务时，不适用《生成式人工智能服务管理暂行办法》？,zh,direct,phase2_5/cn_genai_interim_measures_2023.html,f1fc7fb2-6935-5110-81a5-791ee500fafd,66fb6cf6-d5ec-5183-9cf5-2aee221c176a,“十四五”智能制造发展规划,工业和信息化部等八部门,CN,zh,phase2_5\cn_intelligent_manufacturing_14th_fyp_2021.pdf,https://www.miit.gov.cn/jgsj/ghs/zlygh/art/2022/art_c201cab037444d5c94921a53614332f9.html,Page 12,,,6,7,"12
（三）提升公共服务能力
鼓励行业组织、地方政府、产业园区、高校、科研院所、龙头企业等
建设智能制造公共服务平台，支持标准试验验证平台和现有服务机构提升
检验检测、咨询诊断、计量测试、安全评估、培训推广等服务能力。制定
智能制造公共服务平台规范，构建优势互补、协同发展的服务网络。建立
长效评价机制，鼓励第三方机构开展智能制造能力成熟度评估，研究发布
行业和区域智能制造发展指数。
（四）深化开放合作
加强与相关国家、地区及国际组织的交流，开展智能制造技术、标准、
人才等合作。鼓励跨国公司、国外科研机构等在华建设智能制造研发中心、
示范工厂、培训中心等。加强知识产权保护，推动建立数据资源产权、交
易流通、跨境传输和安全保护等基础制度和标准规范。依托共建“一带一
路”倡议、金砖国家合作机制、区域全面经济伙伴关系协定（RCEP）等，
鼓励智能制造装备、软件、标准和解决方案“走出去”。
五、组织实施
工业和信息化部会同有关部门做好规划的组织实施，各有关部门按照
职责分工，采取切实有效的政策措施，抓好重点任务落实。各地要结合本
地实际，落实相关配套政策，做好信息反馈工作。相关行业组织要充分发
挥桥梁和纽带作用，协同推动规划的贯彻落实。有关部门、各地方、相关
行业组织要加强智能制造经验模式总结和宣传推广。",,
Q01,哪些机构研发或应用生成式人工智能技术但未向境内公众提供服务时，不适用《生成式人工智能服务管理暂行办法》？,zh,direct,phase2_5/cn_genai_interim_measures_2023.html,c944f6f4-1447-5d8b-9215-d7f411ef670d,66fb6cf6-d5ec-5183-9cf5-2aee221c176a,“十四五”智能制造发展规划,工业和信息化部等八部门,CN,zh,phase2_5\cn_intelligent_manufacturing_14th_fyp_2021.pdf,https://www.miit.gov.cn/jgsj/ghs/zlygh/art/2022/art_c201cab037444d5c94921a53614332f9.html,Page 8,,7,,8,"8
（三）加强自主供给，壮大产业体系新优势
依托强大国内市场，加快发展装备、软件和系统解决方案，培育发展
智能制造新兴产业，加速提升供给体系适配性，引领带动产业体系优化升
级。
大力发展智能制造装备。针对感知、控制、决策、执行等环节的短板
弱项，加强用产学研联合创新，突破一批“卡脖子”基础零部件和装置。
推动先进工艺、信息技术与制造装备深度融合，通过智能车间/工厂建设，
带动通用、专用智能制造装备加速研制和迭代升级。推动数字孪生、人工
智能等新技术创新应用，研制一批国际先进的新型智能制造装备。
专栏 4 智能制造装备创新发展行动
基础零部件和装置。研发微纳位移传感器、柔性触觉传感器、高分辨率
视觉传感器、成分在线检测仪器、先进控制器、高精度伺服驱动系统、高性
能高可靠减速器、可穿戴人机交互设备、工业现场定位设备、智能数控系统
等。
通用智能制造装备。研发智能立/卧式五轴加工中心、车铣复合加工中
心、高精度数控磨床等工作母机；智能焊接机器人、智能移动机器人、半
导体（洁净）机器人等工业机器人；激光/电子束高效选区熔化装备、激光
选区烧结成形装备等增材制造装备；超快激光等先进激光加工装备；高端分
布式控制系统、可编程逻辑控制器、监视控制和数据采集系统等工业控制装
备；数字化非接触精密测量、在线无损检测、激光跟踪测量等智能检测装备
和仪器；智能多层多向穿梭车、智能大型立体仓库等智能物流装备。
专用智能制造装备。研发汽车发动机、变速箱等高效加工与近净成形成
套装备，航空航天大型复合材料智能铺放、成形、加工和检测成套装备，航
空航天智能装配装备，船舶板材激光焊接成套装备，高精度智能化热/冷连
轧成套装备，百万吨以上智能化乙烯成套装备，新型干法水泥全流程智能化
生产线，食品高黏度流体灌装智能成套装备，连续式针织物/纯涤纶织物印
染成套装备，满足 GMP 要求的无菌原料药智能成套装备，极大规模集成电
路制造成套装备，新型平板显示制造成套装备等。
新型智能制造装备。研发融合数字孪生、大数据、人工智能、边缘计算、
虚拟现实/增强现实（VR/AR）、5G、北斗、卫星互联网等新技术的智能工
控系统、智能工作母机、协作机器人、自适应机器人等新型装备。
聚力研发工业软件产品。推动装备制造商、高校、科研院所、用户企
业、软件企业强化协同，联合开发面向产品全生命周期和制造全过程的核",,
Q01,哪些机构研发或应用生成式人工智能技术但未向境内公众提供服务时，不适用《生成式人工智能服务管理暂行办法》？,zh,direct,phase2_5/cn_genai_interim_measures_2023.html,7db8f1a0-258e-5c4c-ab48-699d6cd5e6f9,66fb6cf6-d5ec-5183-9cf5-2aee221c176a,“十四五”智能制造发展规划,工业和信息化部等八部门,CN,zh,phase2_5\cn_intelligent_manufacturing_14th_fyp_2021.pdf,https://www.miit.gov.cn/jgsj/ghs/zlygh/art/2022/art_c201cab037444d5c94921a53614332f9.html,Page 6,,8,,9,"6
建设智能制造示范工厂。加快新一代信息技术与制造全过程、全要
素深度融合，推进制造技术突破和工艺创新，推行精益管理和业务流程
再造，实现泛在感知、数据贯通、集成互联、人机协作和分析优化，建
设智能场景、智能车间和智能工厂。引导龙头企业建设协同平台，带动
上下游企业同步实施智能制造，打造智慧供应链。鼓励各地方、行业开
展多场景、多层级应用示范，培育推广智能化设计、网络协同制造、大
规模定制、共享制造、智能运维服务等新模式。
专栏 2 智能制造示范工厂建设行动
智能场景。推动数字孪生、人工智能、5G、大数据、区块链、虚拟现
实（VR）/增强现实（AR）/混合现实（MR）等新技术在制造环节的深度应
用，探索形成一批“数字孪生+”“人工智能+”“虚拟/增强/混合现实（XR）
+”等智能场景。
智能车间。覆盖加工、检测、物流等环节，开展工艺改进和革新，推动
设备联网和生产环节数字化连接，强化标准作业、可视管控、精准配送、最
优库存，打造一批智能车间，实现生产数据贯通化、制造柔性化和管理智能
化。
智能工厂。支持基础条件好的企业，围绕设计、生产、管理、服务等制
造全过程开展智能化升级，优化组织结构和业务流程，强化精益生产，打造
一批智能工厂，推动跨业务活动的数据共享和深度挖掘，实现对核心业务的
精准预测、管理优化和自主决策。
智慧供应链。面向汽车、工程机械、轨道交通装备、航空航天装备、船
舶与海洋工程装备、电力装备、医疗装备、家用电器、集成电路等行业，支
持智能制造应用水平高、核心竞争优势突出、资源配置能力强的龙头企业建
设供应链协同平台，打造数据互联互通、信息可信交互、生产深度协同、资
源柔性配置的供应链。
推进中小企业数字化转型。加快实施中小企业数字化促进工程，针对
中小企业典型应用场景，推广一批符合中小企业需求的数字化产品和服
务。支持专精特新“小巨人”企业发挥示范引领作用，开展装备联网、关
键工序数控化、业务系统云化等改造，推动中小企业工艺流程优化、技术
装备升级。依托数字化服务商，提供数字化咨询诊断、智能化改造、上云
用云等服务。",,
Q01,哪些机构研发或应用生成式人工智能技术但未向境内公众提供服务时，不适用《生成式人工智能服务管理暂行办法》？,zh,direct,phase2_5/cn_genai_interim_measures_2023.html,bd00d43c-ee75-5015-a30a-3404ffacef59,14da8012-79ec-5247-8823-bad5c4c2aa47,外商投资准入特别管理措施（负面清单）（2024年版）,国家发展和改革委员会、商务部,CN,zh,phase2_5\cn_foreign_investment_negative_list_2024.pdf,https://www.ndrc.gov.cn/xxgk/zcfb/fzggwl/202409/t20240907_1392875_ext.html,Page 4,,,8,10,"序号 特别管理措施
14 禁止投资中国法律事务（提供有关中国法律环境影响的信息除外），不得成为国内
律师事务所合伙人。
15 市场调查限于合资，其中广播电视收听、收视调查须由中方控股。
16 禁止投资社会调查。
八、科学研究和技术服务业
17 禁止投资人体干细胞、基因诊断与治疗技术开发和应用。
18 禁止投资人文社会科学研究机构。
19
禁止投资大地测量、海洋测绘、测绘航空摄影、地面移动测量、行政区域界线测
绘，地形图、世界政区地图、全国政区地图、省级及以下政区地图、全国性教学地
图、地方性教学地图、真三维地图和导航电子地图编制，区域性的地质填图、矿产
地质、地球物理、地球化学、水文地质、环境地质、地质灾害、遥感地质等调查
（矿业权人在其矿业权范围内开展工作不受此特别管理措施限制）。
九、教育
20
学前、普通高中和高等教育机构限于中外合作办学，须由中方主导（校长或者主要
行政负责人应当具有中国国籍，理事会、董事会或者联合管理委员会的中方组成人
员不得少于 1/2）。
21 禁止投资义务教育机构、宗教教育机构。
十、卫生和社会工作
22 医疗机构限于合资。
十一、文化、体育和娱乐业
23 禁止投资新闻机构（包括但不限于通讯社）。
24 禁止投资图书、报纸、期刊、音像制品和电子出版物的编辑、出版、制作业务。
25
禁止投资各级广播电台（站）、电视台（站）、广播电视频道（率）、广播电视传
输覆盖网（发射台、转播台、广播电视卫星、卫星上行站、卫星收转站、微波站、
监测台及有线广播电视传输覆盖网等），禁止从事广播电视视频点播业务和卫星电
视广播地面接收设施安装服务。
26 禁止投资广播电视节目制作经营（含引进业务）公司。
27 禁止投资电影制作公司、发行公司、院线公司以及电影引进业务。
28 禁止投资文物拍卖的拍卖公司、文物商店和国有文物博物馆。
29 禁止投资文艺表演团体。",,
Q01,哪些机构研发或应用生成式人工智能技术但未向境内公众提供服务时，不适用《生成式人工智能服务管理暂行办法》？,zh,direct,phase2_5/cn_genai_interim_measures_2023.html,9f4da89f-f545-5434-b6f7-0330a10bfedb,50c9f3d3-f5ab-5f8f-8191-bd601d25cd73,“十四五”数字经济发展规划,中华人民共和国国务院,CN,zh,phase2_5\cn_digital_economy_14th_fyp_2021.html,https://www.miit.gov.cn/xwdt/szyw/art/2022/art_4ecc233a663b44329d0863e60b51192b.html,,国务院关于印发“十四五”数字经济发展规划的通知,9,,,"虚实结合的产业数字化新生态。依托京津冀、长三角、粤港澳大湾区、成渝地区双城经济圈等重点区域，统筹推进数字基础设施建设，探索建立各类产业集群跨区域、跨平台协同新机制，促进创新要素整合共享，构建创新协同、错位互补、供需联动的区域数字化发展生态，提升产业链供应链协同配套能力。
（四）培育转型支撑服务生态。
建立市场化服务与公共服务双轮驱动，技术、资本、人才、数据等多要素支撑的数字化转型服务生态，解决企业“不会转”、“不能转”、“不敢转”的难题。面向重点行业和企业转型需求，培育推广一批数字化解决方案。聚焦转型咨询、标准制定、测试评估等方向，培育一批第三方专业化服务机构，提升数字化转型服务市场规模和活力。支持高校、龙头企业、行业协会等加强协同，建设综合测试验证环境，加强产业共性解决方案供给。建设数字化转型促进中心，衔接集聚各类资源条件，提供数字化转型公共服务，打造区域产业数字化创新综合体，带动传统产业数字化转型。
六、加快推动数字产业化
（一）增强关键技术创新能力。
瞄准传感器、量子信息、网络通信、集成电路、关键软件、大数据、人工智能、区块链、新材料等战略性前瞻性领域，发挥我国社会主义制度优势、新型举国体制优势、超大规模市场优势，提高数字技术基础研发能力。以数字技术与各领域融合应用为导向，推动行业企业、平台企业和数字技术服务企业跨界创新，优化创新成果快速转化机制，加快创新技术的工程化、产业化。鼓励发展新型研发机构、企业创新联合体等新型创新主体，打造多元化参与、网络化协同、市场化运作的创新生态体系。支持具有自主核心技术的开源社区、开源平台、开源项目发展，推动创新资源共建共享，促进创新模式开放化演进。
（二）提升核心产业竞争力。
着力提升基础软硬件、核心电子元器件、关键基础材料和生产装备的供给水平，强化关键产品自给保障能力。实施产业链强链补链行动，加强面向多元化应用场景的技术融合和产品创新，提升产业链关键环节竞争力，完善5G、集成电路、新能源汽车、人工智能、工业互联网等重点产业供应链体系。深化新一代信息技术集成创新和融合应用，加快平台化、定制化、轻量化服务模式创新，打造新兴数字产业新优势。协同推进信息技术软硬件产品产业化、规模化应用，加快集成适配和迭代优化，推动软件产业做大做强，提升关键软硬件技术创新和供给能力。
（三）加快培育新业态新模式。
推动平台经济健康发展，引导支持平台企业加强数据、产品、内容等资源整合共享，扩大协同办公、互联网医疗等在线服务覆盖面。深化共享经济在生活服务领域的应用，拓展创新、生产、供应链等资源共享新空间。发展基于数字技术的智能经济，加快优化智能化产品和服务运营，培育智慧销售、无人配送、智能制造、反向定制等新增长点。完善多元价值传递和贡献分配体系，有序引导多样化社交、短视频、知识分享等新型就业创业平台发展。
（四）营造繁荣有序的产业创新生态。",,
Q01,哪些机构研发或应用生成式人工智能技术但未向境内公众提供服务时，不适用《生成式人工智能服务管理暂行办法》？,zh,direct,phase2_5/cn_genai_interim_measures_2023.html,feeb1971-fb86-575f-86f8-46eab3338afc,7ac8bab9-bf9f-53ae-b5cc-4d30b3a42eca,德国联邦政府的中国战略,德国联邦政府,DE,zh,phase2_5\de_china_strategy_2023_zh.pdf,https://www.auswaertiges-amt.de/en/aussenpolitik/regionaleschwerpunkte/asien/strategy-on-china/2608618,Page 32,,,9,,"4. 巩固德国和欧盟
32
4.3. 技术主权
　　就关键领域技术而言，欧盟不能对来
自不与我们共享根本价值的第三国形成依
赖。 为此既要保障并提升技术能力和产能，
也要使供应链和供应源多元化。此外还要
避免关键信息技术领域中的依赖，并增强
数字主权。德国政府重视创新能力、重视
技术和数字生态系统的整体韧性。
　　为长期确保欧洲的技术及数字主权，
我们加大对研发创新的投资力度，并通过
“战略远见”工具尽早发现新兴关键技术。
中国也同样将这一领域视为重点。德国政
府将对科研创新资助作出要求：如与中国
共同进行的项目很可能导致知识流失，便
不为之提供资助或仅在先决条件得到满足
时才会提供资助。对于项目结束后如何处
置知识及专利，我们将进一步完善现有的
资助条例。
　　为在数字领域增强欧洲的经济，德国
政府致力于推动创新的框架条件（拟定欧
盟的《芯片法》和《人工智能法》 ） 。我们
提升高度创新技术领域可持续的设计和生
产能力、建立欧洲开源生态体系、力争尽
快为出行数据建立起全欧统一且符合数据
保护要求的空间。我们迅速地、大刀阔斧
地实施国家数字战略。
　　中国政府在《中国制造 2025》战略
中提出，要在某些德国和欧盟高度重视或
长期技术领先的领域中力争 领导全球市场
和技术。 中国以国家资金促进技术发展。
为在这场竞争中获得成功，欧盟方面已
修改了关于动用国家资金发展新技术的条
例。欧盟委员会发布了《国家援助欧洲共
同利益项目与单一市场兼容性分析准则》 。
我们将根据在公共安全方面的考虑积极利
用这一准则带来的机会。
　　对技术领先地位的争夺同样体现在 规
范和标准制定上。中国采取的做法很有策
略性。我们将加强德国和欧洲行为体在相
关国际机构中的参与。通过与中国合作、
促使中国参与国际标准建设和尽早协调技
术概念，德国抵制标准制定中优先本国或
本地的趋势。德国政府还将努力促进企业
平等参与中国国内的规范和标准制定活
动。",,
Q01,哪些机构研发或应用生成式人工智能技术但未向境内公众提供服务时，不适用《生成式人工智能服务管理暂行办法》？,zh,direct,phase2_5/cn_genai_interim_measures_2023.html,2e2b1c33-cb25-5e7c-b711-91ac17d58c89,7ac8bab9-bf9f-53ae-b5cc-4d30b3a42eca,德国联邦政府的中国战略,德国联邦政府,DE,zh,phase2_5\de_china_strategy_2023_zh.pdf,https://www.auswaertiges-amt.de/en/aussenpolitik/regionaleschwerpunkte/asien/strategy-on-china/2608618,Page 38,,,10,,"4. 巩固德国和欧盟
38
争一事上， 中国的宣传助长了俄方的叙事。
这种情况要求我们在各个层面，包括欧洲
层面，在真凭实据的基础上展开系统的观
察并予以反制。
　　以隐蔽的方式为中方机构代言同样可
能损害德国的民主。 《对联邦议院和联邦
政府的游说登记法》应使受外国机构委托
的游说活动更为透明。
　　学术和教学自由是非常值得珍惜和保
护的财富。德国高校和科研机构在与 孔子
学院及类似中方伙伴合作时，应确保这样
的合作满足我方教育和科研体系的要求，
特别是对学术和教学自由的要求。德方机
构必须自觉认识到自身享有的各项自由及
与自由伴生的责任。我们要求与中国的合
作具有最大程度的透明和公开，使用公共
资金时更是如此。研究和教学人员也要为
此担起责任。
　　来自中国并使用跨境数据传输的、 基
于互联网的服务、应用程序和社交媒体 ，
可能对公共秩序及安全构成潜在风险，例
如数据流出或可能被中国官方机构获取
等。德国政府因此限制相应服务和应用程
序的公务使用。我们努力与各州和在欧盟
范围开展合作，更严格地管控和贯彻欧洲
的各项标准，特别是欧盟《通用数据保护
条例》 。
4.10. 网络安全
　　来自数字空间的威胁 在全球与日俱
增，这种威胁也来自中国。此类威胁也越
来越多地将欧盟的政府网络作为目标。我
们运用现有的“德国政府危机预警与战略
远见工具” ， 尽早预估威胁、 制定行动选项。
　　数字和实体空间密不可分，须从全局
考量、  整体防卫。网络空间的抵御力以其
实体基础设施的抵御力为必要前提。 因此，
《关键基础设施框架法》将单独制定跨行
业规则以强化关键基础设施的抵御力，对
《联邦信息技术安全局法》中的网络保护
规则作出补充。我们也对联邦层面的 IT
采购作出明确要求，捍卫信息安全是重中
之重。
　　中国网络行为体企图通过 商业和科学
间谍行为 获取德国企业的商业和研发秘
密。高科技企业和全球工业领军企业更是
焦点。在“经济保护倡议”的框架下，德
国政府向德国企业和科研机构提供网络安
全风险、混合安全风险和实体安全风险方
面的建议。
　　建立欧洲共享的工具箱至关重要。我
们将参与修改“欧盟网络外交工具箱” 。
德国政府坚决抗击恶意网络行为，也将与
伙伴一道进行归因并在“欧盟网络制裁机
制”下实施制裁。我们也与北约和其他国",,
Q01,哪些机构研发或应用生成式人工智能技术但未向境内公众提供服务时，不适用《生成式人工智能服务管理暂行办法》？,zh,direct,phase2_5/cn_genai_interim_measures_2023.html,4dfcc3ce-718b-5f6e-90be-5ebd8b0dfe4d,1415b941-a535-5833-80b4-f682dcc95158,网络数据安全管理条例,中华人民共和国国务院,CN,zh,phase2_5\cn_network_data_security_regulation_2024.html,https://app.www.gov.cn/govdata/gov/202409/30/520076/article.html,,网络数据安全管理条例,10,,,"的同意；
（四）不得超出个人同意的个人信息处理目的、方式、种类、保存期限处理个人信息；
（五）不得在个人明确表示不同意处理其个人信息后，频繁征求同意；
（六）个人信息的处理目的、方式、种类发生变更的，应当重新取得个人同意。
法律、行政法规规定处理敏感个人信息应当取得书面同意的，从其规定。
第二十三条
个人请求查阅、复制、更正、补充、删除、限制处理其个人信息，或者个人注销账号、撤回同意的，网络数据处理者应当及时受理，并提供便捷的支持个人行使权利的方法和途径，不得设置不合理条件限制个人的合理请求。
第二十四条
因使用自动化采集技术等无法避免采集到非必要个人信息或者未依法取得个人同意的个人信息，以及个人注销账号的，网络数据处理者应当删除个人信息或者进行匿名化处理。法律、行政法规规定的保存期限未届满，或者删除、匿名化处理个人信息从技术上难以实现的，网络数据处理者应当停止除存储和采取必要的安全保护措施之外的处理。
第二十五条
对符合下列条件的个人信息转移请求，网络数据处理者应当为个人指定的其他网络数据处理者访问、获取有关个人信息提供途径：
（一）能够验证请求人的真实身份；
（二）请求转移的是本人同意提供的或者基于合同收集的个人信息；
（三）转移个人信息具备技术可行性；
（四）转移个人信息不损害他人合法权益。
请求转移个人信息次数等明显超出合理范围的，网络数据处理者可以根据转移个人信息的成本收取必要费用。
第二十六条
中华人民共和国境外网络数据处理者处理境内自然人个人信息，依照《中华人民共和国个人信息保护法》第五十三条规定在境内设立专门机构或者指定代表的，应当将有关机构的名称或者代表的姓名、联系方式等报送所在地设区的市级网信部门；网信部门应当及时通报同级有关主管部门。
第二十七条
网络数据处理者应当定期自行或者委托专业机构对其处理个人信息遵守法律、行政法规的情况进行合规审计。
第二十八条
网络数据处理者处理1000万人以上个人信息的，还应当遵守本条例第三十条、第三十二条对处理重要数据的网络数据处理者（以下简称重要数据的处理者）作出的规定。
第四章　重要数据安全
第二十九条
国家数据安全工作协调机制统筹协调有关部门制定重要数据目录，加强对重要数据的保护。各地区、各部门应当按照数据分类分级保护制度，确定本地区、本部门以及相关行业、领域的重要数据具体目录，对列入目录的网络数据进行重点保护。
网络数据处理者应当按照国家有关规定识别、申报重要数据。对确认为重要数据的，相关地区、部门应当及时向网络数据处理者告知或者公开发布。网络数据处理者应当履行网络数据安全保护责任。
国家鼓励网络数据处理者使用数据标签标识等技术和产品，提高重要数据安全管理水平。
第三十条
重要数据的处理者应当明确网络数据安全负责人和网络数据安全管理机构。网络数据安全管理机构应当履行下列网络数据安全保护责任：",,
Q02,"When does China's interim generative AI regulation not apply to research, institutional use, or internal development?",en,cross-language,phase2_5/cn_genai_interim_measures_2023.html,19a0055f-bc89-504d-bf91-37fe3b2e2fbd,e564bfe4-14df-59e7-8194-196f0b7042ed,Regulation (EU) 2024/1689 (Artificial Intelligence Act),European Parliament and Council of the European Union,EU,en,phase2_5\eu_ai_act_2024_en.pdf,https://eur-lex.europa.eu/legal-content/EN/TXT/?uri=CELEX:32024R1689,Page 7,,1,4,1,"opment activity on AI syste ms or
models pr ior to being placed on the market or put into ser vice. As regards product-or iented research, testing and
development activity rega rding AI syste ms or models, the provisions of this Regulation should also not apply pr ior
t o those syste ms and models being put into ser vice or placed on the marke t. That ex clusion is without prejudice to
the obligation to comp ly with this Regulation where an AI system f alling into the scope of this Regulation is placed
on the marke t or put into ser vice as a result of suc h research and development activity and to the application of
pro visions on AI regulato r y sandbo xe s and te sting in real world conditions. Fur ther more, without prejudice to the
ex clusion of AI syste ms specif ically developed and put into ser vice f or the sole pur pose of scientifi c researc h and
development, any other AI system that ma y be used f or the conduct of any research and development activity should
remain subject t o the provisions of this Regulation. In any event, any research and development activity should be",,
Q02,"When does China's interim generative AI regulation not apply to research, institutional use, or internal development?",en,cross-language,phase2_5/cn_genai_interim_measures_2023.html,3a77d0c5-20db-5158-affd-d8ffd9a97ea7,e564bfe4-14df-59e7-8194-196f0b7042ed,Regulation (EU) 2024/1689 (Artificial Intelligence Act),European Parliament and Council of the European Union,EU,en,phase2_5\eu_ai_act_2024_en.pdf,https://eur-lex.europa.eu/legal-content/EN/TXT/?uri=CELEX:32024R1689,Page 46,,,1,3,"6. This Regulation does not apply to AI systems or AI models, including their output, specif ically developed and put into
ser vice f or the sole pur pose of scientifi c researc h and development.
7. Union law on the prot ection of personal data, pr ivacy and the conf identiality of communications applies to personal
data processed in connection with the r ights and obliga tions laid down in this Regulation. This Regulation shall not affect
Regulation (EU) 2016/679 or (EU) 2018/1725, or Directive 2002/58/EC or (EU) 2016/680, without prejudice to Ar ticle
10(5) and Ar ticle 59 of this Regulation.
8. This Regulation does not apply to any researc h, te sting or development activity regard ing AI syste ms or AI models
pr ior to their being placed on the marke t or put into ser vice. Such activities shall be conducted in accordance with
applicable Union law . T esting in real world conditions shall not be co vered by that ex clusion.
9. This Regulation is without prejudice t o the r ules laid do wn by other Uni on leg al acts related to consumer prot ection
and product safety .",,
Q02,"When does China's interim generative AI regulation not apply to research, institutional use, or internal development?",en,cross-language,phase2_5/cn_genai_interim_measures_2023.html,2a5de1b6-de2d-5f7f-8063-535c315fc9e7,e564bfe4-14df-59e7-8194-196f0b7042ed,Regulation (EU) 2024/1689 (Artificial Intelligence Act),European Parliament and Council of the European Union,EU,en,phase2_5\eu_ai_act_2024_en.pdf,https://eur-lex.europa.eu/legal-content/EN/TXT/?uri=CELEX:32024R1689,Page 7,,3,2,2,"of entity car r ying out
those activities, to use AI systems f or national secur ity , militar y and defe nce pur poses, the use of which is excluded
from the scope of this Regulation. An AI system placed on the marke t f or civilian or law enf orcement pur poses
which is used with or without modifi cation f or militar y , defence or national secur ity pur poses should not fall within
the scope of this Regulation, rega rdless of the type of entity car r ying out those activities.
(25) This Regulation should suppor t inno vation, should respect freedom of science, and should not under mine research
and development activity . It is theref ore necessar y to ex clude from its scope AI syste ms and models specifically
developed and put into ser vice f or the sole pur pose of scientifi c research and development. Moreove r , it is necessar y
t o ensure that this Regulation does not other wise affect scientific research and development activity on AI syste ms or
models pr ior to being placed on the market or put into ser vice. As regards product-or iented research, testing and",,
Q02,"When does China's interim generative AI regulation not apply to research, institutional use, or internal development?",en,cross-language,phase2_5/cn_genai_interim_measures_2023.html,cc190c76-d4f0-507f-824e-4b6f29149364,a1a70ffe-651a-5128-a659-599647de2566,Strategy on China of the Government of the Federal Republic of Germany,Federal Government of Germany,DE,en,phase2_5\de_china_strategy_2023_en.pdf,https://www.auswaertiges-amt.de/en/aussenpolitik/regionaleschwerpunkte/asien/strategy-on-china/2608618,Page 11,,2,,4,"1. Introduct Ion
11
China’s conduct and decisions have caused the
elements of rivalry and competition in our
relations to increase in recent years. This has
prompted the Federal Government to recalibrate
its cooperation with China and its approach to
the challenges bound up with this, both bilat-
erally and in the European context. The Federal
Government places its trust in the strength of
Germany’s and Europe’s democratic basic order
and social market economy.
Systemic rivalry with China does not mean that
we cannot cooperate. On the contrary, the Feder-
al Government is seeking to cooperate with Chi-
na on the basis of fair conditions. Cooperation
with China is thus a fundamental element of the
Federal Government’s Strategy on China.
However, the Federal Government never loses
sight of the fact that differences with China
relate to the Chinese Government’s political
actions. With its huge diversity, China has made
great achievements, which are admired also in
Germany. Exchange with Chinese society is
enriching for both Germany and China. Our two
countries are linked by Chinese people in Germa-
ny and Germans in China – be it for short visits,",,
Q02,"When does China's interim generative AI regulation not apply to research, institutional use, or internal development?",en,cross-language,phase2_5/cn_genai_interim_measures_2023.html,5d8650dd-2975-5058-9cbd-dfcc73e3dc50,e564bfe4-14df-59e7-8194-196f0b7042ed,Regulation (EU) 2024/1689 (Artificial Intelligence Act),European Parliament and Council of the European Union,EU,en,phase2_5\eu_ai_act_2024_en.pdf,https://eur-lex.europa.eu/legal-content/EN/TXT/?uri=CELEX:32024R1689,Page 44,,,3,5,"ith the establishment of the
gove r nance and enf orcement of this Regulation, anticipating the application of the prohibitions is imp or tant to take
account of unaccepta ble r isks and t o hav e an effect on other procedures, suc h as in civil law . Moreove r , the
infrastr ucture related to the gove r nance and the conf or mity assessment syste m should be operational bef ore
2 August 2026, theref ore the provisions on notified bodies and governance str ucture should apply from 2 August
2025. Given the rapid pace of t echnological advancements and adop tion of general-pur pose AI models, obligations
f or provid ers of g eneral-pur pose AI models should apply from 2 Au gust 2025. Codes of practice should be ready by
2 Ma y 2025 in view of enabling provid ers to demonstrate com pliance on time. The AI Office should ensure that
classification r ules and procedures are up to date in light of te chnologi cal developments. In addition, Member Stat es
should la y down and notify to the Commission the r ules on penalties, including administrative fines, and ensure that",,
Q02,"When does China's interim generative AI regulation not apply to research, institutional use, or internal development?",en,cross-language,phase2_5/cn_genai_interim_measures_2023.html,a83b1205-c71b-57ca-82aa-9a8ae1ffb9fe,a1a70ffe-651a-5128-a659-599647de2566,Strategy on China of the Government of the Federal Republic of Germany,Federal Government of Germany,DE,en,phase2_5\de_china_strategy_2023_en.pdf,https://www.auswaertiges-amt.de/en/aussenpolitik/regionaleschwerpunkte/asien/strategy-on-china/2608618,Page 29,,4,,6,"eedom of
research and teaching, illegitimate interference
and unilateral knowledge and technology trans-
fers must be minimised in this regard. We are
taking our lead from the Federal Government’s
fundamental research policy priorities also in
our cooperation with China. We will strengthen
the dialogue with universities and research insti-
tutions to this end.
China’s Military-Civil Fusion policy is placing
limits on our cooperation. We are taking into
account the fact that civilian research projects,
including basic research, are also being consid-
ered by China in strategic terms with respect to
their military use.
Restrictions to the freedom of science, including
in transnational data flows, also impact German
researchers in China. We will work to ensure
greater reciprocity and improved conditions for
scientific cooperation, including at the EU level,
e. g. within the framework of Horizon Europe. It
is also important to remove existing imbalances
concerning access to major Chinese research in-
stitutions. Beyond this, the Federal Government
is seeking an improved mutual understanding of
the respective funding structures and processes.",,
Q02,"When does China's interim generative AI regulation not apply to research, institutional use, or internal development?",en,cross-language,phase2_5/cn_genai_interim_measures_2023.html,ef2be0f8-d51b-52d5-9c3a-02f0c997e971,e564bfe4-14df-59e7-8194-196f0b7042ed,Regulation (EU) 2024/1689 (Artificial Intelligence Act),European Parliament and Council of the European Union,EU,en,phase2_5\eu_ai_act_2024_en.pdf,https://eur-lex.europa.eu/legal-content/EN/TXT/?uri=CELEX:32024R1689,Page 45,,,5,7,"g national secur ity , regardless of the type of entity entr uste d by the Member
Stat es with car r ying out tasks in relation to those comp etences.
This Regulation does not apply to AI syste ms where and in so far they are placed on the marke t, put into ser vice, or used
with or without modif ication exclusively f or militar y , defe nce or national secur ity pur poses, rega rdless of the type of entity
car r ying out those activities.
This Regulation does not apply t o AI systems which are not placed on the market or put into ser vice in the Union, where
the output is used in the Uni on ex clusively f or militar y , defe nce or national secur ity pur poses, regardless of the type of
entity car r ying out those activities.
4. This Regulation applies neither to public author ities in a third countr y nor to inte r national org anisations f alling
within the scope of this Regulation pursuant to paragraph 1, where those author ities or organisations use AI syste ms in the
framew ork of international cooperation or agreements f or law enf orcement and judicial cooperation with the Union or",,
Q02,"When does China's interim generative AI regulation not apply to research, institutional use, or internal development?",en,cross-language,phase2_5/cn_genai_interim_measures_2023.html,fcb237ad-b8f0-5823-8542-9279dcd669c7,a1a70ffe-651a-5128-a659-599647de2566,Strategy on China of the Government of the Federal Republic of Germany,Federal Government of Germany,DE,en,phase2_5\de_china_strategy_2023_en.pdf,https://www.auswaertiges-amt.de/en/aussenpolitik/regionaleschwerpunkte/asien/strategy-on-china/2608618,Page 10,,5,,8,"main an im-
portant element of bilateral cooperation with
China. The Federal Government is committed to
ensuring that this cooperation becomes fairer,
more sustainable and more reciprocal. China
is Germany’s largest single trading partner, but
whereas China’s dependencies on Europe are
constantly declining, Germany’s dependencies
on China have taken on greater significance
in recent years.
Germany accepts competition with China.
Germany and Europe also compete with many
other partners. Everyone benefits from compe-
tition when it is based on fair rules. It is not our
intention to impede China’s economic progress
and development. At the same time, de-risking is
urgently needed. However, we are not pursuing a
decoupling of our economies.
This systemic rivalry is reflected in the fact that
Germany and China have different concepts of
the principles governing the international order
in important areas. The Federal Government is
observing with concern how China is endeavour-
ing to influence the international order in line
with the interests of its single-party system and
thus to relativise the foundations of the rules-
based international order, such as the status
of human rights.",,
Q02,"When does China's interim generative AI regulation not apply to research, institutional use, or internal development?",en,cross-language,phase2_5/cn_genai_interim_measures_2023.html,62c323b9-7590-5985-8dcd-48fde35b97e5,a1a70ffe-651a-5128-a659-599647de2566,Strategy on China of the Government of the Federal Republic of Germany,Federal Government of Germany,DE,en,phase2_5\de_china_strategy_2023_en.pdf,https://www.auswaertiges-amt.de/en/aussenpolitik/regionaleschwerpunkte/asien/strategy-on-china/2608618,Page 35,,6,,9,"4. stren Gthen InG Germany and the eu
35
4.1.  Location policy and the EU internal market
While China is Germany’s biggest single trading
partner for goods, around half of German ex-
ternal trade is conducted within the European
internal market. This share is considerably higher
still for many European partners. The European
internal market makes a very important contri-
bution to our economic clout. We are therefore
driving forward the integration and resilience of
the EU internal market, which we must further
deepen and strengthen with new initiatives.
In order to safeguard our competitiveness and
our technological and digital sovereignty, we are
supporting a location policy in the EU and in
Germany that promotes growth, research and
innovation. We will strengthen the industrial
sector’s capacity for innovation and investment
as well as its competitiveness in order to con-
tinue to play a leading role in the technological
field. A strengthened internal market able to
withstand crises, an excellent education and re-
search system, a functioning system for securing
skilled workers, an innovation-friendly environ-
ment with investments in research and devel-",,
Q02,"When does China's interim generative AI regulation not apply to research, institutional use, or internal development?",en,cross-language,phase2_5/cn_genai_interim_measures_2023.html,cda21232-b9c5-526f-afa1-563f6268a14e,e564bfe4-14df-59e7-8194-196f0b7042ed,Regulation (EU) 2024/1689 (Artificial Intelligence Act),European Parliament and Council of the European Union,EU,en,phase2_5\eu_ai_act_2024_en.pdf,https://eur-lex.europa.eu/legal-content/EN/TXT/?uri=CELEX:32024R1689,Page 1,,,6,10,"ocedure (
4
),
Whereas:
(1) The pur pose of this Regulation is to imp rove the functioning of the internal marke t by la ying do wn a unif or m leg al
framew ork in par ticular f or the development, the placing on the market, the putting into ser vice and the use of
ar tificial inte lligence syste ms (AI systems) in the Uni on, in accordance with Union values, to promote the uptak e of
human centr ic and tr ustwor thy ar tificial intellig ence (AI) while ensur ing a high level of prot ection of health, saf ety ,
fundamental r ights as enshr ined in the Char te r of Fundamental Rights of the European Union (the ‘Char te r ’),
including democracy , the r ule of law and environmental prot ection, to protect against the har mful effe cts of AI
syste ms in the Uni on, and to suppor t inno vation. This Regulation ensures the free moveme nt, cross-border , of
AI-based goods and ser vices, thus preventing Member Stat es from imp osing restr ictions on the development,
mark eting and use of AI systems, unless explicitly author ised by this Regulation.
(2) This Regulation should be applied in accordance with the values of the Uni on enshr ined as in the Char te r , f acilitating",,
Q02,"When does China's interim generative AI regulation not apply to research, institutional use, or internal development?",en,cross-language,phase2_5/cn_genai_interim_measures_2023.html,b5b5efd5-1a33-5a8e-8cba-f292d72c23f6,e564bfe4-14df-59e7-8194-196f0b7042ed,Regulation (EU) 2024/1689 (Artificial Intelligence Act),European Parliament and Council of the European Union,EU,en,phase2_5\eu_ai_act_2024_en.pdf,https://eur-lex.europa.eu/legal-content/EN/TXT/?uri=CELEX:32024R1689,Page 8,,,7,,"act with an AI syste m, as
well as duly inf or ming deplo yers of the capabilities and limitations of that AI system and affe cted persons about their
r ights. Diversity , non-discr imination and fairne ss means that AI syste ms are developed and used in a wa y that
includes diverse actor s and promotes equal access, g ender equality and cultural diversity , while av oiding
discr iminatory imp acts and unfa ir biases that are prohibite d by Union or national law . Social and envir onmental
well-being means that AI systems are developed and used in a sustainable and environmentally fr iendly manner as
well as in a wa y to benefi t all human beings, while monitori ng and assessing the long-term imp acts on the
individual, society and democracy . The application of those pr inciples should be translat ed, when possible, in the
design and use of AI models. They should in any case ser ve as a basis f or the draf ting of codes of conduct under this
Regulation. All stakeholders, including industr y , academia, civil society and standardisation org anisations, are
encourag ed to take into account, as appropr iate, the ethical pr inciples f or the development of voluntary best",,
Q02,"When does China's interim generative AI regulation not apply to research, institutional use, or internal development?",en,cross-language,phase2_5/cn_genai_interim_measures_2023.html,e39d6dd2-273b-53d2-8a2f-e7246e1cc4ea,e564bfe4-14df-59e7-8194-196f0b7042ed,Regulation (EU) 2024/1689 (Artificial Intelligence Act),European Parliament and Council of the European Union,EU,en,phase2_5\eu_ai_act_2024_en.pdf,https://eur-lex.europa.eu/legal-content/EN/TXT/?uri=CELEX:32024R1689,Page 22,,7,,,"and of the Council on hor izontal
cybersecur ity requirements f or products with digital elements, in accordance with that regulation ma y demonstrate
com pliance with the cybersecur ity requirements of this Regulation by fulf illing the essential cybersecur ity
requirements set out in that regulation. When high-r isk AI systems fulf il the essential requirements of a regulation of
the European Parliament and of the Council on hor izontal cybersecur ity requirements f or products with digital
elements, the y should be deemed compliant with the cybersecur ity requirements set out in this Regulation in so f ar
as the ac hievement of those requirements is demonstrated in the EU declaration of conf or mity or par ts thereof
issued under that regulation. T o that end, the assessment of the cybersecur ity r isks , associated to a product with
digital elements classif ied as high-r isk AI syste m according to this Regulation, car r ied out under a regulation of the
European Parliament and of the Council on hor izontal cybersecur ity requirements f or products with digital
elements, should consider r isks to the cyber resilience of an AI system as regard s attem pts by unauthor ised third",,
Q02,"When does China's interim generative AI regulation not apply to research, institutional use, or internal development?",en,cross-language,phase2_5/cn_genai_interim_measures_2023.html,c2fc73ed-f539-535a-b939-ff685ed69ce6,e564bfe4-14df-59e7-8194-196f0b7042ed,Regulation (EU) 2024/1689 (Artificial Intelligence Act),European Parliament and Council of the European Union,EU,en,phase2_5\eu_ai_act_2024_en.pdf,https://eur-lex.europa.eu/legal-content/EN/TXT/?uri=CELEX:32024R1689,Page 18,,,8,,"gistical point of view .
(63) The fact that an AI syste m is classif ied as a high-r isk AI system under this Regulation should not be inter preted as
indicating that the use of the system is law ful under other acts of Uni on law or under national law compatible with
Uni on law , such as on the prot ection of personal data, on the use of polygraphs and similar t ools or other systems to
det ect the emotional stat e of natural persons. Any suc h use should continue to occur solely in accordance with the
applicable requirements resulting from the Char t er and from the applicable acts of secondar y Uni on law and
national law . This Regulation should not be understood as provid ing f or the lega l ground f or processing of personal
data, including special categor ies of personal data, where relevant, unless it is specifically other wise provid ed f or in
this Regulation.
(64) T o mitigat e the r isks from high-r isk AI syste ms placed on the marke t or put into ser vice and t o ensure a high level of
tr ustwo r thiness, cer tain mandat or y requirements should apply to high-r isk AI systems, taking into account the",,
Q02,"When does China's interim generative AI regulation not apply to research, institutional use, or internal development?",en,cross-language,phase2_5/cn_genai_interim_measures_2023.html,f5c3b9a6-c981-51cf-9876-4fe9e75dcfcf,a1a70ffe-651a-5128-a659-599647de2566,Strategy on China of the Government of the Federal Republic of Germany,Federal Government of Germany,DE,en,phase2_5\de_china_strategy_2023_en.pdf,https://www.auswaertiges-amt.de/en/aussenpolitik/regionaleschwerpunkte/asien/strategy-on-china/2608618,Page 9,,8,,,"1. Introduct Ion
9
1.2.  Aims of the Strategy on China
China has changed. As a result of this and Chi-
na’s political decisions, we need to change our
approach to China. The Federal Government
will, together in Europe and with international
partners, define new parameters under which
Germany’s interests will be upheld in its coop-
eration with China, while living up to our global
responsibility.
This strategy for our approach to China and the
challenges arising from China comprises three
dimensions: bilateral relations with China,
strengthening Germany and the EU, and interna-
tional cooperation.
Its aims are as follows:
• to present the Federal Government’s views on the status of and prospects for rela-
tions with China;
• to enable the Federal Government to assert our values and interests more effectively
in the complex relationship with China;
• to present means and instruments by which the Federal Government can work with
China, without endangering Germany’s free and democratic way of life, our sover-
eignty and prosperity, as well as our security and partnerships with others;
• to provide the framework within which our Federal Ministries can give coherence to",,
Q02,"When does China's interim generative AI regulation not apply to research, institutional use, or internal development?",en,cross-language,phase2_5/cn_genai_interim_measures_2023.html,d18e7335-e0a6-51f6-b657-195d9fc6a491,e564bfe4-14df-59e7-8194-196f0b7042ed,Regulation (EU) 2024/1689 (Artificial Intelligence Act),European Parliament and Council of the European Union,EU,en,phase2_5\eu_ai_act_2024_en.pdf,https://eur-lex.europa.eu/legal-content/EN/TXT/?uri=CELEX:32024R1689,Page 7,,,9,,"ch and development activity should
remain subject t o the provisions of this Regulation. In any event, any research and development activity should be
car r ied out in accordance with recognised ethical and profe ssional standards f or scientific research and should be
conducte d in accordance with applicable Uni on law .
(26) In order to introduce a propor tionate and effe ctive set of binding r ules f or AI syste ms, a clearly defined r isk -based
approac h should be f ollo wed. That approac h should tailor the type and content of suc h r ules t o the inte nsity and
scope of the r isks that AI syste ms can g enerate. It is theref ore necessar y to prohibit cer tain unaccept able AI practices,
t o la y do wn requirements f or high-r isk AI systems and obligati ons f or the relevant operators, and to la y do wn
transparency obligations f or cer tain AI syste ms.
OJ L, 12.7.2024
EN
ELI: http://data.europa.eu/eli/reg/2024/1689/oj 7/144",,
Q02,"When does China's interim generative AI regulation not apply to research, institutional use, or internal development?",en,cross-language,phase2_5/cn_genai_interim_measures_2023.html,ebb03e08-ca7c-5841-b969-116a310fe351,a1a70ffe-651a-5128-a659-599647de2566,Strategy on China of the Government of the Federal Republic of Germany,Federal Government of Germany,DE,en,phase2_5\de_china_strategy_2023_en.pdf,https://www.auswaertiges-amt.de/en/aussenpolitik/regionaleschwerpunkte/asien/strategy-on-china/2608618,Page 61,,9,,,"6. coord I nat I n G pol Icy and B u I ldI n G expert I se on c h I na
61
6.2.  Expertise on China
With China becoming increasingly important,
there is also an ever greater need for people with
expertise on China. This includes language skills,
intercultural skills, country-specific expertise,
knowledge of the aims that China is pursuing
through its global engagement, and practical
experience with bilateral cooperation in the
context of the Chinese political system. Solid,
current and independent expertise on China is
essential for mutual understanding and for the
long-term, successful pursuit and assertion of
Germany’s interests.
Building and expanding independent expertise
on China is a cross-cutting task. The Federal Gov-
ernment is stepping up its engagement and is en-
couraging Länder, towns and cities and munici-
palities, as well as the spheres of business, science
and research, universities and civil society, to also
expand their expertise on China.
The expertise of the next generation is being
built up at schools, higher education institutions
and other educational institutions. We encourage
them to increasingly spread expertise on China,",,
Q02,"When does China's interim generative AI regulation not apply to research, institutional use, or internal development?",en,cross-language,phase2_5/cn_genai_interim_measures_2023.html,2223d883-c4ed-5c2a-ac16-fe84140b6d77,2225af69-0fbb-500a-aaf3-af1d38399e31,Regulation (EU) 2023/2854 (Data Act),European Parliament and Council of the European Union,EU,en,phase2_5\eu_data_act_2023_en.pdf,https://eur-lex.europa.eu/eli/reg/2023/2854/oj/eng,Page 33,,10,,,"or pr ivacy shall prevail.
6. This Regulation does not apply to or pre-emp t voluntary ar range ments f or the exc hange of data between pr ivate and
public entities, in par ticular voluntar y ar rang ements f or data shar ing.
This Regulation does not affect Union or national leg al acts pro viding f or the shar ing of, access to and the use of data f or
the pur pose of the prevention, inv estigation, detection or prosecution of cr iminal offences or f or the exe cution of cr iminal
penalties, or f or customs and taxation pur poses, in par ticular Regulations (EU) 2021/784, (EU) 2022/2065 and
(EU) 2023/1543 and Directive (EU) 2023/1544, or intern ational cooperation in that area. This Regulation does not apply
to the collection or shar ing of, access to or the use of data under Regulation (EU) 2015/847 and Directive (EU) 2015/849.
This Regulation does not apply to areas that fall outside the scope of U nion la w and in an y event does not affect the
compet ences of the Member State s concer ning public secur ity , defe nce or national secur ity , rega rdless of the type of entity",,
Q02,"When does China's interim generative AI regulation not apply to research, institutional use, or internal development?",en,cross-language,phase2_5/cn_genai_interim_measures_2023.html,ebb25812-e6ce-5bec-885f-041724eedb1a,e564bfe4-14df-59e7-8194-196f0b7042ed,Regulation (EU) 2024/1689 (Artificial Intelligence Act),European Parliament and Council of the European Union,EU,en,phase2_5\eu_ai_act_2024_en.pdf,https://eur-lex.europa.eu/legal-content/EN/TXT/?uri=CELEX:32024R1689,Page 89,,,10,,"ation in AI in the Uni on.
12. Providers and prospective provid ers par ticipating in the AI regulator y sandbo x shall remain liable under applicable
Uni on and national liability law f or any damage inf licted on third par ties as a result of the exper imentation taking place in
the sandbo x. How ever , provid ed that the prospective provider s obser ve the specif ic plan and the t er ms and conditions f or
their par ticipation and f ollow in good f aith the guidance given by the national compet ent author ity , no administrative fines
shall be im posed by the author ities f or infr ingements of this Regulation. Where other com petent author ities responsible f or
other Uni on and national la w were actively inv olved in the super vision of the AI system in the sandbo x and provid ed
guidance f or compliance, no administrative fine s shall be imp osed rega rding that law .
13. The AI regulato r y sandbo xe s shall be designed and imp lemented in suc h a wa y that, where relevant, they facilitat e
cross-border cooperation between national compet ent author ities.",,
Q03,在境外处理中国境内自然人个人信息，哪些情况下《网络数据安全管理条例》适用？,zh,direct,phase2_5/cn_network_data_security_regulation_2024.html,4dfcc3ce-718b-5f6e-90be-5ebd8b0dfe4d,1415b941-a535-5833-80b4-f682dcc95158,网络数据安全管理条例,中华人民共和国国务院,CN,zh,phase2_5\cn_network_data_security_regulation_2024.html,https://app.www.gov.cn/govdata/gov/202409/30/520076/article.html,,网络数据安全管理条例,1,1,1,"的同意；
（四）不得超出个人同意的个人信息处理目的、方式、种类、保存期限处理个人信息；
（五）不得在个人明确表示不同意处理其个人信息后，频繁征求同意；
（六）个人信息的处理目的、方式、种类发生变更的，应当重新取得个人同意。
法律、行政法规规定处理敏感个人信息应当取得书面同意的，从其规定。
第二十三条
个人请求查阅、复制、更正、补充、删除、限制处理其个人信息，或者个人注销账号、撤回同意的，网络数据处理者应当及时受理，并提供便捷的支持个人行使权利的方法和途径，不得设置不合理条件限制个人的合理请求。
第二十四条
因使用自动化采集技术等无法避免采集到非必要个人信息或者未依法取得个人同意的个人信息，以及个人注销账号的，网络数据处理者应当删除个人信息或者进行匿名化处理。法律、行政法规规定的保存期限未届满，或者删除、匿名化处理个人信息从技术上难以实现的，网络数据处理者应当停止除存储和采取必要的安全保护措施之外的处理。
第二十五条
对符合下列条件的个人信息转移请求，网络数据处理者应当为个人指定的其他网络数据处理者访问、获取有关个人信息提供途径：
（一）能够验证请求人的真实身份；
（二）请求转移的是本人同意提供的或者基于合同收集的个人信息；
（三）转移个人信息具备技术可行性；
（四）转移个人信息不损害他人合法权益。
请求转移个人信息次数等明显超出合理范围的，网络数据处理者可以根据转移个人信息的成本收取必要费用。
第二十六条
中华人民共和国境外网络数据处理者处理境内自然人个人信息，依照《中华人民共和国个人信息保护法》第五十三条规定在境内设立专门机构或者指定代表的，应当将有关机构的名称或者代表的姓名、联系方式等报送所在地设区的市级网信部门；网信部门应当及时通报同级有关主管部门。
第二十七条
网络数据处理者应当定期自行或者委托专业机构对其处理个人信息遵守法律、行政法规的情况进行合规审计。
第二十八条
网络数据处理者处理1000万人以上个人信息的，还应当遵守本条例第三十条、第三十二条对处理重要数据的网络数据处理者（以下简称重要数据的处理者）作出的规定。
第四章　重要数据安全
第二十九条
国家数据安全工作协调机制统筹协调有关部门制定重要数据目录，加强对重要数据的保护。各地区、各部门应当按照数据分类分级保护制度，确定本地区、本部门以及相关行业、领域的重要数据具体目录，对列入目录的网络数据进行重点保护。
网络数据处理者应当按照国家有关规定识别、申报重要数据。对确认为重要数据的，相关地区、部门应当及时向网络数据处理者告知或者公开发布。网络数据处理者应当履行网络数据安全保护责任。
国家鼓励网络数据处理者使用数据标签标识等技术和产品，提高重要数据安全管理水平。
第三十条
重要数据的处理者应当明确网络数据安全负责人和网络数据安全管理机构。网络数据安全管理机构应当履行下列网络数据安全保护责任：",,
Q03,在境外处理中国境内自然人个人信息，哪些情况下《网络数据安全管理条例》适用？,zh,direct,phase2_5/cn_network_data_security_regulation_2024.html,bf572690-37d8-5c77-b881-93e61433c18e,1415b941-a535-5833-80b4-f682dcc95158,网络数据安全管理条例,中华人民共和国国务院,CN,zh,phase2_5\cn_network_data_security_regulation_2024.html,https://app.www.gov.cn/govdata/gov/202409/30/520076/article.html,,网络数据安全管理条例,3,2,2,"数据安全管理机构信息、网络数据安全负责人姓名和联系方式等；
（二）处理重要数据的目的、种类、数量、方式、范围、存储期限、存储地点等，开展网络数据处理活动的情况，不包括网络数据内容本身；
（三）网络数据安全管理制度及实施情况，加密、备份、标签标识、访问控制、安全认证等技术措施和其他必要措施及其有效性；
（四）发现的网络数据安全风险，发生的网络数据安全事件及处置情况；
（五）提供、委托处理、共同处理重要数据的风险评估情况；
（六）网络数据出境情况；
（七）有关主管部门规定的其他报告内容。
处理重要数据的大型网络平台服务提供者报送的风险评估报告，除包括前款规定的内容外，还应当充分说明关键业务和供应链网络数据安全等情况。
重要数据的处理者存在可能危害国家安全的重要数据处理活动的，省级以上有关主管部门应当责令其采取整改或者停止处理重要数据等措施。重要数据的处理者应当按照有关要求立即采取措施。
第五章　网络数据跨境安全管理
第三十四条
国家网信部门统筹协调有关部门建立国家数据出境安全管理专项工作机制，研究制定国家网络数据出境安全管理相关政策，协调处理网络数据出境安全重大事项。
第三十五条
符合下列条件之一的，网络数据处理者可以向境外提供个人信息：
（一）通过国家网信部门组织的数据出境安全评估；
（二）按照国家网信部门的规定经专业机构进行个人信息保护认证；
（三）符合国家网信部门制定的关于个人信息出境标准合同的规定；
（四）为订立、履行个人作为一方当事人的合同，确需向境外提供个人信息；
（五）按照依法制定的劳动规章制度和依法签订的集体合同实施跨境人力资源管理，确需向境外提供员工个人信息；
（六）为履行法定职责或者法定义务，确需向境外提供个人信息；
（七）紧急情况下为保护自然人的生命健康和财产安全，确需向境外提供个人信息;
（八）法律、行政法规或者国家网信部门规定的其他条件。
第三十六条
中华人民共和国缔结或者参加的国际条约、协定对向中华人民共和国境外提供个人信息的条件等有规定的，可以按照其规定执行。
第三十七条
网络数据处理者在中华人民共和国境内运营中收集和产生的重要数据确需向境外提供的，应当通过国家网信部门组织的数据出境安全评估。网络数据处理者按照国家有关规定识别、申报重要数据，但未被相关地区、部门告知或者公开发布为重要数据的，不需要将其作为重要数据申报数据出境安全评估。
第三十八条
通过数据出境安全评估后，网络数据处理者向境外提供个人信息和重要数据的，不得超出评估时明确的数据出境目的、方式、范围和种类、规模等。
第三十九条
国家采取措施，防范、处置网络数据跨境安全风险和威胁。任何个人、组织不得提供专门用于破坏、避开技术措施的程序、工具等；明知他人从事破坏、避开技术措施等活动的，不得为其提供技术支持或者帮助。
第六章　网络平台服务提供者义务
第四十条",,
Q03,在境外处理中国境内自然人个人信息，哪些情况下《网络数据安全管理条例》适用？,zh,direct,phase2_5/cn_network_data_security_regulation_2024.html,d380aa57-06da-54d0-9152-7f3b9aa63551,1415b941-a535-5833-80b4-f682dcc95158,网络数据安全管理条例,中华人民共和国国务院,CN,zh,phase2_5\cn_network_data_security_regulation_2024.html,https://app.www.gov.cn/govdata/gov/202409/30/520076/article.html,,网络数据安全管理条例,2,5,3,"网络数据安全管理条例
网络数据安全管理条例
中国政府网
2024-09-30
中华人民共和国国务院令
第790号
《网络数据安全管理条例》已经2024年8月30日国务院第40次常务会议通过，现予公布，自2025年1月1日起施行。
总理 李强
2024年9月24日
网络数据安全管理条例
第一章　总　　则
第一条
为了规范网络数据处理活动，保障网络数据安全，促进网络数据依法合理有效利用，保护个人、组织的合法权益，维护国家安全和公共利益，根据《中华人民共和国网络安全法》、《中华人民共和国数据安全法》、《中华人民共和国个人信息保护法》等法律，制定本条例。
第二条
在中华人民共和国境内开展网络数据处理活动及其安全监督管理，适用本条例。
在中华人民共和国境外处理中华人民共和国境内自然人个人信息的活动，符合《中华人民共和国个人信息保护法》第三条第二款规定情形的，也适用本条例。
在中华人民共和国境外开展网络数据处理活动，损害中华人民共和国国家安全、公共利益或者公民、组织合法权益的，依法追究法律责任。
第三条
网络数据安全管理工作坚持中国共产党的领导，贯彻总体国家安全观，统筹促进网络数据开发利用与保障网络数据安全。
第四条
国家鼓励网络数据在各行业、各领域的创新应用，加强网络数据安全防护能力建设，支持网络数据相关技术、产品、服务创新，开展网络数据安全宣传教育和人才培养，促进网络数据开发利用和产业发展。
第五条
国家根据网络数据在经济社会发展中的重要程度，以及一旦遭到篡改、破坏、泄露或者非法获取、非法利用，对国家安全、公共利益或者个人、组织合法权益造成的危害程度，对网络数据实行分类分级保护。
第六条
国家积极参与网络数据安全相关国际规则和标准的制定，促进国际交流与合作。
第七条
国家支持相关行业组织按照章程，制定网络数据安全行为规范，加强行业自律，指导会员加强网络数据安全保护，提高网络数据安全保护水平，促进行业健康发展。
第二章　一般规定
第八条
任何个人、组织不得利用网络数据从事非法活动，不得从事窃取或者以其他非法方式获取网络数据、非法出售或者非法向他人提供网络数据等非法网络数据处理活动。
任何个人、组织不得提供专门用于从事前款非法活动的程序、工具；明知他人从事前款非法活动的，不得为其提供互联网接入、服务器托管、网络存储、通讯传输等技术支持，或者提供广告推广、支付结算等帮助。
第九条
网络数据处理者应当依照法律、行政法规的规定和国家标准的强制性要求，在网络安全等级保护的基础上，加强网络数据安全防护，建立健全网络数据安全管理制度，采取加密、备份、访问控制、安全认证等技术措施和其他必要措施，保护网络数据免遭篡改、破坏、泄露或者非法获取、非法利用，处置网络数据安全事件，防范针对和利用网络数据实施的违法犯罪活动，并对所处理网络数据的安全承担主体责任。
第十条",,
Q03,在境外处理中国境内自然人个人信息，哪些情况下《网络数据安全管理条例》适用？,zh,direct,phase2_5/cn_network_data_security_regulation_2024.html,20fc8233-a291-5c1d-b944-e8eb1b27b02a,1415b941-a535-5833-80b4-f682dcc95158,网络数据安全管理条例,中华人民共和国国务院,CN,zh,phase2_5\cn_network_data_security_regulation_2024.html,https://app.www.gov.cn/govdata/gov/202409/30/520076/article.html,,网络数据安全管理条例,10,3,6,"接负责的主管人员和其他直接责任人员依法给予处分。
第六十一条
违反本条例规定，给他人造成损害的，依法承担民事责任；构成违反治安管理行为的，依法给予治安管理处罚；构成犯罪的，依法追究刑事责任。
第九章　附　　则
第六十二条
本条例下列用语的含义：
（一）网络数据，是指通过网络处理和产生的各种电子数据。
（二）网络数据处理活动，是指网络数据的收集、存储、使用、加工、传输、提供、公开、删除等活动。
（三）网络数据处理者，是指在网络数据处理活动中自主决定处理目的和处理方式的个人、组织。
（四）重要数据，是指特定领域、特定群体、特定区域或者达到一定精度和规模，一旦遭到篡改、破坏、泄露或者非法获取、非法利用，可能直接危害国家安全、经济运行、社会稳定、公共健康和安全的数据。
（五）委托处理，是指网络数据处理者委托个人、组织按照约定的目的和方式开展的网络数据处理活动。
（六）共同处理，是指两个以上的网络数据处理者共同决定网络数据的处理目的和处理方式的网络数据处理活动。
（七）单独同意，是指个人针对其个人信息进行特定处理而专门作出具体、明确的同意。
（八）大型网络平台，是指注册用户5000万以上或者月活跃用户1000万以上，业务类型复杂，网络数据处理活动对国家安全、经济运行、国计民生等具有重要影响的网络平台。
第六十三条
开展核心数据的网络数据处理活动，按照国家有关规定执行。
自然人因个人或者家庭事务处理个人信息的，不适用本条例。
开展涉及国家秘密、工作秘密的网络数据处理活动，适用《中华人民共和国保守国家秘密法》等法律、行政法规的规定。
第六十四条
本条例自2025年1月1日起施行。
点击打开",,
Q03,在境外处理中国境内自然人个人信息，哪些情况下《网络数据安全管理条例》适用？,zh,direct,phase2_5/cn_network_data_security_regulation_2024.html,51b4d749-6af7-589a-8e2d-d3cfdc83573e,1415b941-a535-5833-80b4-f682dcc95158,网络数据安全管理条例,中华人民共和国国务院,CN,zh,phase2_5\cn_network_data_security_regulation_2024.html,https://app.www.gov.cn/govdata/gov/202409/30/520076/article.html,,网络数据安全管理条例,4,8,5,"门应当及时向网络数据处理者告知或者公开发布。网络数据处理者应当履行网络数据安全保护责任。
国家鼓励网络数据处理者使用数据标签标识等技术和产品，提高重要数据安全管理水平。
第三十条
重要数据的处理者应当明确网络数据安全负责人和网络数据安全管理机构。网络数据安全管理机构应当履行下列网络数据安全保护责任：
（一）制定实施网络数据安全管理制度、操作规程和网络数据安全事件应急预案；
（二）定期组织开展网络数据安全风险监测、风险评估、应急演练、宣传教育培训等活动，及时处置网络数据安全风险和事件；
（三）受理并处理网络数据安全投诉、举报。
网络数据安全负责人应当具备网络数据安全专业知识和相关管理工作经历，由网络数据处理者管理层成员担任，有权直接向有关主管部门报告网络数据安全情况。
掌握有关主管部门规定的特定种类、规模的重要数据的网络数据处理者，应当对网络数据安全负责人和关键岗位的人员进行安全背景审查，加强相关人员培训。审查时，可以申请公安机关、国家安全机关协助。
第三十一条
重要数据的处理者提供、委托处理、共同处理重要数据前，应当进行风险评估，但是属于履行法定职责或者法定义务的除外。
风险评估应当重点评估下列内容：
（一）提供、委托处理、共同处理网络数据，以及网络数据接收方处理网络数据的目的、方式、范围等是否合法、正当、必要；
（二）提供、委托处理、共同处理的网络数据遭到篡改、破坏、泄露或者非法获取、非法利用的风险，以及对国家安全、公共利益或者个人、组织合法权益带来的风险；
（三）网络数据接收方的诚信、守法等情况；
（四）与网络数据接收方订立或者拟订立的相关合同中关于网络数据安全的要求能否有效约束网络数据接收方履行网络数据安全保护义务；
（五）采取或者拟采取的技术和管理措施等能否有效防范网络数据遭到篡改、破坏、泄露或者非法获取、非法利用等风险；
（六）有关主管部门规定的其他评估内容。
第三十二条
重要数据的处理者因合并、分立、解散、破产等可能影响重要数据安全的，应当采取措施保障网络数据安全，并向省级以上有关主管部门报告重要数据处置方案、接收方的名称或者姓名和联系方式等；主管部门不明确的，应当向省级以上数据安全工作协调机制报告。
第三十三条
重要数据的处理者应当每年度对其网络数据处理活动开展风险评估，并向省级以上有关主管部门报送风险评估报告，有关主管部门应当及时通报同级网信部门、公安机关。
风险评估报告应当包括下列内容：
（一）网络数据处理者基本信息、网络数据安全管理机构信息、网络数据安全负责人姓名和联系方式等；
（二）处理重要数据的目的、种类、数量、方式、范围、存储期限、存储地点等，开展网络数据处理活动的情况，不包括网络数据内容本身；
（三）网络数据安全管理制度及实施情况，加密、备份、标签标识、访问控制、安全认证等技术措施和其他必要措施及其有效性；",,
Q03,在境外处理中国境内自然人个人信息，哪些情况下《网络数据安全管理条例》适用？,zh,direct,phase2_5/cn_network_data_security_regulation_2024.html,5e01bef4-aa13-57f4-b8c0-badcd3da319b,1415b941-a535-5833-80b4-f682dcc95158,网络数据安全管理条例,中华人民共和国国务院,CN,zh,phase2_5\cn_network_data_security_regulation_2024.html,https://app.www.gov.cn/govdata/gov/202409/30/520076/article.html,,网络数据安全管理条例,5,4,4,"施运营者提供服务，或者参与其他公共基础设施、公共服务系统建设、运行、维护的，应当依照法律、法规的规定和合同约定履行网络数据安全保护义务，提供安全、稳定、持续的服务。
前款规定的网络数据处理者未经委托方同意，不得访问、获取、留存、使用、泄露或者向他人提供网络数据，不得对网络数据进行关联分析。
第十七条
为国家机关提供服务的信息系统应当参照电子政务系统的管理要求加强网络数据安全管理，保障网络数据安全。
第十八条
网络数据处理者使用自动化工具访问、收集网络数据，应当评估对网络服务带来的影响，不得非法侵入他人网络，不得干扰网络服务正常运行。
第十九条
提供生成式人工智能服务的网络数据处理者应当加强对训练数据和训练数据处理活动的安全管理，采取有效措施防范和处置网络数据安全风险。
第二十条
面向社会提供产品、服务的网络数据处理者应当接受社会监督，建立便捷的网络数据安全投诉、举报渠道，公布投诉、举报方式等信息，及时受理并处理网络数据安全投诉、举报。
第三章　个人信息保护
第二十一条
网络数据处理者在处理个人信息前，通过制定个人信息处理规则的方式依法向个人告知的，个人信息处理规则应当集中公开展示、易于访问并置于醒目位置，内容明确具体、清晰易懂，包括但不限于下列内容：
（一）网络数据处理者的名称或者姓名和联系方式；
（二）处理个人信息的目的、方式、种类，处理敏感个人信息的必要性以及对个人权益的影响；
（三）个人信息保存期限和到期后的处理方式，保存期限难以确定的，应当明确保存期限的确定方法；
（四）个人查阅、复制、转移、更正、补充、删除、限制处理个人信息以及注销账号、撤回同意的方法和途径等。
网络数据处理者按照前款规定向个人告知收集和向其他网络数据处理者提供个人信息的目的、方式、种类以及网络数据接收方信息的，应当以清单等形式予以列明。网络数据处理者处理不满十四周岁未成年人个人信息的，还应当制定专门的个人信息处理规则。
第二十二条
网络数据处理者基于个人同意处理个人信息的，应当遵守下列规定：
（一）收集个人信息为提供产品或者服务所必需，不得超范围收集个人信息，不得通过误导、欺诈、胁迫等方式取得个人同意；
（二）处理生物识别、宗教信仰、特定身份、医疗健康、金融账户、行踪轨迹等敏感个人信息的，应当取得个人的单独同意；
（三）处理不满十四周岁未成年人个人信息的，应当取得未成年人的父母或者其他监护人的同意；
（四）不得超出个人同意的个人信息处理目的、方式、种类、保存期限处理个人信息；
（五）不得在个人明确表示不同意处理其个人信息后，频繁征求同意；
（六）个人信息的处理目的、方式、种类发生变更的，应当重新取得个人同意。
法律、行政法规规定处理敏感个人信息应当取得书面同意的，从其规定。
第二十三条",,
Q03,在境外处理中国境内自然人个人信息，哪些情况下《网络数据安全管理条例》适用？,zh,direct,phase2_5/cn_network_data_security_regulation_2024.html,80d93810-79cd-5685-b12b-152d0197225b,1415b941-a535-5833-80b4-f682dcc95158,网络数据安全管理条例,中华人民共和国国务院,CN,zh,phase2_5\cn_network_data_security_regulation_2024.html,https://app.www.gov.cn/govdata/gov/202409/30/520076/article.html,,网络数据安全管理条例,7,6,7,"安全等级保护的基础上，加强网络数据安全防护，建立健全网络数据安全管理制度，采取加密、备份、访问控制、安全认证等技术措施和其他必要措施，保护网络数据免遭篡改、破坏、泄露或者非法获取、非法利用，处置网络数据安全事件，防范针对和利用网络数据实施的违法犯罪活动，并对所处理网络数据的安全承担主体责任。
第十条
网络数据处理者提供的网络产品、服务应当符合相关国家标准的强制性要求；发现网络产品、服务存在安全缺陷、漏洞等风险时，应当立即采取补救措施，按照规定及时告知用户并向有关主管部门报告；涉及危害国家安全、公共利益的，网络数据处理者还应当在24小时内向有关主管部门报告。
第十一条
网络数据处理者应当建立健全网络数据安全事件应急预案，发生网络数据安全事件时，应当立即启动预案，采取措施防止危害扩大，消除安全隐患，并按照规定向有关主管部门报告。
网络数据安全事件对个人、组织合法权益造成危害的，网络数据处理者应当及时将安全事件和风险情况、危害后果、已经采取的补救措施等，以电话、短信、即时通信工具、电子邮件或者公告等方式通知利害关系人；法律、行政法规规定可以不通知的，从其规定。网络数据处理者在处置网络数据安全事件过程中发现涉嫌违法犯罪线索的，应当按照规定向公安机关、国家安全机关报案，并配合开展侦查、调查和处置工作。
第十二条
网络数据处理者向其他网络数据处理者提供、委托处理个人信息和重要数据的，应当通过合同等与网络数据接收方约定处理目的、方式、范围以及安全保护义务等，并对网络数据接收方履行义务的情况进行监督。向其他网络数据处理者提供、委托处理个人信息和重要数据的处理情况记录，应当至少保存3年。
网络数据接收方应当履行网络数据安全保护义务，并按照约定的目的、方式、范围等处理个人信息和重要数据。
两个以上的网络数据处理者共同决定个人信息和重要数据的处理目的和处理方式的，应当约定各自的权利和义务。
第十三条
网络数据处理者开展网络数据处理活动，影响或者可能影响国家安全的，应当按照国家有关规定进行国家安全审查。
第十四条
网络数据处理者因合并、分立、解散、破产等原因需要转移网络数据的，网络数据接收方应当继续履行网络数据安全保护义务。
第十五条
国家机关委托他人建设、运行、维护电子政务系统，存储、加工政务数据，应当按照国家有关规定经过严格的批准程序，明确受托方的网络数据处理权限、保护责任等，监督受托方履行网络数据安全保护义务。
第十六条
网络数据处理者为国家机关、关键信息基础设施运营者提供服务，或者参与其他公共基础设施、公共服务系统建设、运行、维护的，应当依照法律、法规的规定和合同约定履行网络数据安全保护义务，提供安全、稳定、持续的服务。
前款规定的网络数据处理者未经委托方同意，不得访问、获取、留存、使用、泄露或者向他人提供网络数据，不得对网络数据进行关联分析。
第十七条",,
Q03,在境外处理中国境内自然人个人信息，哪些情况下《网络数据安全管理条例》适用？,zh,direct,phase2_5/cn_network_data_security_regulation_2024.html,e5985d94-0a36-55f8-b372-430e82bc766a,1415b941-a535-5833-80b4-f682dcc95158,网络数据安全管理条例,中华人民共和国国务院,CN,zh,phase2_5\cn_network_data_security_regulation_2024.html,https://app.www.gov.cn/govdata/gov/202409/30/520076/article.html,,网络数据安全管理条例,6,10,8,"督管理
第四十七条
国家网信部门负责统筹协调网络数据安全和相关监督管理工作。
公安机关、国家安全机关依照有关法律、行政法规和本条例的规定，在各自职责范围内承担网络数据安全监督管理职责，依法防范和打击危害网络数据安全的违法犯罪活动。
国家数据管理部门在具体承担数据管理工作中履行相应的网络数据安全职责。
各地区、各部门对本地区、本部门工作中收集和产生的网络数据及网络数据安全负责。
第四十八条
各有关主管部门承担本行业、本领域网络数据安全监督管理职责，应当明确本行业、本领域网络数据安全保护工作机构，统筹制定并组织实施本行业、本领域网络数据安全事件应急预案，定期组织开展本行业、本领域网络数据安全风险评估，对网络数据处理者履行网络数据安全保护义务情况进行监督检查，指导督促网络数据处理者及时对存在的风险隐患进行整改。
第四十九条
国家网信部门统筹协调有关主管部门及时汇总、研判、共享、发布网络数据安全风险相关信息，加强网络数据安全信息共享、网络数据安全风险和威胁监测预警以及网络数据安全事件应急处置工作。
第五十条
有关主管部门可以采取下列措施对网络数据安全进行监督检查：
（一）要求网络数据处理者及其相关人员就监督检查事项作出说明；
（二）查阅、复制与网络数据安全有关的文件、记录；
（三）检查网络数据安全措施运行情况；
（四）检查与网络数据处理活动有关的设备、物品；
（五）法律、行政法规规定的其他必要措施。
网络数据处理者应当对有关主管部门依法开展的网络数据安全监督检查予以配合。
第五十一条
有关主管部门开展网络数据安全监督检查，应当客观公正，不得向被检查单位收取费用。
有关主管部门在网络数据安全监督检查中不得访问、收集与网络数据安全无关的业务信息，获取的信息只能用于维护网络数据安全的需要，不得用于其他用途。
有关主管部门发现网络数据处理者的网络数据处理活动存在较大安全风险的，可以按照规定的权限和程序要求网络数据处理者暂停相关服务、修改平台规则、完善技术措施等，消除网络数据安全隐患。
第五十二条
有关主管部门在开展网络数据安全监督检查时，应当加强协同配合、信息沟通，合理确定检查频次和检查方式，避免不必要的检查和交叉重复检查。
个人信息保护合规审计、重要数据风险评估、重要数据出境安全评估等应当加强衔接，避免重复评估、审计。重要数据风险评估和网络安全等级测评的内容重合的，相关结果可以互相采信。
第五十三条
有关主管部门及其工作人员对在履行职责中知悉的个人隐私、个人信息、商业秘密、保密商务信息等网络数据应当依法予以保密，不得泄露或者非法向他人提供。
第五十四条
境外的组织、个人从事危害中华人民共和国国家安全、公共利益，或者侵害中华人民共和国公民的个人信息权益的网络数据处理活动的，国家网信部门会同有关主管部门可以依法采取相应的必要措施。
第八章　法律责任
第五十五条",,
Q03,在境外处理中国境内自然人个人信息，哪些情况下《网络数据安全管理条例》适用？,zh,direct,phase2_5/cn_network_data_security_regulation_2024.html,a2517b07-e5dd-54b1-975e-460f7f010a61,1415b941-a535-5833-80b4-f682dcc95158,网络数据安全管理条例,中华人民共和国国务院,CN,zh,phase2_5\cn_network_data_security_regulation_2024.html,https://app.www.gov.cn/govdata/gov/202409/30/520076/article.html,,网络数据安全管理条例,9,7,9,"、商业秘密、保密商务信息等网络数据应当依法予以保密，不得泄露或者非法向他人提供。
第五十四条
境外的组织、个人从事危害中华人民共和国国家安全、公共利益，或者侵害中华人民共和国公民的个人信息权益的网络数据处理活动的，国家网信部门会同有关主管部门可以依法采取相应的必要措施。
第八章　法律责任
第五十五条
违反本条例第十二条、第十六条至第二十条、第二十二条、第四十条第一款和第二款、第四十一条、第四十二条规定的，由网信、电信、公安等主管部门依据各自职责责令改正，给予警告，没收违法所得；拒不改正或者情节严重的，处100万元以下罚款，并可以责令暂停相关业务、停业整顿、吊销相关业务许可证或者吊销营业执照，对直接负责的主管人员和其他直接责任人员可以处1万元以上10万元以下罚款。
第五十六条
违反本条例第十三条规定的，由网信、电信、公安、国家安全等主管部门依据各自职责责令改正，给予警告，可以并处10万元以上100万元以下罚款，对直接负责的主管人员和其他直接责任人员可以处1万元以上10万元以下罚款；拒不改正或者情节严重的，处100万元以上1000万元以下罚款，并可以责令暂停相关业务、停业整顿、吊销相关业务许可证或者吊销营业执照，对直接负责的主管人员和其他直接责任人员处10万元以上100万元以下罚款。
第五十七条
违反本条例第二十九条第二款、第三十条第二款和第三款、第三十一条、第三十二条规定的，由网信、电信、公安等主管部门依据各自职责责令改正，给予警告，可以并处5万元以上50万元以下罚款，对直接负责的主管人员和其他直接责任人员可以处1万元以上10万元以下罚款；拒不改正或者造成大量数据泄露等严重后果的，处50万元以上200万元以下罚款，并可以责令暂停相关业务、停业整顿、吊销相关业务许可证或者吊销营业执照，对直接负责的主管人员和其他直接责任人员处5万元以上20万元以下罚款。
第五十八条
违反本条例其他有关规定的，由有关主管部门依照《中华人民共和国网络安全法》、《中华人民共和国数据安全法》、《中华人民共和国个人信息保护法》等法律的有关规定追究法律责任。
第五十九条
网络数据处理者存在主动消除或者减轻违法行为危害后果、违法行为轻微并及时改正且没有造成危害后果或者初次违法且危害后果轻微并及时改正等情形的，依照《中华人民共和国行政处罚法》的规定从轻、减轻或者不予行政处罚。
第六十条
国家机关不履行本条例规定的网络数据安全保护义务的，由其上级机关或者有关主管部门责令改正；对直接负责的主管人员和其他直接责任人员依法给予处分。
第六十一条
违反本条例规定，给他人造成损害的，依法承担民事责任；构成违反治安管理行为的，依法给予治安管理处罚；构成犯罪的，依法追究刑事责任。
第九章　附　　则
第六十二条
本条例下列用语的含义：
（一）网络数据，是指通过网络处理和产生的各种电子数据。",,
Q03,在境外处理中国境内自然人个人信息，哪些情况下《网络数据安全管理条例》适用？,zh,direct,phase2_5/cn_network_data_security_regulation_2024.html,a6467e53-65f3-5817-a12e-013141941bce,1415b941-a535-5833-80b4-f682dcc95158,网络数据安全管理条例,中华人民共和国国务院,CN,zh,phase2_5\cn_network_data_security_regulation_2024.html,https://app.www.gov.cn/govdata/gov/202409/30/520076/article.html,,网络数据安全管理条例,8,9,10,"得超出评估时明确的数据出境目的、方式、范围和种类、规模等。
第三十九条
国家采取措施，防范、处置网络数据跨境安全风险和威胁。任何个人、组织不得提供专门用于破坏、避开技术措施的程序、工具等；明知他人从事破坏、避开技术措施等活动的，不得为其提供技术支持或者帮助。
第六章　网络平台服务提供者义务
第四十条
网络平台服务提供者应当通过平台规则或者合同等明确接入其平台的第三方产品和服务提供者的网络数据安全保护义务，督促第三方产品和服务提供者加强网络数据安全管理。
预装应用程序的智能终端等设备生产者，适用前款规定。
第三方产品和服务提供者违反法律、行政法规的规定或者平台规则、合同约定开展网络数据处理活动，对用户造成损害的，网络平台服务提供者、第三方产品和服务提供者、预装应用程序的智能终端等设备生产者应当依法承担相应责任。
国家鼓励保险公司开发网络数据损害赔偿责任险种，鼓励网络平台服务提供者、预装应用程序的智能终端等设备生产者投保。
第四十一条
提供应用程序分发服务的网络平台服务提供者，应当建立应用程序核验规则并开展网络数据安全相关核验。发现待分发或者已分发的应用程序不符合法律、行政法规的规定或者国家标准的强制性要求的，应当采取警示、不予分发、暂停分发或者终止分发等措施。
第四十二条
网络平台服务提供者通过自动化决策方式向个人进行信息推送的，应当设置易于理解、便于访问和操作的个性化推荐关闭选项，为用户提供拒绝接收推送信息、删除针对其个人特征的用户标签等功能。
第四十三条
国家推进网络身份认证公共服务建设，按照政府引导、用户自愿原则进行推广应用。
鼓励网络平台服务提供者支持用户使用国家网络身份认证公共服务登记、核验真实身份信息。
第四十四条
大型网络平台服务提供者应当每年度发布个人信息保护社会责任报告，报告内容包括但不限于个人信息保护措施和成效、个人行使权利的申请受理情况、主要由外部成员组成的个人信息保护监督机构履行职责情况等。
第四十五条
大型网络平台服务提供者跨境提供网络数据，应当遵守国家数据跨境安全管理要求，健全相关技术和管理措施，防范网络数据跨境安全风险。
第四十六条
大型网络平台服务提供者不得利用网络数据、算法以及平台规则等从事下列活动：
（一）通过误导、欺诈、胁迫等方式处理用户在平台上产生的网络数据；
（二）无正当理由限制用户访问、使用其在平台上产生的网络数据；
（三）对用户实施不合理的差别待遇，损害用户合法权益；
（四）法律、行政法规禁止的其他活动。
第七章　监督管理
第四十七条
国家网信部门负责统筹协调网络数据安全和相关监督管理工作。
公安机关、国家安全机关依照有关法律、行政法规和本条例的规定，在各自职责范围内承担网络数据安全监督管理职责，依法防范和打击危害网络数据安全的违法犯罪活动。
国家数据管理部门在具体承担数据管理工作中履行相应的网络数据安全职责。",,
Q07,“十四五”数字经济发展规划如何部署全国一体化算力网络、智能计算中心和人工智能服务？,zh,direct,phase2_5/cn_digital_economy_14th_fyp_2021.html,bfe4bc0f-702d-5258-8eeb-838c1297a188,50c9f3d3-f5ab-5f8f-8191-bd601d25cd73,“十四五”数字经济发展规划,中华人民共和国国务院,CN,zh,phase2_5\cn_digital_economy_14th_fyp_2021.html,https://www.miit.gov.cn/xwdt/szyw/art/2022/art_4ecc233a663b44329d0863e60b51192b.html,,国务院关于印发“十四五”数字经济发展规划的通知,2,1,1,"国务院关于印发“十四五”数字经济发展规划的通知
首页
>
新闻发布
>
时政要闻
国务院关于印发“十四五”数字经济发展规划的通知
发布时间：2022-01-12 17:55
来源：中国政府网
国发〔2021〕29号
各省、自治区、直辖市人民政府，国务院各部委、各直属机构：
现将《“十四五”数字经济发展规划》印发给你们，请认真贯彻执行。
国务院
2021年12月12日
（此件公开发布）
“十四五”数字经济发展规划
数字经济是继农业经济、工业经济之后的主要经济形态，是以数据资源为关键要素，以现代信息网络为主要载体，以信息通信技术融合应用、全要素数字化转型为重要推动力，促进公平与效率更加统一的新经济形态。数字经济发展速度之快、辐射范围之广、影响程度之深前所未有，正推动生产方式、生活方式和治理方式深刻变革，成为重组全球要素资源、重塑全球经济结构、改变全球竞争格局的关键力量。“十四五”时期，我国数字经济转向深化应用、规范发展、普惠共享的新阶段。为应对新形势新挑战，把握数字化发展新机遇，拓展经济发展新空间，推动我国数字经济健康发展，依据《中华人民共和国国民经济和社会发展第十四个五年规划和2035年远景目标纲要》，制定本规划。
一、发展现状和形势
（一）发展现状。
“十三五”时期，我国深入实施数字经济发展战略，不断完善数字基础设施，加快培育新业态新模式，推进数字产业化和产业数字化取得积极成效。2020年，我国数字经济核心产业增加值占国内生产总值（GDP）比重达到7.8%，数字经济为经济社会持续健康发展提供了强大动力。
信息基础设施全球领先。
建成全球规模最大的光纤和第四代移动通信（4G）网络，第五代移动通信（5G）网络建设和应用加速推进。宽带用户普及率明显提高，光纤用户占比超过94%，移动宽带用户普及率达到108%，互联网协议第六版（IPv6）活跃用户数达到4.6亿。
产业数字化转型稳步推进。
农业数字化全面推进。服务业数字化水平显著提高。工业数字化转型加速，工业企业生产设备数字化水平持续提升，更多企业迈上“云端”。
新业态新模式竞相发展。
数字技术与各行业加速融合，电子商务蓬勃发展，移动支付广泛普及，在线学习、远程会议、网络购物、视频直播等生产生活新方式加速推广，互联网平台日益壮大。
数字政府建设成效显著。
一体化政务服务和监管效能大幅度提升，“一网通办”、“最多跑一次”、“一网统管”、“一网协同”等服务管理新模式广泛普及，数字营商环境持续优化，在线政务服务水平跃居全球领先行列。
数字经济国际合作不断深化。
《二十国集团数字经济发展与合作倡议》等在全球赢得广泛共识，信息基础设施互联互通取得明显成效，“丝路电商”合作成果丰硕，我国数字经济领域平台企业加速出海，影响力和竞争力不断提升。",,
Q07,“十四五”数字经济发展规划如何部署全国一体化算力网络、智能计算中心和人工智能服务？,zh,direct,phase2_5/cn_digital_economy_14th_fyp_2021.html,e7f3fb25-4cb1-59ce-bf2c-7e84d51fe8f9,50c9f3d3-f5ab-5f8f-8191-bd601d25cd73,“十四五”数字经济发展规划,中华人民共和国国务院,CN,zh,phase2_5\cn_digital_economy_14th_fyp_2021.html,https://www.miit.gov.cn/xwdt/szyw/art/2022/art_4ecc233a663b44329d0863e60b51192b.html,,国务院关于印发“十四五”数字经济发展规划的通知,1,2,2,"效的带动作用显著增强。
——数字化公共服务更加普惠均等。
数字基础设施广泛融入生产生活，对政务服务、公共服务、民生保障、社会治理的支撑作用进一步凸显。数字营商环境更加优化，电子政务服务水平进一步提升，网络化、数字化、智慧化的利企便民服务体系不断完善，数字鸿沟加速弥合。
——数字经济治理体系更加完善。
协调统一的数字经济治理框架和规则体系基本建立，跨部门、跨地区的协同监管机制基本健全。政府数字化监管能力显著增强，行业和市场监管水平大幅提升。政府主导、多元参与、法治保障的数字经济治理格局基本形成，治理水平明显提升。与数字经济发展相适应的法律法规制度体系更加完善，数字经济安全体系进一步增强。
展望2035年，数字经济将迈向繁荣成熟期，力争形成统一公平、竞争有序、成熟完备的数字经济现代市场体系，数字经济发展基础、产业体系发展水平位居世界前列。
三、优化升级数字基础设施
（一）加快建设信息网络基础设施。
建设高速泛在、天地一体、云网融合、智能敏捷、绿色低碳、安全可控的智能化综合性数字信息基础设施。有序推进骨干网扩容，协同推进千兆光纤网络和5G网络基础设施建设，推动5G商用部署和规模应用，前瞻布局第六代移动通信（6G）网络技术储备，加大6G技术研发支持力度，积极参与推动6G国际标准化工作。积极稳妥推进空间信息基础设施演进升级，加快布局卫星通信网络等，推动卫星互联网建设。提高物联网在工业制造、农业生产、公共服务、应急管理等领域的覆盖水平，增强固移融合、宽窄结合的物联接入能力。
（二）推进云网协同和算网融合发展。
加快构建算力、算法、数据、应用资源协同的全国一体化大数据中心体系。在京津冀、长三角、粤港澳大湾区、成渝地区双城经济圈、贵州、内蒙古、甘肃、宁夏等地区布局全国一体化算力网络国家枢纽节点，建设数据中心集群，结合应用、产业等发展需求优化数据中心建设布局。加快实施“东数西算”工程，推进云网协同发展，提升数据中心跨网络、跨地域数据交互能力，加强面向特定场景的边缘计算能力，强化算力统筹和智能调度。按照绿色、低碳、集约、高效的原则，持续推进绿色数字中心建设，加快推进数据中心节能改造，持续提升数据中心可再生能源利用水平。推动智能计算中心有序发展，打造智能算力、通用算法和开发平台一体化的新型智能基础设施，面向政务服务、智慧城市、智能制造、自动驾驶、语言智能等重点新兴领域，提供体系化的人工智能服务。
（三）有序推进基础设施智能升级。",,
Q07,“十四五”数字经济发展规划如何部署全国一体化算力网络、智能计算中心和人工智能服务？,zh,direct,phase2_5/cn_digital_economy_14th_fyp_2021.html,225d7bcc-6a8e-516c-9cf0-aed502195730,50c9f3d3-f5ab-5f8f-8191-bd601d25cd73,“十四五”数字经济发展规划,中华人民共和国国务院,CN,zh,phase2_5\cn_digital_economy_14th_fyp_2021.html,https://www.miit.gov.cn/xwdt/szyw/art/2022/art_4ecc233a663b44329d0863e60b51192b.html,,国务院关于印发“十四五”数字经济发展规划的通知,,3,5,"制等多元化人才培养模式。制定实施数字技能提升专项培训计划，提高老年人、残障人士等运用数字技术的能力，切实解决老年人、残障人士面临的困难。提高公民网络文明素养，强化数字社会道德规范。鼓励将数字经济领域人才纳入各类人才计划支持范围，积极探索高效灵活的人才引进、培养、评价及激励政策。
（四）实施试点示范。
统筹推动数字经济试点示范，完善创新资源高效配置机制，构建引领性数字经济产业集聚高地。鼓励各地区、各部门积极探索适应数字经济发展趋势的改革举措，采取有效方式和管用措施，形成一批可复制推广的经验做法和制度性成果。支持各地区结合本地区实际情况，综合采取产业、财政、科研、人才等政策手段，不断完善与数字经济发展相适应的政策法规体系、公共服务体系、产业生态体系和技术创新体系。鼓励跨区域交流合作，适时总结推广各类示范区经验，加强标杆示范引领，形成以点带面的良好局面。
（五）强化监测评估。
各地区、各部门要结合本地区、本行业实际，抓紧制定出台相关配套政策并推动落地。要加强对规划落实情况的跟踪监测和成效分析，抓好重大任务推进实施，及时总结工作进展。国家发展改革委、中央网信办、工业和信息化部要会同有关部门加强调查研究和督促指导，适时组织开展评估，推动各项任务落实到位，重大事项及时向国务院报告。
【返回顶部】
【关闭窗口】
【打印本页】",,
Q07,“十四五”数字经济发展规划如何部署全国一体化算力网络、智能计算中心和人工智能服务？,zh,direct,phase2_5/cn_digital_economy_14th_fyp_2021.html,43d4b14a-3a3f-598d-a4b8-df41048e2fd0,50c9f3d3-f5ab-5f8f-8191-bd601d25cd73,“十四五”数字经济发展规划,中华人民共和国国务院,CN,zh,phase2_5\cn_digital_economy_14th_fyp_2021.html,https://www.miit.gov.cn/xwdt/szyw/art/2022/art_4ecc233a663b44329d0863e60b51192b.html,,国务院关于印发“十四五”数字经济发展规划的通知,3,8,3,"“一网协同”等服务管理新模式广泛普及，数字营商环境持续优化，在线政务服务水平跃居全球领先行列。
数字经济国际合作不断深化。
《二十国集团数字经济发展与合作倡议》等在全球赢得广泛共识，信息基础设施互联互通取得明显成效，“丝路电商”合作成果丰硕，我国数字经济领域平台企业加速出海，影响力和竞争力不断提升。
与此同时，我国数字经济发展也面临一些问题和挑战：关键领域创新能力不足，产业链供应链受制于人的局面尚未根本改变；不同行业、不同区域、不同群体间数字鸿沟未有效弥合，甚至有进一步扩大趋势；数据资源规模庞大，但价值潜力还没有充分释放；数字经济治理体系需进一步完善。
（二）面临形势。
当前，新一轮科技革命和产业变革深入发展，数字化转型已经成为大势所趋，受内外部多重因素影响，我国数字经济发展面临的形势正在发生深刻变化。
发展数字经济是把握新一轮科技革命和产业变革新机遇的战略选择。
数字经济是数字时代国家综合实力的重要体现，是构建现代化经济体系的重要引擎。世界主要国家均高度重视发展数字经济，纷纷出台战略规划，采取各种举措打造竞争新优势，重塑数字时代的国际新格局。
数据要素是数字经济深化发展的核心引擎。
数据对提高生产效率的乘数作用不断凸显，成为最具时代特征的生产要素。数据的爆发增长、海量集聚蕴藏了巨大的价值，为智能化发展带来了新的机遇。协同推进技术、模式、业态和制度创新，切实用好数据要素，将为经济社会数字化发展带来强劲动力。
数字化服务是满足人民美好生活需要的重要途径。
数字化方式正有效打破时空阻隔，提高有限资源的普惠化水平，极大地方便群众生活，满足多样化个性化需要。数字经济发展正在让广大群众享受到看得见、摸得着的实惠。
规范健康可持续是数字经济高质量发展的迫切要求。
我国数字经济规模快速扩张，但发展不平衡、不充分、不规范的问题较为突出，迫切需要转变传统发展方式，加快补齐短板弱项，提高我国数字经济治理水平，走出一条高质量发展道路。
二、总体要求
（一）指导思想。
以习近平新时代中国特色社会主义思想为指导，全面贯彻党的十九大和十九届历次全会精神，立足新发展阶段，完整、准确、全面贯彻新发展理念，构建新发展格局，推动高质量发展，统筹发展和安全、统筹国内和国际，以数据为关键要素，以数字技术与实体经济深度融合为主线，加强数字基础设施建设，完善数字经济治理体系，协同推进数字产业化和产业数字化，赋能传统产业转型升级，培育新产业新业态新模式，不断做强做优做大我国数字经济，为构建数字中国提供有力支撑。
（二）基本原则。
坚持创新引领、融合发展。
坚持把创新作为引领发展的第一动力，突出科技自立自强的战略支撑作用，促进数字技术向经济社会和产业发展各领域广泛深入渗透，推进数字技术、应用场景和商业模式融合创新，形成以技术发展促进全要素生产率提升、以领域应用带动技术进步的发展格局。",,
Q07,“十四五”数字经济发展规划如何部署全国一体化算力网络、智能计算中心和人工智能服务？,zh,direct,phase2_5/cn_digital_economy_14th_fyp_2021.html,02a9b78a-eff4-56fb-af88-76c24dcf3927,50c9f3d3-f5ab-5f8f-8191-bd601d25cd73,“十四五”数字经济发展规划,中华人民共和国国务院,CN,zh,phase2_5\cn_digital_economy_14th_fyp_2021.html,https://www.miit.gov.cn/xwdt/szyw/art/2022/art_4ecc233a663b44329d0863e60b51192b.html,,国务院关于印发“十四五”数字经济发展规划的通知,,4,6,"生活服务领域的应用，拓展创新、生产、供应链等资源共享新空间。发展基于数字技术的智能经济，加快优化智能化产品和服务运营，培育智慧销售、无人配送、智能制造、反向定制等新增长点。完善多元价值传递和贡献分配体系，有序引导多样化社交、短视频、知识分享等新型就业创业平台发展。
（四）营造繁荣有序的产业创新生态。
发挥数字经济领军企业的引领带动作用，加强资源共享和数据开放，推动线上线下相结合的创新协同、产能共享、供应链互通。鼓励开源社区、开发者平台等新型协作平台发展，培育大中小企业和社会开发者开放协作的数字产业创新生态，带动创新型企业快速壮大。以园区、行业、区域为整体推进产业创新服务平台建设，强化技术研发、标准制修订、测试评估、应用培训、创业孵化等优势资源汇聚，提升产业创新服务支撑水平。
七、持续提升公共服务数字化水平
（一）提高“互联网+政务服务”效能。
全面提升全国一体化政务服务平台功能，加快推进政务服务标准化、规范化、便利化，持续提升政务服务数字化、智能化水平，实现利企便民高频服务事项“一网通办”。建立健全政务数据共享协调机制，加快数字身份统一认证和电子证照、电子签章、电子公文等互信互认，推进发票电子化改革，促进政务数据共享、流程优化和业务协同。推动政务服务线上线下整体联动、全流程在线、向基层深度拓展，提升服务便利化、共享化水平。开展政务数据与业务、服务深度融合创新，增强基于大数据的事项办理需求预测能力，打造主动式、多层次创新服务场景。聚焦公共卫生、社会安全、应急管理等领域，深化数字技术应用，实现重大突发公共事件的快速响应和联动处置。
（二）提升社会服务数字化普惠水平。
加快推动文化教育、医疗健康、会展旅游、体育健身等领域公共服务资源数字化供给和网络化服务，促进优质资源共享复用。充分运用新型数字技术，强化就业、养老、儿童福利、托育、家政等民生领域供需对接，进一步优化资源配置。发展智慧广电网络，加快推进全国有线电视网络整合和升级改造。深入开展电信普遍服务试点，提升农村及偏远地区网络覆盖水平。加强面向革命老区、民族地区、边疆地区、脱贫地区的远程服务，拓展教育、医疗、社保、对口帮扶等服务内容，助力基本公共服务均等化。加强信息无障碍建设，提升面向特殊群体的数字化社会服务能力。促进社会服务和数字平台深度融合，探索多领域跨界合作，推动医养结合、文教结合、体医结合、文旅融合。
（三）推动数字城乡融合发展。",,
Q07,“十四五”数字经济发展规划如何部署全国一体化算力网络、智能计算中心和人工智能服务？,zh,direct,phase2_5/cn_digital_economy_14th_fyp_2021.html,11262ef3-8348-5b69-9456-4115a3772a67,50c9f3d3-f5ab-5f8f-8191-bd601d25cd73,“十四五”数字经济发展规划,中华人民共和国国务院,CN,zh,phase2_5\cn_digital_economy_14th_fyp_2021.html,https://www.miit.gov.cn/xwdt/szyw/art/2022/art_4ecc233a663b44329d0863e60b51192b.html,,国务院关于印发“十四五”数字经济发展规划的通知,10,5,4,"持续推进绿色数字中心建设，加快推进数据中心节能改造，持续提升数据中心可再生能源利用水平。推动智能计算中心有序发展，打造智能算力、通用算法和开发平台一体化的新型智能基础设施，面向政务服务、智慧城市、智能制造、自动驾驶、语言智能等重点新兴领域，提供体系化的人工智能服务。
（三）有序推进基础设施智能升级。
稳步构建智能高效的融合基础设施，提升基础设施网络化、智能化、服务化、协同化水平。高效布局人工智能基础设施，提升支撑“智能＋”发展的行业赋能能力。推动农林牧渔业基础设施和生产装备智能化改造，推进机器视觉、机器学习等技术应用。建设可靠、灵活、安全的工业互联网基础设施，支撑制造资源的泛在连接、弹性供给和高效配置。加快推进能源、交通运输、水利、物流、环保等领域基础设施数字化改造。推动新型城市基础设施建设，提升市政公用设施和建筑智能化水平。构建先进普惠、智能协作的生活服务数字化融合设施。在基础设施智能升级过程中，充分满足老年人等群体的特殊需求，打造智慧共享、和睦共治的新型数字生活。
四、充分发挥数据要素作用
（一）强化高质量数据要素供给。
支持市场主体依法合规开展数据采集，聚焦数据的标注、清洗、脱敏、脱密、聚合、分析等环节，提升数据资源处理能力，培育壮大数据服务产业。推动数据资源标准体系建设，提升数据管理水平和数据质量，探索面向业务应用的共享、交换、协作和开放。加快推动各领域通信协议兼容统一，打破技术和协议壁垒，努力实现互通互操作，形成完整贯通的数据链。推动数据分类分级管理，强化数据安全风险评估、监测预警和应急处置。深化政务数据跨层级、跨地域、跨部门有序共享。建立健全国家公共数据资源体系，统筹公共数据资源开发利用，推动基础公共数据安全有序开放，构建统一的国家公共数据开放平台和开发利用端口，提升公共数据开放水平，释放数据红利。
（二）加快数据要素市场化流通。
加快构建数据要素市场规则，培育市场主体、完善治理体系，促进数据要素市场流通。鼓励市场主体探索数据资产定价机制，推动形成数据资产目录，逐步完善数据定价体系。规范数据交易管理，培育规范的数据交易平台和市场主体，建立健全数据资产评估、登记结算、交易撮合、争议仲裁等市场运营体系，提升数据交易效率。严厉打击数据黑市交易，营造安全有序的市场环境。
（三）创新数据要素开发利用机制。",,
Q07,“十四五”数字经济发展规划如何部署全国一体化算力网络、智能计算中心和人工智能服务？,zh,direct,phase2_5/cn_digital_economy_14th_fyp_2021.html,40734300-f686-5c76-b64f-928d91e8f077,7bfce756-cb53-55d0-bb79-5aa128f1a796,生成式人工智能服务管理暂行办法,国家互联网信息办公室等七部门,CN,zh,phase2_5\cn_genai_interim_measures_2023.html,https://www.cac.gov.cn/2023-07/13/c_1690898327029107.htm,,生成式人工智能服务管理暂行办法_中央网络安全和信息化委员会办公室,4,,7,"生成式人工智能服务管理暂行办法_中央网络安全和信息化委员会办公室
设为首页
加入收藏
手机版
繁体
搜索
首 页
时政要闻
网信政务
互动服务
热点专题
当前位置：
首页
>
正文
首页
时政要闻
网信政务
互动服务
热点专题
生成式人工智能服务管理暂行办法
2023年07月13日 15:00
来源：
 中国网信网
【打印】
【纠错】
国家互联网信息办公室
中华人民共和国国家发展和改革委员会
中华人民共和国教育部
中华人民共和国科学技术部
中华人民共和国工业和信息化部
中华人民共和国公安部
国家广播电视总局
令
第15号
《生成式人工智能服务管理暂行办法》已经2023年5月23日国家互联网信息办公室2023年第12次室务会会议审议通过，并经国家发展和改革委员会、教育部、科学技术部、工业和信息化部、公安部、国家广播电视总局同意，现予公布，自2023年8月15日起施行。
国家互联网信息办公室主任 庄荣文
国家发展和改革委员会主任 郑栅洁
教育部部长 怀进鹏
科学技术部部长 王志刚
工业和信息化部部长 金壮龙
公安部部长 王小洪
国家广播电视总局局长 曹淑敏
2023年7月10日
生成式人工智能服务管理暂行办法
第一章 总　则
第一条
为了促进生成式人工智能健康发展和规范应用，维护国家安全和社会公共利益，保护公民、法人和其他组织的合法权益，根据《中华人民共和国网络安全法》、《中华人民共和国数据安全法》、《中华人民共和国个人信息保护法》、《中华人民共和国科学技术进步法》等法律、行政法规，制定本办法。
第二条
利用生成式人工智能技术向中华人民共和国境内公众提供生成文本、图片、音频、视频等内容的服务（以下称生成式人工智能服务），适用本办法。
国家对利用生成式人工智能服务从事新闻出版、影视制作、文艺创作等活动另有规定的，从其规定。
行业组织、企业、教育和科研机构、公共文化机构、有关专业机构等研发、应用生成式人工智能技术，未向境内公众提供生成式人工智能服务的，不适用本办法的规定。
第三条
国家坚持发展和安全并重、促进创新和依法治理相结合的原则，采取有效措施鼓励生成式人工智能创新发展，对生成式人工智能服务实行包容审慎和分类分级监管。
第四条
提供和使用生成式人工智能服务，应当遵守法律、行政法规，尊重社会公德和伦理道德，遵守以下规定：
（一）坚持社会主义核心价值观，不得生成煽动颠覆国家政权、推翻社会主义制度，危害国家安全和利益、损害国家形象，煽动分裂国家、破坏国家统一和社会稳定，宣扬恐怖主义、极端主义，宣扬民族仇恨、民族歧视，暴力、淫秽色情，以及虚假有害信息等法律、行政法规禁止的内容；
（二）在算法设计、训练数据选择、模型生成和优化、提供服务等过程中，采取有效措施防止产生民族、信仰、国别、地域、性别、年龄、职业、健康等歧视；",,
Q07,“十四五”数字经济发展规划如何部署全国一体化算力网络、智能计算中心和人工智能服务？,zh,direct,phase2_5/cn_digital_economy_14th_fyp_2021.html,e901875f-d265-5512-896f-74e718b9a082,50c9f3d3-f5ab-5f8f-8191-bd601d25cd73,“十四五”数字经济发展规划,中华人民共和国国务院,CN,zh,phase2_5\cn_digital_economy_14th_fyp_2021.html,https://www.miit.gov.cn/xwdt/szyw/art/2022/art_4ecc233a663b44329d0863e60b51192b.html,,国务院关于印发“十四五”数字经济发展规划的通知,5,,8,"境光缆建设合作，保障网络基础设施互联互通。构建基于区块链的可信服务网络和应用支撑平台，为广泛开展数字经济合作提供基础保障。推动数据存储、智能计算等新兴服务能力全球化发展。加大金融、物流、电子商务等领域的合作模式创新，支持我国数字经济企业“走出去”，积极参与国际合作。
（三）积极构建良好国际合作环境。
倡导构建和平、安全、开放、合作、有序的网络空间命运共同体，积极维护网络空间主权，加强网络空间国际合作。加快研究制定符合我国国情的数字经济相关标准和治理规则。依托双边和多边合作机制，开展数字经济标准国际协调和数字经济治理合作。积极借鉴国际规则和经验，围绕数据跨境流动、市场准入、反垄断、数字人民币、数据隐私保护等重大问题探索建立治理规则。深化政府间数字经济政策交流对话，建立多边数字经济合作伙伴关系，主动参与国际组织数字经济议题谈判，拓展前沿领域合作。构建商事协调、法律顾问、知识产权等专业化中介服务机制和公共服务平台，防范各类涉外经贸法律风险，为出海企业保驾护航。
十一、保障措施
（一）加强统筹协调和组织实施。
建立数字经济发展部际协调机制，加强形势研判，协调解决重大问题，务实推进规划的贯彻实施。各地方要立足本地区实际，健全工作推进协调机制，增强发展数字经济本领，推动数字经济更好服务和融入新发展格局。进一步加强对数字经济发展政策的解读与宣传，深化数字经济理论和实践研究，完善统计测度和评价体系。各部门要充分整合现有资源，加强跨部门协调沟通，有效调动各方面的积极性。
（二）加大资金支持力度。
加大对数字经济薄弱环节的投入，突破制约数字经济发展的短板与瓶颈，建立推动数字经济发展的长效机制。拓展多元投融资渠道，鼓励企业开展技术创新。鼓励引导社会资本设立市场化运作的数字经济细分领域基金，支持符合条件的数字经济企业进入多层次资本市场进行融资，鼓励银行业金融机构创新产品和服务，加大对数字经济核心产业的支持力度。加强对各类资金的统筹引导，提升投资质量和效益。
（三）提升全民数字素养和技能。
实施全民数字素养与技能提升计划，扩大优质数字资源供给，鼓励公共数字资源更大范围向社会开放。推进中小学信息技术课程建设，加强职业院校（含技工院校）数字技术技能类人才培养，深化数字经济领域新工科、新文科建设，支持企业与院校共建一批现代产业学院、联合实验室、实习基地等，发展订单制、现代学徒制等多元化人才培养模式。制定实施数字技能提升专项培训计划，提高老年人、残障人士等运用数字技术的能力，切实解决老年人、残障人士面临的困难。提高公民网络文明素养，强化数字社会道德规范。鼓励将数字经济领域人才纳入各类人才计划支持范围，积极探索高效灵活的人才引进、培养、评价及激励政策。
（四）实施试点示范。",,
Q07,“十四五”数字经济发展规划如何部署全国一体化算力网络、智能计算中心和人工智能服务？,zh,direct,phase2_5/cn_digital_economy_14th_fyp_2021.html,321c93ae-c7c9-5623-98de-bf36703c2bcb,66fb6cf6-d5ec-5183-9cf5-2aee221c176a,“十四五”智能制造发展规划,工业和信息化部等八部门,CN,zh,phase2_5\cn_intelligent_manufacturing_14th_fyp_2021.pdf,https://www.miit.gov.cn/jgsj/ghs/zlygh/art/2022/art_c201cab037444d5c94921a53614332f9.html,Page 1,,,6,9,"1
关于印发“十四五”智能制造发展规划的通知
工信部联规〔2021〕207 号
各省、自治区、直辖市、计划单列市及新疆生产建设兵团工业和信息化、发展改
革、教育、科技、财政、人力资源社会保障、市场监管、国资主管部门，各中央
企业，各有关单位：
现将《“十四五”智能制造发展规划》印发给你们，请结合实际，认
真贯彻实施。
工业和信息化部
国家发展和改革委员会
教育部
科学技术部
财政部
人力资源和社会保障部
国家市场监督管理总局
国务院国有资产监督管理委员会
2021 年 12 月 21 日
智能制造是制造强国建设的主攻方向，其发展程度直接关乎我国制造
业质量水平。发展智能制造对于巩固实体经济根基、建成现代产业体系、
实现新型工业化具有重要作用。为贯彻落实《中华人民共和国国民经济和
社会发展第十四个五年规划和 2035 年远景目标纲要》，加快推动智能制
造发展，编制本规划。
一、现状与形势
近十年来，通过产学研用协同创新、行业企业示范应用、央地联合统
筹推进，我国智能制造发展取得长足进步。供给能力不断提升，智能制造",,
Q07,“十四五”数字经济发展规划如何部署全国一体化算力网络、智能计算中心和人工智能服务？,zh,direct,phase2_5/cn_digital_economy_14th_fyp_2021.html,d380aa57-06da-54d0-9152-7f3b9aa63551,1415b941-a535-5833-80b4-f682dcc95158,网络数据安全管理条例,中华人民共和国国务院,CN,zh,phase2_5\cn_network_data_security_regulation_2024.html,https://app.www.gov.cn/govdata/gov/202409/30/520076/article.html,,网络数据安全管理条例,6,,10,"网络数据安全管理条例
网络数据安全管理条例
中国政府网
2024-09-30
中华人民共和国国务院令
第790号
《网络数据安全管理条例》已经2024年8月30日国务院第40次常务会议通过，现予公布，自2025年1月1日起施行。
总理 李强
2024年9月24日
网络数据安全管理条例
第一章　总　　则
第一条
为了规范网络数据处理活动，保障网络数据安全，促进网络数据依法合理有效利用，保护个人、组织的合法权益，维护国家安全和公共利益，根据《中华人民共和国网络安全法》、《中华人民共和国数据安全法》、《中华人民共和国个人信息保护法》等法律，制定本条例。
第二条
在中华人民共和国境内开展网络数据处理活动及其安全监督管理，适用本条例。
在中华人民共和国境外处理中华人民共和国境内自然人个人信息的活动，符合《中华人民共和国个人信息保护法》第三条第二款规定情形的，也适用本条例。
在中华人民共和国境外开展网络数据处理活动，损害中华人民共和国国家安全、公共利益或者公民、组织合法权益的，依法追究法律责任。
第三条
网络数据安全管理工作坚持中国共产党的领导，贯彻总体国家安全观，统筹促进网络数据开发利用与保障网络数据安全。
第四条
国家鼓励网络数据在各行业、各领域的创新应用，加强网络数据安全防护能力建设，支持网络数据相关技术、产品、服务创新，开展网络数据安全宣传教育和人才培养，促进网络数据开发利用和产业发展。
第五条
国家根据网络数据在经济社会发展中的重要程度，以及一旦遭到篡改、破坏、泄露或者非法获取、非法利用，对国家安全、公共利益或者个人、组织合法权益造成的危害程度，对网络数据实行分类分级保护。
第六条
国家积极参与网络数据安全相关国际规则和标准的制定，促进国际交流与合作。
第七条
国家支持相关行业组织按照章程，制定网络数据安全行为规范，加强行业自律，指导会员加强网络数据安全保护，提高网络数据安全保护水平，促进行业健康发展。
第二章　一般规定
第八条
任何个人、组织不得利用网络数据从事非法活动，不得从事窃取或者以其他非法方式获取网络数据、非法出售或者非法向他人提供网络数据等非法网络数据处理活动。
任何个人、组织不得提供专门用于从事前款非法活动的程序、工具；明知他人从事前款非法活动的，不得为其提供互联网接入、服务器托管、网络存储、通讯传输等技术支持，或者提供广告推广、支付结算等帮助。
第九条
网络数据处理者应当依照法律、行政法规的规定和国家标准的强制性要求，在网络安全等级保护的基础上，加强网络数据安全防护，建立健全网络数据安全管理制度，采取加密、备份、访问控制、安全认证等技术措施和其他必要措施，保护网络数据免遭篡改、破坏、泄露或者非法获取、非法利用，处置网络数据安全事件，防范针对和利用网络数据实施的违法犯罪活动，并对所处理网络数据的安全承担主体责任。
第十条",,
Q07,“十四五”数字经济发展规划如何部署全国一体化算力网络、智能计算中心和人工智能服务？,zh,direct,phase2_5/cn_digital_economy_14th_fyp_2021.html,8daa708c-4dc2-5fdb-b742-f6c2cd980f9b,50c9f3d3-f5ab-5f8f-8191-bd601d25cd73,“十四五”数字经济发展规划,中华人民共和国国务院,CN,zh,phase2_5\cn_digital_economy_14th_fyp_2021.html,https://www.miit.gov.cn/xwdt/szyw/art/2022/art_4ecc233a663b44329d0863e60b51192b.html,,国务院关于印发“十四五”数字经济发展规划的通知,7,,,"建数字中国提供有力支撑。
（二）基本原则。
坚持创新引领、融合发展。
坚持把创新作为引领发展的第一动力，突出科技自立自强的战略支撑作用，促进数字技术向经济社会和产业发展各领域广泛深入渗透，推进数字技术、应用场景和商业模式融合创新，形成以技术发展促进全要素生产率提升、以领域应用带动技术进步的发展格局。
坚持应用牵引、数据赋能。
坚持以数字化发展为导向，充分发挥我国海量数据、广阔市场空间和丰富应用场景优势，充分释放数据要素价值，激活数据要素潜能，以数据流促进生产、分配、流通、消费各个环节高效贯通，推动数据技术产品、应用范式、商业模式和体制机制协同创新。
坚持公平竞争、安全有序。
突出竞争政策基础地位，坚持促进发展和监管规范并重，健全完善协同监管规则制度，强化反垄断和防止资本无序扩张，推动平台经济规范健康持续发展，建立健全适应数字经济发展的市场监管、宏观调控、政策法规体系，牢牢守住安全底线。
坚持系统推进、协同高效。
充分发挥市场在资源配置中的决定性作用，构建经济社会各主体多元参与、协同联动的数字经济发展新机制。结合我国产业结构和资源禀赋，发挥比较优势，系统谋划、务实推进，更好发挥政府在数字经济发展中的作用。
（三）发展目标。
到2025年，数字经济迈向全面扩展期，数字经济核心产业增加值占GDP比重达到10%，数字化创新引领发展能力大幅提升，智能化水平明显增强，数字技术与实体经济融合取得显著成效，数字经济治理体系更加完善，我国数字经济竞争力和影响力稳步提升。
——数据要素市场体系初步建立。
数据资源体系基本建成，利用数据资源推动研发、生产、流通、服务、消费全价值链协同。数据要素市场化建设成效显现，数据确权、定价、交易有序开展，探索建立与数据要素价值和贡献相适应的收入分配机制，激发市场主体创新活力。
——产业数字化转型迈上新台阶。
农业数字化转型快速推进，制造业数字化、网络化、智能化更加深入，生产性服务业融合发展加速普及，生活性服务业多元化拓展显著加快，产业数字化转型的支撑服务体系基本完备，在数字化转型过程中推进绿色发展。
——数字产业化水平显著提升。
数字技术自主创新能力显著提升，数字化产品和服务供给质量大幅提高，产业核心竞争力明显增强，在部分领域形成全球领先优势。新产业新业态新模式持续涌现、广泛普及，对实体经济提质增效的带动作用显著增强。
——数字化公共服务更加普惠均等。
数字基础设施广泛融入生产生活，对政务服务、公共服务、民生保障、社会治理的支撑作用进一步凸显。数字营商环境更加优化，电子政务服务水平进一步提升，网络化、数字化、智慧化的利企便民服务体系不断完善，数字鸿沟加速弥合。
——数字经济治理体系更加完善。",,
Q07,“十四五”数字经济发展规划如何部署全国一体化算力网络、智能计算中心和人工智能服务？,zh,direct,phase2_5/cn_digital_economy_14th_fyp_2021.html,d26efcff-5d90-5ada-b550-d9a5e40c9d50,50c9f3d3-f5ab-5f8f-8191-bd601d25cd73,“十四五”数字经济发展规划,中华人民共和国国务院,CN,zh,phase2_5\cn_digital_economy_14th_fyp_2021.html,https://www.miit.gov.cn/xwdt/szyw/art/2022/art_4ecc233a663b44329d0863e60b51192b.html,,国务院关于印发“十四五”数字经济发展规划的通知,,7,,"化、市场化服务水平。支持实体消费场所建设数字化消费新场景，推广智慧导览、智能导流、虚实交互体验、非接触式服务等应用，提升场景消费体验。培育一批新型消费示范城市和领先企业，打造数字产品服务展示交流和技能培训中心，培养全民数字消费意识和习惯。
八、健全完善数字经济治理体系
（一）强化协同治理和监管机制。
规范数字经济发展，坚持发展和监管两手抓。探索建立与数字经济持续健康发展相适应的治理方式，制定更加灵活有效的政策措施，创新协同治理模式。明晰主管部门、监管机构职责，强化跨部门、跨层级、跨区域协同监管，明确监管范围和统一规则，加强分工合作与协调配合。深化“放管服”改革，优化营商环境，分类清理规范不适应数字经济发展需要的行政许可、资质资格等事项，进一步释放市场主体创新活力和内生动力。鼓励和督促企业诚信经营，强化以信用为基础的数字经济市场监管，建立完善信用档案，推进政企联动、行业联动的信用共享共治。加强征信建设，提升征信服务供给能力。加快建立全方位、多层次、立体化监管体系，实现事前事中事后全链条全领域监管，完善协同会商机制，有效打击数字经济领域违法犯罪行为。加强跨部门、跨区域分工协作，推动监管数据采集和共享利用，提升监管的开放、透明、法治水平。探索开展跨场景跨业务跨部门联合监管试点，创新基于新技术手段的监管模式，建立健全触发式监管机制。加强税收监管和税务稽查。
（二）增强政府数字化治理能力。
加大政务信息化建设统筹力度，强化政府数字化治理和服务能力建设，有效发挥对规范市场、鼓励创新、保护消费者权益的支撑作用。建立完善基于大数据、人工智能、区块链等新技术的统计监测和决策分析体系，提升数字经济治理的精准性、协调性和有效性。推进完善风险应急响应处置流程和机制，强化重大问题研判和风险预警，提升系统性风险防范水平。探索建立适应平台经济特点的监管机制，推动线上线下监管有效衔接，强化对平台经营者及其行为的监管。
（三）完善多元共治新格局。
建立完善政府、平台、企业、行业组织和社会公众多元参与、有效协同的数字经济治理新格局，形成治理合力，鼓励良性竞争，维护公平有效市场。加快健全市场准入制度、公平竞争审查机制，完善数字经济公平竞争监管制度，预防和制止滥用行政权力排除限制竞争。进一步明确平台企业主体责任和义务，推进行业服务标准建设和行业自律，保护平台从业人员和消费者合法权益。开展社会监督、媒体监督、公众监督，培育多元治理、协调发展新生态。鼓励建立争议在线解决机制和渠道，制定并公示争议解决规则。引导社会各界积极参与推动数字经济治理，加强和改进反垄断执法，畅通多元主体诉求表达、权益保障渠道，及时化解矛盾纠纷，维护公众利益和社会稳定。
九、着力强化数字经济安全体系
（一）增强网络安全防护能力。",,
Q07,“十四五”数字经济发展规划如何部署全国一体化算力网络、智能计算中心和人工智能服务？,zh,direct,phase2_5/cn_digital_economy_14th_fyp_2021.html,e5985d94-0a36-55f8-b372-430e82bc766a,1415b941-a535-5833-80b4-f682dcc95158,网络数据安全管理条例,中华人民共和国国务院,CN,zh,phase2_5\cn_network_data_security_regulation_2024.html,https://app.www.gov.cn/govdata/gov/202409/30/520076/article.html,,网络数据安全管理条例,8,,,"督管理
第四十七条
国家网信部门负责统筹协调网络数据安全和相关监督管理工作。
公安机关、国家安全机关依照有关法律、行政法规和本条例的规定，在各自职责范围内承担网络数据安全监督管理职责，依法防范和打击危害网络数据安全的违法犯罪活动。
国家数据管理部门在具体承担数据管理工作中履行相应的网络数据安全职责。
各地区、各部门对本地区、本部门工作中收集和产生的网络数据及网络数据安全负责。
第四十八条
各有关主管部门承担本行业、本领域网络数据安全监督管理职责，应当明确本行业、本领域网络数据安全保护工作机构，统筹制定并组织实施本行业、本领域网络数据安全事件应急预案，定期组织开展本行业、本领域网络数据安全风险评估，对网络数据处理者履行网络数据安全保护义务情况进行监督检查，指导督促网络数据处理者及时对存在的风险隐患进行整改。
第四十九条
国家网信部门统筹协调有关主管部门及时汇总、研判、共享、发布网络数据安全风险相关信息，加强网络数据安全信息共享、网络数据安全风险和威胁监测预警以及网络数据安全事件应急处置工作。
第五十条
有关主管部门可以采取下列措施对网络数据安全进行监督检查：
（一）要求网络数据处理者及其相关人员就监督检查事项作出说明；
（二）查阅、复制与网络数据安全有关的文件、记录；
（三）检查网络数据安全措施运行情况；
（四）检查与网络数据处理活动有关的设备、物品；
（五）法律、行政法规规定的其他必要措施。
网络数据处理者应当对有关主管部门依法开展的网络数据安全监督检查予以配合。
第五十一条
有关主管部门开展网络数据安全监督检查，应当客观公正，不得向被检查单位收取费用。
有关主管部门在网络数据安全监督检查中不得访问、收集与网络数据安全无关的业务信息，获取的信息只能用于维护网络数据安全的需要，不得用于其他用途。
有关主管部门发现网络数据处理者的网络数据处理活动存在较大安全风险的，可以按照规定的权限和程序要求网络数据处理者暂停相关服务、修改平台规则、完善技术措施等，消除网络数据安全隐患。
第五十二条
有关主管部门在开展网络数据安全监督检查时，应当加强协同配合、信息沟通，合理确定检查频次和检查方式，避免不必要的检查和交叉重复检查。
个人信息保护合规审计、重要数据风险评估、重要数据出境安全评估等应当加强衔接，避免重复评估、审计。重要数据风险评估和网络安全等级测评的内容重合的，相关结果可以互相采信。
第五十三条
有关主管部门及其工作人员对在履行职责中知悉的个人隐私、个人信息、商业秘密、保密商务信息等网络数据应当依法予以保密，不得泄露或者非法向他人提供。
第五十四条
境外的组织、个人从事危害中华人民共和国国家安全、公共利益，或者侵害中华人民共和国公民的个人信息权益的网络数据处理活动的，国家网信部门会同有关主管部门可以依法采取相应的必要措施。
第八章　法律责任
第五十五条",,
Q07,“十四五”数字经济发展规划如何部署全国一体化算力网络、智能计算中心和人工智能服务？,zh,direct,phase2_5/cn_digital_economy_14th_fyp_2021.html,61fa40d8-8439-5fbd-adb7-93a49ed17501,50c9f3d3-f5ab-5f8f-8191-bd601d25cd73,“十四五”数字经济发展规划,中华人民共和国国务院,CN,zh,phase2_5\cn_digital_economy_14th_fyp_2021.html,https://www.miit.gov.cn/xwdt/szyw/art/2022/art_4ecc233a663b44329d0863e60b51192b.html,,国务院关于印发“十四五”数字经济发展规划的通知,,9,,"革命老区、民族地区、边疆地区、脱贫地区的远程服务，拓展教育、医疗、社保、对口帮扶等服务内容，助力基本公共服务均等化。加强信息无障碍建设，提升面向特殊群体的数字化社会服务能力。促进社会服务和数字平台深度融合，探索多领域跨界合作，推动医养结合、文教结合、体医结合、文旅融合。
（三）推动数字城乡融合发展。
统筹推动新型智慧城市和数字乡村建设，协同优化城乡公共服务。深化新型智慧城市建设，推动城市数据整合共享和业务协同，提升城市综合管理服务能力，完善城市信息模型平台和运行管理服务平台，因地制宜构建数字孪生城市。加快城市智能设施向乡村延伸覆盖，完善农村地区信息化服务供给，推进城乡要素双向自由流动，合理配置公共资源，形成以城带乡、共建共享的数字城乡融合发展格局。构建城乡常住人口动态统计发布机制，利用数字化手段助力提升城乡基本公共服务水平。
（四）打造智慧共享的新型数字生活。
加快既有住宅和社区设施数字化改造，鼓励新建小区同步规划建设智能系统，打造智能楼宇、智能停车场、智能充电桩、智能垃圾箱等公共设施。引导智能家居产品互联互通，促进家居产品与家居环境智能互动，丰富“一键控制”、“一声响应”的数字家庭生活应用。加强超高清电视普及应用，发展互动视频、沉浸式视频、云游戏等新业态。创新发展“云生活”服务，深化人工智能、虚拟现实、8K高清视频等技术的融合，拓展社交、购物、娱乐、展览等领域的应用，促进生活消费品质升级。鼓励建设智慧社区和智慧服务生活圈，推动公共服务资源整合，提升专业化、市场化服务水平。支持实体消费场所建设数字化消费新场景，推广智慧导览、智能导流、虚实交互体验、非接触式服务等应用，提升场景消费体验。培育一批新型消费示范城市和领先企业，打造数字产品服务展示交流和技能培训中心，培养全民数字消费意识和习惯。
八、健全完善数字经济治理体系
（一）强化协同治理和监管机制。",,
Q07,“十四五”数字经济发展规划如何部署全国一体化算力网络、智能计算中心和人工智能服务？,zh,direct,phase2_5/cn_digital_economy_14th_fyp_2021.html,80d93810-79cd-5685-b12b-152d0197225b,1415b941-a535-5833-80b4-f682dcc95158,网络数据安全管理条例,中华人民共和国国务院,CN,zh,phase2_5\cn_network_data_security_regulation_2024.html,https://app.www.gov.cn/govdata/gov/202409/30/520076/article.html,,网络数据安全管理条例,9,,,"安全等级保护的基础上，加强网络数据安全防护，建立健全网络数据安全管理制度，采取加密、备份、访问控制、安全认证等技术措施和其他必要措施，保护网络数据免遭篡改、破坏、泄露或者非法获取、非法利用，处置网络数据安全事件，防范针对和利用网络数据实施的违法犯罪活动，并对所处理网络数据的安全承担主体责任。
第十条
网络数据处理者提供的网络产品、服务应当符合相关国家标准的强制性要求；发现网络产品、服务存在安全缺陷、漏洞等风险时，应当立即采取补救措施，按照规定及时告知用户并向有关主管部门报告；涉及危害国家安全、公共利益的，网络数据处理者还应当在24小时内向有关主管部门报告。
第十一条
网络数据处理者应当建立健全网络数据安全事件应急预案，发生网络数据安全事件时，应当立即启动预案，采取措施防止危害扩大，消除安全隐患，并按照规定向有关主管部门报告。
网络数据安全事件对个人、组织合法权益造成危害的，网络数据处理者应当及时将安全事件和风险情况、危害后果、已经采取的补救措施等，以电话、短信、即时通信工具、电子邮件或者公告等方式通知利害关系人；法律、行政法规规定可以不通知的，从其规定。网络数据处理者在处置网络数据安全事件过程中发现涉嫌违法犯罪线索的，应当按照规定向公安机关、国家安全机关报案，并配合开展侦查、调查和处置工作。
第十二条
网络数据处理者向其他网络数据处理者提供、委托处理个人信息和重要数据的，应当通过合同等与网络数据接收方约定处理目的、方式、范围以及安全保护义务等，并对网络数据接收方履行义务的情况进行监督。向其他网络数据处理者提供、委托处理个人信息和重要数据的处理情况记录，应当至少保存3年。
网络数据接收方应当履行网络数据安全保护义务，并按照约定的目的、方式、范围等处理个人信息和重要数据。
两个以上的网络数据处理者共同决定个人信息和重要数据的处理目的和处理方式的，应当约定各自的权利和义务。
第十三条
网络数据处理者开展网络数据处理活动，影响或者可能影响国家安全的，应当按照国家有关规定进行国家安全审查。
第十四条
网络数据处理者因合并、分立、解散、破产等原因需要转移网络数据的，网络数据接收方应当继续履行网络数据安全保护义务。
第十五条
国家机关委托他人建设、运行、维护电子政务系统，存储、加工政务数据，应当按照国家有关规定经过严格的批准程序，明确受托方的网络数据处理权限、保护责任等，监督受托方履行网络数据安全保护义务。
第十六条
网络数据处理者为国家机关、关键信息基础设施运营者提供服务，或者参与其他公共基础设施、公共服务系统建设、运行、维护的，应当依照法律、法规的规定和合同约定履行网络数据安全保护义务，提供安全、稳定、持续的服务。
前款规定的网络数据处理者未经委托方同意，不得访问、获取、留存、使用、泄露或者向他人提供网络数据，不得对网络数据进行关联分析。
第十七条",,
Q07,“十四五”数字经济发展规划如何部署全国一体化算力网络、智能计算中心和人工智能服务？,zh,direct,phase2_5/cn_digital_economy_14th_fyp_2021.html,9f4da89f-f545-5434-b6f7-0330a10bfedb,50c9f3d3-f5ab-5f8f-8191-bd601d25cd73,“十四五”数字经济发展规划,中华人民共和国国务院,CN,zh,phase2_5\cn_digital_economy_14th_fyp_2021.html,https://www.miit.gov.cn/xwdt/szyw/art/2022/art_4ecc233a663b44329d0863e60b51192b.html,,国务院关于印发“十四五”数字经济发展规划的通知,,10,,"虚实结合的产业数字化新生态。依托京津冀、长三角、粤港澳大湾区、成渝地区双城经济圈等重点区域，统筹推进数字基础设施建设，探索建立各类产业集群跨区域、跨平台协同新机制，促进创新要素整合共享，构建创新协同、错位互补、供需联动的区域数字化发展生态，提升产业链供应链协同配套能力。
（四）培育转型支撑服务生态。
建立市场化服务与公共服务双轮驱动，技术、资本、人才、数据等多要素支撑的数字化转型服务生态，解决企业“不会转”、“不能转”、“不敢转”的难题。面向重点行业和企业转型需求，培育推广一批数字化解决方案。聚焦转型咨询、标准制定、测试评估等方向，培育一批第三方专业化服务机构，提升数字化转型服务市场规模和活力。支持高校、龙头企业、行业协会等加强协同，建设综合测试验证环境，加强产业共性解决方案供给。建设数字化转型促进中心，衔接集聚各类资源条件，提供数字化转型公共服务，打造区域产业数字化创新综合体，带动传统产业数字化转型。
六、加快推动数字产业化
（一）增强关键技术创新能力。
瞄准传感器、量子信息、网络通信、集成电路、关键软件、大数据、人工智能、区块链、新材料等战略性前瞻性领域，发挥我国社会主义制度优势、新型举国体制优势、超大规模市场优势，提高数字技术基础研发能力。以数字技术与各领域融合应用为导向，推动行业企业、平台企业和数字技术服务企业跨界创新，优化创新成果快速转化机制，加快创新技术的工程化、产业化。鼓励发展新型研发机构、企业创新联合体等新型创新主体，打造多元化参与、网络化协同、市场化运作的创新生态体系。支持具有自主核心技术的开源社区、开源平台、开源项目发展，推动创新资源共建共享，促进创新模式开放化演进。
（二）提升核心产业竞争力。
着力提升基础软硬件、核心电子元器件、关键基础材料和生产装备的供给水平，强化关键产品自给保障能力。实施产业链强链补链行动，加强面向多元化应用场景的技术融合和产品创新，提升产业链关键环节竞争力，完善5G、集成电路、新能源汽车、人工智能、工业互联网等重点产业供应链体系。深化新一代信息技术集成创新和融合应用，加快平台化、定制化、轻量化服务模式创新，打造新兴数字产业新优势。协同推进信息技术软硬件产品产业化、规模化应用，加快集成适配和迭代优化，推动软件产业做大做强，提升关键软硬件技术创新和供给能力。
（三）加快培育新业态新模式。
推动平台经济健康发展，引导支持平台企业加强数据、产品、内容等资源整合共享，扩大协同办公、互联网医疗等在线服务覆盖面。深化共享经济在生活服务领域的应用，拓展创新、生产、供应链等资源共享新空间。发展基于数字技术的智能经济，加快优化智能化产品和服务运营，培育智慧销售、无人配送、智能制造、反向定制等新增长点。完善多元价值传递和贡献分配体系，有序引导多样化社交、短视频、知识分享等新型就业创业平台发展。
（四）营造繁荣有序的产业创新生态。",,
Q08,What infrastructure does China’s digital economy plan propose for intelligent computing centres and AI services?,en,cross-language,phase2_5/cn_digital_economy_14th_fyp_2021.html,39d12de0-3484-5243-aad3-ae46d82ec1a3,a1a70ffe-651a-5128-a659-599647de2566,Strategy on China of the Government of the Federal Republic of Germany,Federal Government of Germany,DE,en,phase2_5\de_china_strategy_2023_en.pdf,https://www.auswaertiges-amt.de/en/aussenpolitik/regionaleschwerpunkte/asien/strategy-on-china/2608618,Page 28,,1,,2,"extent.
The Federal Government is committed to ensur-
ing that China plays a bigger role in supporting
multilateral funds for overcoming global chal-
lenges in the future. We are calling on China, in
its capacity as a creditor, to offer debt-for-climate
swaps and debt-for-nature swaps.
At Germany’s initiative, the EU tabled a motion
in 2016 in the Commission for the Conservation of
Antarctic Marine Living Resources for establishing
a marine protected area in the Weddell Sea. The
Federal Government is actively lobbying for Chi-
na to lend its support to this motion.
The International Treaty on Plant Genetic Re -
sources for Food and Agriculture  entered into
force in 2004 and is thus the first legally binding
agreement for implementing the CBD. We are
calling for China’s rapid accession to this treaty.
China is the world’s biggest producer of plastics
and is responsible for a substantial proportion
of plastic litter pollution of the environment
worldwide. We are seeking a dialogue with
China on the negative impacts of a non-sus-
tainable use of plastic and its impacts on litter
pollution around the world. Cooperation and
intensive exchange with China are also essential",,
Q08,What infrastructure does China’s digital economy plan propose for intelligent computing centres and AI services?,en,cross-language,phase2_5/cn_digital_economy_14th_fyp_2021.html,3f9ee4a5-dde1-5f90-99b4-11ea556e23da,a1a70ffe-651a-5128-a659-599647de2566,Strategy on China of the Government of the Federal Republic of Germany,Federal Government of Germany,DE,en,phase2_5\de_china_strategy_2023_en.pdf,https://www.auswaertiges-amt.de/en/aussenpolitik/regionaleschwerpunkte/asien/strategy-on-china/2608618,Page 37,,,1,3,"rojects with
China in which knowledge drain is likely are
not supported or only supported when suitable
conditions are imposed. We will further devel-
op existing funding regulations for handling
knowledge and patents once the projects have
been completed.
In order to strengthen the European economy
in the digital sphere, the Federal Government
is promoting conditions that foster innovation
(fleshing out the European Chips Act and the
EU’s Artificial Intelligence Act). We are strength-
ening sustainable design and production capac-
ities for highly innovative technologies. We are
building a European open source ecosystem and
are working to achieve the rapid creation of a
Europe-wide mobility data sphere in accordance
with data protection regulations. We are imple-
menting the national Digital Strategy in a swift
and ambitious manner.
In its Made in China 2025 strategy, the Chinese
Government has made it clear that it seeks global
market and technological dominance in sectors
that are very important for Germany and the EU
or in which Germany and the EU long enjoyed
technological dominance. China is promoting
technological development with state funds. In",,
Q08,What infrastructure does China’s digital economy plan propose for intelligent computing centres and AI services?,en,cross-language,phase2_5/cn_digital_economy_14th_fyp_2021.html,551a16c7-9298-5385-8b0d-52c8612a58d1,a1a70ffe-651a-5128-a659-599647de2566,Strategy on China of the Government of the Federal Republic of Germany,Federal Government of Germany,DE,en,phase2_5\de_china_strategy_2023_en.pdf,https://www.auswaertiges-amt.de/en/aussenpolitik/regionaleschwerpunkte/asien/strategy-on-china/2608618,Page 56,,9,3,1,"litary capabilities. Germany wants to keep the
Arctic and Antarctic conflict-free. All activities in
these regions must be based on international law,
in particular on the United Nations Convention
on the Law of the Sea and the Antarctic Treaty.
China is increasingly developing capabilities and
pursuing activities in outer space as well as in
cyberspace. Together with its partners, Germa-
ny is analysing these capabilities and China’s
behaviour in these domains, and it will coordi-
nate with its partners regarding the respective
impacts on its own security interests. We are
campaigning for the upholding of international
law in these domains, as well.
The Federal Government will closely watch
the expansion of undersea fibre optic cables, of
the Chinese global satellite navigation system
Beidou, and of digital infrastructure, e. g. data
centres. Frequently, digital infrastructure that
originates from China is accompanied by Chi-
nese technical standards, Chinese state media
content and Chinese IT service providers. We
also take a critical view of software that can be
employed for the purpose of repression, surveil-
lance and censorship. In addition to taking na-",,
Q08,What infrastructure does China’s digital economy plan propose for intelligent computing centres and AI services?,en,cross-language,phase2_5/cn_digital_economy_14th_fyp_2021.html,6b6e15ed-99b7-5f10-a9d8-cd61b3ff68a2,e564bfe4-14df-59e7-8194-196f0b7042ed,Regulation (EU) 2024/1689 (Artificial Intelligence Act),European Parliament and Council of the European Union,EU,en,phase2_5\eu_ai_act_2024_en.pdf,https://eur-lex.europa.eu/legal-content/EN/TXT/?uri=CELEX:32024R1689,Page 15,,,2,4,"used solely f or the pur pose of enabling
cybersecur ity and personal data prot ection measures should not be considered to be high-r isk AI syste ms.
(55) As regards the management and operation of cr itical infrastr ucture, it is appropr iate to classify as high-r isk the AI
syste ms inte nded to be used as safety components in the managem ent and operation of cr itical digital infrastr ucture
as list ed in point (8) of the Annex to Directive (EU) 2022/2557, road traffic and the supply of wate r , g as, heating and
electr icity , since their f ailure or malfunctioning ma y put at r isk the life and health of persons at larg e scale and lead t o
appreciable disr up tions in the ordinar y conduct of social and economic activities. Saf ety compo nents of cr itical
infrastr ucture, including cr itical digital infrastr ucture, are systems used to directly protect the physica l inte gr ity of
cr itical infrastr ucture or the health and safety of persons and proper ty but which are not necessar y in order f or the
OJ L, 12.7.2024
EN
ELI: http://data.europa.eu/eli/reg/2024/1689/oj 15/144",,
Q08,What infrastructure does China’s digital economy plan propose for intelligent computing centres and AI services?,en,cross-language,phase2_5/cn_digital_economy_14th_fyp_2021.html,cc190c76-d4f0-507f-824e-4b6f29149364,a1a70ffe-651a-5128-a659-599647de2566,Strategy on China of the Government of the Federal Republic of Germany,Federal Government of Germany,DE,en,phase2_5\de_china_strategy_2023_en.pdf,https://www.auswaertiges-amt.de/en/aussenpolitik/regionaleschwerpunkte/asien/strategy-on-china/2608618,Page 11,,2,,5,"1. Introduct Ion
11
China’s conduct and decisions have caused the
elements of rivalry and competition in our
relations to increase in recent years. This has
prompted the Federal Government to recalibrate
its cooperation with China and its approach to
the challenges bound up with this, both bilat-
erally and in the European context. The Federal
Government places its trust in the strength of
Germany’s and Europe’s democratic basic order
and social market economy.
Systemic rivalry with China does not mean that
we cannot cooperate. On the contrary, the Feder-
al Government is seeking to cooperate with Chi-
na on the basis of fair conditions. Cooperation
with China is thus a fundamental element of the
Federal Government’s Strategy on China.
However, the Federal Government never loses
sight of the fact that differences with China
relate to the Chinese Government’s political
actions. With its huge diversity, China has made
great achievements, which are admired also in
Germany. Exchange with Chinese society is
enriching for both Germany and China. Our two
countries are linked by Chinese people in Germa-
ny and Germans in China – be it for short visits,",,
Q08,What infrastructure does China’s digital economy plan propose for intelligent computing centres and AI services?,en,cross-language,phase2_5/cn_digital_economy_14th_fyp_2021.html,d2cbef53-a98e-5178-b21e-b2319e543990,a1a70ffe-651a-5128-a659-599647de2566,Strategy on China of the Government of the Federal Republic of Germany,Federal Government of Germany,DE,en,phase2_5\de_china_strategy_2023_en.pdf,https://www.auswaertiges-amt.de/en/aussenpolitik/regionaleschwerpunkte/asien/strategy-on-china/2608618,Page 27,,3,,6,"results.
The Federal Government supports the EU’s
Carbon Border Adjustment Mechanism for
carbon dioxide .
China is considered a developing country in
the United Nations Framework Convention
on Climate Change  (UNFCCC). We expect the
world’s second-largest economy to contribute
to climate action in accordance with its means
and responsibility, as agreed in the Paris Agree-
ment and elsewhere. The Federal Government is
calling for credible multilateral commitment on
China’s part and is offering to cooperate in mul-
tilateral processes.
The main priority is the need to persuade China
to pursue more ambitious targets in reducing its
greenhouse gas emissions. China has committed
to ensuring that its CO2 emissions peak before
2030 and that it will achieve carbon neutrality
before 2060. This is not sufficient for keeping to
the 1.5 °C limit; a further scaling up of China’s
climate change targets is what is actually needed.
Together with China, we are working to bring the
negotiations on the new climate finance target
post-2025 to a successful conclusion within the
framework of the UNFCCC. In addition, we are
committed to ensuring that China contributes",,
Q08,What infrastructure does China’s digital economy plan propose for intelligent computing centres and AI services?,en,cross-language,phase2_5/cn_digital_economy_14th_fyp_2021.html,723fe37f-9cfd-537e-b5b9-706a386402f3,a1a70ffe-651a-5128-a659-599647de2566,Strategy on China of the Government of the Federal Republic of Germany,Federal Government of Germany,DE,en,phase2_5\de_china_strategy_2023_en.pdf,https://www.auswaertiges-amt.de/en/aussenpolitik/regionaleschwerpunkte/asien/strategy-on-china/2608618,Page 16,,4,,7,"2. Germany’s strate Gy on c h I na as part of the jo I nt eu pol Icy on c h I na
16
A successful approach to China requires Europe
as a whole to bring its influence to bear. The
Federal Government is thus aligning its policy
on China with that of Europe’s. This policy is
embedded in the aims and principles of the EU’s
common policy on China and based on constant
close coordination with EU partners. We regard
this German strategy document as a means of
enhancing a coherent European policy on China.
Most aspects of Germany’s relations with China
have both a bilateral and a European dimension.
We are pursuing our interests in accordance with
the EU’s objectives. Closer coordination with
EU partners fosters a pan-European approach;
it also, for example, facilitates joint action by EU
member states in multilateral forums.
Germany’s bilateral talks with China are also
intended to complement and reinforce our EU
partners’ talks. The Federal Government will
continue to make it clear that it cannot be a ne-
gotiating partner for China on matters for which
the EU is responsible.
German-Chinese meetings and intergovern-
mental consultations are also an opportu-",,
Q08,What infrastructure does China’s digital economy plan propose for intelligent computing centres and AI services?,en,cross-language,phase2_5/cn_digital_economy_14th_fyp_2021.html,95e8596e-9cab-571e-a8da-a92ae1b85702,e564bfe4-14df-59e7-8194-196f0b7042ed,Regulation (EU) 2024/1689 (Artificial Intelligence Act),European Parliament and Council of the European Union,EU,en,phase2_5\eu_ai_act_2024_en.pdf,https://eur-lex.europa.eu/legal-content/EN/TXT/?uri=CELEX:32024R1689,Page 16,,,4,8,"syste m to function. The f ailure or malfunctioning of suc h comp onents might directly lead to r isks to the phys ical
inte gr ity of cr itical infrastr ucture and thus t o r isks to health and safety of persons and proper ty . Compo nents
inte nded to be used solely f or cybersecur ity pur poses should not qualify as safety compo nents. Examples of saf ety
com ponents of suc h cr itical infrastr ucture ma y include syste ms f or monitoring wate r pressure or fire alar m
controlling systems in cloud comp uting centres.
(56) The deplo yment of AI systems in education is impor tant to promot e high-quality digital education and training and
t o allo w all lear ners and te ache rs to acquire and share the necessar y digital skills and comp etences, including media
lite racy , and cr itical thinking, to take an active par t in the economy , society , and in democratic processes. How ever ,
AI systems used in education or v ocational training, in par ticular f or det er mining access or admission, f or assigning
persons to educational and v ocational training institutions or programmes at all levels, f or evaluating lear ning",,
Q08,What infrastructure does China’s digital economy plan propose for intelligent computing centres and AI services?,en,cross-language,phase2_5/cn_digital_economy_14th_fyp_2021.html,d7ec3820-fb02-59f5-9b62-3e017cf205d7,e564bfe4-14df-59e7-8194-196f0b7042ed,Regulation (EU) 2024/1689 (Artificial Intelligence Act),European Parliament and Council of the European Union,EU,en,phase2_5\eu_ai_act_2024_en.pdf,https://eur-lex.europa.eu/legal-content/EN/TXT/?uri=CELEX:32024R1689,Page 2,,,5,9,"ta Protection
Board.
(4) AI is a f ast ev olving f amily of t echnologies that contr ibut es to a wide ar ra y of economic, environmental and societal
benefits across the entire spectr um of industr ies and social activities. By imp roving prediction, optimising operations
and resource allocation, and personalising digital solutions ava ilable f or individuals and org anisations, the use of AI
can provide k ey comp etitive advantages t o under takings and suppor t socially and environmentally beneficial
outcomes, f or exam ple in healthcare, agr iculture, f ood safety , education and training, media, spor ts, culture,
infrastr ucture manag ement, energy , transpor t and logistics, public ser vices, secur ity , justice, resource and energy
efficiency , en vironmental monitoring, the conser vation and restoration of biodiversity and ecosystems and climate
ch ange mitig ation and adap tation.
(5) At the same time, depending on the circumstances regarding its specific application, use, and level of te chnological
development, AI ma y g enerate r isks and cause har m to public interests and fundamental r ights that are protect ed by",,
Q08,What infrastructure does China’s digital economy plan propose for intelligent computing centres and AI services?,en,cross-language,phase2_5/cn_digital_economy_14th_fyp_2021.html,eb708f2d-1e99-56b5-b27f-969392d822de,a1a70ffe-651a-5128-a659-599647de2566,Strategy on China of the Government of the Federal Republic of Germany,Federal Government of Germany,DE,en,phase2_5\de_china_strategy_2023_en.pdf,https://www.auswaertiges-amt.de/en/aussenpolitik/regionaleschwerpunkte/asien/strategy-on-china/2608618,Page 38,,5,,10,"4. stren Gthen InG Germany and the eu
38
4.4.  Risks on the Chinese market
Many German companies have been successfully
doing business in China for decades. With Chi-
na’s economic growth, the share of business with
China in the international business operations of
German companies has increased steadily. The
Chinese market continues to be of great impor-
tance for many companies owing to its share of
the global market, its dynamism and innova-
tiveness and the good cooperation with people
working for German companies in China.
The Dual Circulation  industrial policy strate-
gy sets out objectives that are leading to greater
economic independence for China while at the
same time increasing asymmetrical dependen-
cies abroad. A unilateral reduction of China’s
dependence on German exports is not in Ger-
many’s interests. We are therefore committed to
removing market-distorting and discriminatory
practices in China.
The further China moves away from the norms
and rules of the rulesbased international order,
the more critical dependencies on the Chinese
market, also on the part of individual sectors
or companies, can prove to be a problem. The",,
Q08,What infrastructure does China’s digital economy plan propose for intelligent computing centres and AI services?,en,cross-language,phase2_5/cn_digital_economy_14th_fyp_2021.html,5ad7c437-0053-5be1-99ba-0980ccee3877,a1a70ffe-651a-5128-a659-599647de2566,Strategy on China of the Government of the Federal Republic of Germany,Federal Government of Germany,DE,en,phase2_5\de_china_strategy_2023_en.pdf,https://www.auswaertiges-amt.de/en/aussenpolitik/regionaleschwerpunkte/asien/strategy-on-china/2608618,Page 42,,,6,,"me, we will work to
raise awareness in the German science and re-
search landscape of human rights and security
aspects in the cooperation with China.
4.8.  Protection of critical infrastructure
Critical infrastructures are vital to our security
and prosperity. We will define which sectors and
which companies and institutions are part of
critical infrastructures by means of an umbrella
law on critical infrastructure. We want to make
them more resilient with minimum require-
ments applying to multiple sectors and threats.
The secure and sovereign operation of critical
infrastructures depends to a large extent on
specific critical components that are intended
to fulfil especially critical functions. The timely
reduction of risks that originate from their pro-
ducers therefore plays an important role in the
protection and functioning of Germany’s critical
infrastructures. The risks of existing dependen-
cies are rising against the backdrop of increasing
geopolitical confrontations.
China’s security legislation obliges Chinese in-
dividuals, companies and organisations at home
and abroad to cooperate with Chinese authori-
ties and intelligence services. The use of critical",,
Q08,What infrastructure does China’s digital economy plan propose for intelligent computing centres and AI services?,en,cross-language,phase2_5/cn_digital_economy_14th_fyp_2021.html,bc8d9ebf-ecfc-51cd-b94f-0e71e2cd93a2,a1a70ffe-651a-5128-a659-599647de2566,Strategy on China of the Government of the Federal Republic of Germany,Federal Government of Germany,DE,en,phase2_5\de_china_strategy_2023_en.pdf,https://www.auswaertiges-amt.de/en/aussenpolitik/regionaleschwerpunkte/asien/strategy-on-china/2608618,Page 10,,6,,,"1. Introduct Ion
10
1.3.  Partner, competitor, systemic rival
China exerts a crucial influence on all key issues
relating to our world order. The Federal Govern-
ment is seeking to cooperate with China, partic-
ularly as an essential actor in solving key global
challenges. China is the biggest emitter of CO2
worldwide. It will not be possible to overcome
the climate crisis without China. Its actions are
decisive for the preservation of biological diversi-
ty and the environment. At the same time, China
is the biggest producer of renewable energies.
The Federal Government is encouraging China
to live up to its global responsibility as China’s
climate and environmental policy decisions have
an impact on the entire world.
China can be a crucial actor in sustainable de-
velopment, global health and the prevention
of pandemics, as well as for the provision of
further global public goods. The Federal Gov-
ernment will seize the opportunities afforded
by cooperation.
Economic and trade relations remain an im-
portant element of bilateral cooperation with
China. The Federal Government is committed to
ensuring that this cooperation becomes fairer,",,
Q08,What infrastructure does China’s digital economy plan propose for intelligent computing centres and AI services?,en,cross-language,phase2_5/cn_digital_economy_14th_fyp_2021.html,e21a660c-a536-5515-8437-a7b5d75d7c29,e564bfe4-14df-59e7-8194-196f0b7042ed,Regulation (EU) 2024/1689 (Artificial Intelligence Act),European Parliament and Council of the European Union,EU,en,phase2_5\eu_ai_act_2024_en.pdf,https://eur-lex.europa.eu/legal-content/EN/TXT/?uri=CELEX:32024R1689,Page 2,,,7,,"should be laid down, thus ensur ing
the smooth functioning of the inte r nal market and allowi ng those systems to benefit from the pr inciple of free
move ment of goods and ser vices. Those r ules should be clear and robust in protecting fundamental r ights,
suppor tive of new innovative solutions, enabling a European ecosyste m of public and pr ivate actor s creating AI
syste ms in line with Union values and unlocking the potential of the digital transf or mation across all regions of the
Uni on. By la ying down those r ules as well as measures in suppor t of inno vation with a par ticular f ocus on small and
medium ent er pr ises (SMEs), including star tups, this Regulation suppor ts the objective of promoting the European
human-centr ic approach to AI and being a g lobal leader in the development of secure, tr ustwor thy and ethical AI as
stat ed by the European Council (
5
), and it ensures the prot ection of ethical pr inciples, as specific ally request ed by the
European Pa rliament (
6
).
EN
OJ L, 12.7.2024
2/144 ELI: http://data.europa.eu/eli/reg/2024/1689/oj
(
5",,
Q08,What infrastructure does China’s digital economy plan propose for intelligent computing centres and AI services?,en,cross-language,phase2_5/cn_digital_economy_14th_fyp_2021.html,f5c3b9a6-c981-51cf-9876-4fe9e75dcfcf,a1a70ffe-651a-5128-a659-599647de2566,Strategy on China of the Government of the Federal Republic of Germany,Federal Government of Germany,DE,en,phase2_5\de_china_strategy_2023_en.pdf,https://www.auswaertiges-amt.de/en/aussenpolitik/regionaleschwerpunkte/asien/strategy-on-china/2608618,Page 9,,7,,,"1. Introduct Ion
9
1.2.  Aims of the Strategy on China
China has changed. As a result of this and Chi-
na’s political decisions, we need to change our
approach to China. The Federal Government
will, together in Europe and with international
partners, define new parameters under which
Germany’s interests will be upheld in its coop-
eration with China, while living up to our global
responsibility.
This strategy for our approach to China and the
challenges arising from China comprises three
dimensions: bilateral relations with China,
strengthening Germany and the EU, and interna-
tional cooperation.
Its aims are as follows:
• to present the Federal Government’s views on the status of and prospects for rela-
tions with China;
• to enable the Federal Government to assert our values and interests more effectively
in the complex relationship with China;
• to present means and instruments by which the Federal Government can work with
China, without endangering Germany’s free and democratic way of life, our sover-
eignty and prosperity, as well as our security and partnerships with others;
• to provide the framework within which our Federal Ministries can give coherence to",,
Q08,What infrastructure does China’s digital economy plan propose for intelligent computing centres and AI services?,en,cross-language,phase2_5/cn_digital_economy_14th_fyp_2021.html,2d377400-3993-54a2-b533-d16a4b4d7182,a1a70ffe-651a-5128-a659-599647de2566,Strategy on China of the Government of the Federal Republic of Germany,Federal Government of Germany,DE,en,phase2_5\de_china_strategy_2023_en.pdf,https://www.auswaertiges-amt.de/en/aussenpolitik/regionaleschwerpunkte/asien/strategy-on-china/2608618,Page 35,,8,,,"and re-
search system, a functioning system for securing
skilled workers, an innovation-friendly environ-
ment with investments in research and devel-
opment, an effective infrastructure and efficient
administration will prepare us for the future –
and not only in the economic competition with
China. The capital markets and banking union
are key for facilitating the necessary invest-
ments across Europe.
The digital and green transformation of our
economy plays a key role. We want to support
the necessary expansion of European production
and processing capacities required to this end.
In addition to having environmental advantages,
the increasing expansion of a European circular
economy is intended to enhance the resilience
of the European economy. The European inter-
nal market is to become the leading market for
climate-friendly and resource-efficient prod-
ucts. We can set standards around the world for
energy-efficient, durable, easy-to-repair and
circular products.
Innovation calls for an ambitious research pol-
icy. Together with the Länder and the business
community, the Federal Government intends to
invest 3.5 percent of German GDP in research",,
Q08,What infrastructure does China’s digital economy plan propose for intelligent computing centres and AI services?,en,cross-language,phase2_5/cn_digital_economy_14th_fyp_2021.html,dd346eca-5a6d-5b5e-9fb7-966f240c81dd,a1a70ffe-651a-5128-a659-599647de2566,Strategy on China of the Government of the Federal Republic of Germany,Federal Government of Germany,DE,en,phase2_5\de_china_strategy_2023_en.pdf,https://www.auswaertiges-amt.de/en/aussenpolitik/regionaleschwerpunkte/asien/strategy-on-china/2608618,Page 61,,,8,,"ng
built up at schools, higher education institutions
and other educational institutions. We encourage
them to increasingly spread expertise on China,
including language skills. This should be accom-
plished through networking among higher edu-
cation institutions and harnessing synergies with
the business sector.
We advocate for more exchange between Ger-
man and Chinese young people, students and
academics, with the aim of supporting expertise
on China through people-to-people contacts.
Training and advisory services that we offer by
drawing on expertise in the academic sphere and
at universities, in businesses and think tanks are
an important asset in this regard.
Cooperation with Chinese institutions is indis-
pensable for spreading expertise on China. This
also applies to partners from Taiwan.
The expertise of the Federal Government on
China, too, must be strengthened. We aim to
increase the share of personnel at all Federal
Ministries and supreme Federal authorities with
expertise on China. In areas that are relevant to
relations with China, the Federal Government
will promote staff exchanges in the spheres of
politics, administration, business and academia.",,
Q08,What infrastructure does China’s digital economy plan propose for intelligent computing centres and AI services?,en,cross-language,phase2_5/cn_digital_economy_14th_fyp_2021.html,aa489e59-35da-5f6e-b4b1-ffa197a57a64,a1a70ffe-651a-5128-a659-599647de2566,Strategy on China of the Government of the Federal Republic of Germany,Federal Government of Germany,DE,en,phase2_5\de_china_strategy_2023_en.pdf,https://www.auswaertiges-amt.de/en/aussenpolitik/regionaleschwerpunkte/asien/strategy-on-china/2608618,Page 25,,,9,,"ment on
the basis of an ambitious offer from the Chinese
side. The EU’s Instrument for International Pro-
curement, which entered into force in summer
2022, aims to improve EU firms’ access to public
contracts in third countries such as China.
China’s data legislation provides the coun-
try’s security authorities with disproportionate
means of control and is leading to imbalances in
competition opportunities. Free and trustworthy
transnational flows of data and the fair regu-
lation of cyberspace are needed for the further
development of our economic relations. We are
also working at the bilateral level to achieve this.
The European internal market offers Chinese
firms in the transport sector far greater opportu-
nities than those granted to European suppliers
in China. The Federal Government is seeking to
deepen exchange on transport issues in order to
ensure that air and maritime routes are open and
fair. Germany and China have a common interest
in creating the parameters for economically,
ecologically and socially sustainable, resilient
and robust global logistics chains. In doing so,
the Federal Government will focus to a greater
extent on the principle of reciprocity.",,
Q08,What infrastructure does China’s digital economy plan propose for intelligent computing centres and AI services?,en,cross-language,phase2_5/cn_digital_economy_14th_fyp_2021.html,4337277c-9749-54ee-b8d0-bba16100ae4b,e564bfe4-14df-59e7-8194-196f0b7042ed,Regulation (EU) 2024/1689 (Artificial Intelligence Act),European Parliament and Council of the European Union,EU,en,phase2_5\eu_ai_act_2024_en.pdf,https://eur-lex.europa.eu/legal-content/EN/TXT/?uri=CELEX:32024R1689,Page 2,,,10,,"e r ules should be consiste nt
with the Char te r , non-discr iminat or y and in line with the Uni on’s inte r national trade commitments. They should
also take into account the European Declaration on Digital Rights and Pr inciples f or the Digital Decade and the
Ethics guidelines f or tr ustw or th y AI of the High-Level Exper t Group on Ar tif icial Intellig ence (AI HLEG).
(8) A Union lega l framew ork la ying do wn har monised r ules on AI is theref ore needed to f oster the development, use
and up take of AI in the inter nal marke t that at the same time meets a high level of protect ion of public interests, such
as health and saf ety and the prot ection of fundamental r ights, including democracy , the r ule of law and
en vironmental protect ion as recognised and protect ed by Uni on la w . T o ac hieve that objective, r ules regulating the
placing on the marke t, the putting into ser vice and the use of cer tain AI systems should be laid down, thus ensur ing
the smooth functioning of the inte r nal market and allowi ng those systems to benefit from the pr inciple of free",,
Q08,What infrastructure does China’s digital economy plan propose for intelligent computing centres and AI services?,en,cross-language,phase2_5/cn_digital_economy_14th_fyp_2021.html,e3119691-d205-5e40-82a3-ecf0725ac47a,a1a70ffe-651a-5128-a659-599647de2566,Strategy on China of the Government of the Federal Republic of Germany,Federal Government of Germany,DE,en,phase2_5\de_china_strategy_2023_en.pdf,https://www.auswaertiges-amt.de/en/aussenpolitik/regionaleschwerpunkte/asien/strategy-on-china/2608618,Page 28,,10,,,"3. BI lateral relat Ions w I th c h I na
28
to become a member of the Climate Club in the
future should it display the necessary ambition
in climate policy and should it wish to join.
China plays an important role with respect to
biodiversity conservation around the world
as one of the 17 megadiverse countries and as a
globally connected economy. This wealth of bio-
diversity is at risk also in China.
The 15th meeting of the Conference of the Par-
ties to the Convention on Biological Diversity
(CBD) under China’s Presidency in 2022 adopted
a new global framework for biological diversi-
ty (the Kunming-Montreal Global Biodiversity
Framework, KMGBF). We are calling on China to
follow up this success with concrete measures at
the national level. We are committed to ensur-
ing that China makes an appropriate financial
contribution to implementing the pledges within
the CBD framework in accordance with its glob-
al responsibility and that it gears its financial
flows towards global biodiversity targets to an
increasing extent.
The Federal Government is committed to ensur-
ing that China plays a bigger role in supporting
multilateral funds for overcoming global chal-",,
Q09,“十四五”智能制造发展规划提出到2025年规模以上制造业企业数字化网络化达到什么目标？,zh,direct,phase2_5/cn_intelligent_manufacturing_14th_fyp_2021.pdf,2bad7288-2967-5db2-ba48-e8f9cacf99d8,50c9f3d3-f5ab-5f8f-8191-bd601d25cd73,“十四五”数字经济发展规划,中华人民共和国国务院,CN,zh,phase2_5\cn_digital_economy_14th_fyp_2021.html,https://www.miit.gov.cn/xwdt/szyw/art/2022/art_4ecc233a663b44329d0863e60b51192b.html,,国务院关于印发“十四五”数字经济发展规划的通知,1,5,2,"智能生产线等应用，由点及面向全业务全流程数字化转型延伸拓展。鼓励和支持互联网平台、行业龙头企业等立足自身优势，开放数字化资源和能力，帮助传统企业和中小企业实现数字化转型。推行普惠性“上云用数赋智”服务，推动企业上云、上平台，降低技术和资金壁垒，加快企业数字化转型。
（二）全面深化重点产业数字化转型。
立足不同产业特点和差异化需求，推动传统产业全方位、全链条数字化转型，提高全要素生产率。大力提升农业数字化水平，推进“三农”综合信息服务，创新发展智慧农业，提升农业生产、加工、销售、物流等各环节数字化水平。纵深推进工业数字化转型，加快推动研发设计、生产制造、经营管理、市场服务等全生命周期数字化转型，加快培育一批“专精特新”中小企业和制造业单项冠军企业。深入实施智能制造工程，大力推动装备数字化，开展智能制造试点示范专项行动，完善国家智能制造标准体系。培育推广个性化定制、网络化协同等新模式。大力发展数字商务，全面加快商贸、物流、金融等服务业数字化转型，优化管理体系和服务模式，提高服务业的品质与效益。促进数字技术在全过程工程咨询领域的深度应用，引领咨询服务和工程建设模式转型升级。加快推动智慧能源建设应用，促进能源生产、运输、消费等各环节智能化升级，推动能源行业低碳转型。加快推进国土空间基础信息平台建设应用。推动产业互联网融通应用，培育供应链金融、服务型制造等融通发展模式，以数字技术促进产业融合发展。
（三）推动产业园区和产业集群数字化转型。
引导产业园区加快数字基础设施建设，利用数字技术提升园区管理和服务能力。积极探索平台企业与产业园区联合运营模式，丰富技术、数据、平台、供应链等服务供给，提升线上线下相结合的资源共享水平，引导各类要素加快向园区集聚。围绕共性转型需求，推动共享制造平台在产业集群落地和规模化发展。探索发展跨越物理边界的“虚拟”产业园区和产业集群，加快产业资源虚拟化集聚、平台化运营和网络化协同，构建虚实结合的产业数字化新生态。依托京津冀、长三角、粤港澳大湾区、成渝地区双城经济圈等重点区域，统筹推进数字基础设施建设，探索建立各类产业集群跨区域、跨平台协同新机制，促进创新要素整合共享，构建创新协同、错位互补、供需联动的区域数字化发展生态，提升产业链供应链协同配套能力。
（四）培育转型支撑服务生态。",,
Q09,“十四五”智能制造发展规划提出到2025年规模以上制造业企业数字化网络化达到什么目标？,zh,direct,phase2_5/cn_intelligent_manufacturing_14th_fyp_2021.pdf,bfe4bc0f-702d-5258-8eeb-838c1297a188,50c9f3d3-f5ab-5f8f-8191-bd601d25cd73,“十四五”数字经济发展规划,中华人民共和国国务院,CN,zh,phase2_5\cn_digital_economy_14th_fyp_2021.html,https://www.miit.gov.cn/xwdt/szyw/art/2022/art_4ecc233a663b44329d0863e60b51192b.html,,国务院关于印发“十四五”数字经济发展规划的通知,3,1,1,"国务院关于印发“十四五”数字经济发展规划的通知
首页
>
新闻发布
>
时政要闻
国务院关于印发“十四五”数字经济发展规划的通知
发布时间：2022-01-12 17:55
来源：中国政府网
国发〔2021〕29号
各省、自治区、直辖市人民政府，国务院各部委、各直属机构：
现将《“十四五”数字经济发展规划》印发给你们，请认真贯彻执行。
国务院
2021年12月12日
（此件公开发布）
“十四五”数字经济发展规划
数字经济是继农业经济、工业经济之后的主要经济形态，是以数据资源为关键要素，以现代信息网络为主要载体，以信息通信技术融合应用、全要素数字化转型为重要推动力，促进公平与效率更加统一的新经济形态。数字经济发展速度之快、辐射范围之广、影响程度之深前所未有，正推动生产方式、生活方式和治理方式深刻变革，成为重组全球要素资源、重塑全球经济结构、改变全球竞争格局的关键力量。“十四五”时期，我国数字经济转向深化应用、规范发展、普惠共享的新阶段。为应对新形势新挑战，把握数字化发展新机遇，拓展经济发展新空间，推动我国数字经济健康发展，依据《中华人民共和国国民经济和社会发展第十四个五年规划和2035年远景目标纲要》，制定本规划。
一、发展现状和形势
（一）发展现状。
“十三五”时期，我国深入实施数字经济发展战略，不断完善数字基础设施，加快培育新业态新模式，推进数字产业化和产业数字化取得积极成效。2020年，我国数字经济核心产业增加值占国内生产总值（GDP）比重达到7.8%，数字经济为经济社会持续健康发展提供了强大动力。
信息基础设施全球领先。
建成全球规模最大的光纤和第四代移动通信（4G）网络，第五代移动通信（5G）网络建设和应用加速推进。宽带用户普及率明显提高，光纤用户占比超过94%，移动宽带用户普及率达到108%，互联网协议第六版（IPv6）活跃用户数达到4.6亿。
产业数字化转型稳步推进。
农业数字化全面推进。服务业数字化水平显著提高。工业数字化转型加速，工业企业生产设备数字化水平持续提升，更多企业迈上“云端”。
新业态新模式竞相发展。
数字技术与各行业加速融合，电子商务蓬勃发展，移动支付广泛普及，在线学习、远程会议、网络购物、视频直播等生产生活新方式加速推广，互联网平台日益壮大。
数字政府建设成效显著。
一体化政务服务和监管效能大幅度提升，“一网通办”、“最多跑一次”、“一网统管”、“一网协同”等服务管理新模式广泛普及，数字营商环境持续优化，在线政务服务水平跃居全球领先行列。
数字经济国际合作不断深化。
《二十国集团数字经济发展与合作倡议》等在全球赢得广泛共识，信息基础设施互联互通取得明显成效，“丝路电商”合作成果丰硕，我国数字经济领域平台企业加速出海，影响力和竞争力不断提升。",,
Q09,“十四五”智能制造发展规划提出到2025年规模以上制造业企业数字化网络化达到什么目标？,zh,direct,phase2_5/cn_intelligent_manufacturing_14th_fyp_2021.pdf,9f4da89f-f545-5434-b6f7-0330a10bfedb,50c9f3d3-f5ab-5f8f-8191-bd601d25cd73,“十四五”数字经济发展规划,中华人民共和国国务院,CN,zh,phase2_5\cn_digital_economy_14th_fyp_2021.html,https://www.miit.gov.cn/xwdt/szyw/art/2022/art_4ecc233a663b44329d0863e60b51192b.html,,国务院关于印发“十四五”数字经济发展规划的通知,2,,6,"虚实结合的产业数字化新生态。依托京津冀、长三角、粤港澳大湾区、成渝地区双城经济圈等重点区域，统筹推进数字基础设施建设，探索建立各类产业集群跨区域、跨平台协同新机制，促进创新要素整合共享，构建创新协同、错位互补、供需联动的区域数字化发展生态，提升产业链供应链协同配套能力。
（四）培育转型支撑服务生态。
建立市场化服务与公共服务双轮驱动，技术、资本、人才、数据等多要素支撑的数字化转型服务生态，解决企业“不会转”、“不能转”、“不敢转”的难题。面向重点行业和企业转型需求，培育推广一批数字化解决方案。聚焦转型咨询、标准制定、测试评估等方向，培育一批第三方专业化服务机构，提升数字化转型服务市场规模和活力。支持高校、龙头企业、行业协会等加强协同，建设综合测试验证环境，加强产业共性解决方案供给。建设数字化转型促进中心，衔接集聚各类资源条件，提供数字化转型公共服务，打造区域产业数字化创新综合体，带动传统产业数字化转型。
六、加快推动数字产业化
（一）增强关键技术创新能力。
瞄准传感器、量子信息、网络通信、集成电路、关键软件、大数据、人工智能、区块链、新材料等战略性前瞻性领域，发挥我国社会主义制度优势、新型举国体制优势、超大规模市场优势，提高数字技术基础研发能力。以数字技术与各领域融合应用为导向，推动行业企业、平台企业和数字技术服务企业跨界创新，优化创新成果快速转化机制，加快创新技术的工程化、产业化。鼓励发展新型研发机构、企业创新联合体等新型创新主体，打造多元化参与、网络化协同、市场化运作的创新生态体系。支持具有自主核心技术的开源社区、开源平台、开源项目发展，推动创新资源共建共享，促进创新模式开放化演进。
（二）提升核心产业竞争力。
着力提升基础软硬件、核心电子元器件、关键基础材料和生产装备的供给水平，强化关键产品自给保障能力。实施产业链强链补链行动，加强面向多元化应用场景的技术融合和产品创新，提升产业链关键环节竞争力，完善5G、集成电路、新能源汽车、人工智能、工业互联网等重点产业供应链体系。深化新一代信息技术集成创新和融合应用，加快平台化、定制化、轻量化服务模式创新，打造新兴数字产业新优势。协同推进信息技术软硬件产品产业化、规模化应用，加快集成适配和迭代优化，推动软件产业做大做强，提升关键软硬件技术创新和供给能力。
（三）加快培育新业态新模式。
推动平台经济健康发展，引导支持平台企业加强数据、产品、内容等资源整合共享，扩大协同办公、互联网医疗等在线服务覆盖面。深化共享经济在生活服务领域的应用，拓展创新、生产、供应链等资源共享新空间。发展基于数字技术的智能经济，加快优化智能化产品和服务运营，培育智慧销售、无人配送、智能制造、反向定制等新增长点。完善多元价值传递和贡献分配体系，有序引导多样化社交、短视频、知识分享等新型就业创业平台发展。
（四）营造繁荣有序的产业创新生态。",,
Q09,“十四五”智能制造发展规划提出到2025年规模以上制造业企业数字化网络化达到什么目标？,zh,direct,phase2_5/cn_intelligent_manufacturing_14th_fyp_2021.pdf,f204c1a5-fd41-5c2d-98ac-f79872d67e78,66fb6cf6-d5ec-5183-9cf5-2aee221c176a,“十四五”智能制造发展规划,工业和信息化部等八部门,CN,zh,phase2_5\cn_intelligent_manufacturing_14th_fyp_2021.pdf,https://www.miit.gov.cn/jgsj/ghs/zlygh/art/2022/art_c201cab037444d5c94921a53614332f9.html,Page 4,,4,2,3,"4
（三）发展路径和目标
“十四五”及未来相当长一段时期，推进智能制造，要立足制造本质，
紧扣智能特征，以工艺、装备为核心，以数据为基础，依托制造单元、车
间、工厂、供应链等载体，构建虚实融合、知识驱动、动态优化、安全高
效、绿色低碳的智能制造系统，推动制造业实现数字化转型、网络化协同、
智能化变革。到 2025 年，规模以上制造业企业大部分实现数字化网络化，
重点行业骨干企业初步应用智能化；到 2035 年，规模以上制造业企业全
面普及数字化网络化，重点行业骨干企业基本实现智能化。
2025 年的主要目标是：
转型升级成效显著。70%的规模以上制造业企业基本实现数字化网络
化，建成 500 个以上引领行业发展的智能制造示范工厂。制造业企业生产
效率、产品良品率、能源资源利用率等显著提升，智能制造能力成熟度水
平明显提升。
供给能力明显增强。智能制造装备和工业软件技术水平和市场竞争力
显著提升，市场满足率分别超过 70%和 50%。培育 150 家以上专业水平高、
服务能力强的智能制造系统解决方案供应商。
基础支撑更加坚实。建设一批智能制造创新载体和公共服务平台。构
建适应智能制造发展的标准体系和网络基础设施，完成 200 项以上国家、
行业标准的制修订，建成 120 个以上具有行业和区域影响力的工业互联网
平台。
三、重点任务
（一）加快系统创新，增强融合发展新动能
强化科技支撑引领作用，推动跨学科、跨领域融合创新，打好关键核心
和系统集成技术攻坚战，构建完善创新网络，持续提升创新效能。
加强关键核心技术攻关。聚焦设计、生产、管理、服务等制造全过程，
突破设计仿真、混合建模、协同优化等基础技术，开发应用增材制造、超
精密加工等先进工艺技术，攻克智能感知、人机协作、供应链协同等共性",,
Q09,“十四五”智能制造发展规划提出到2025年规模以上制造业企业数字化网络化达到什么目标？,zh,direct,phase2_5/cn_intelligent_manufacturing_14th_fyp_2021.pdf,321c93ae-c7c9-5623-98de-bf36703c2bcb,66fb6cf6-d5ec-5183-9cf5-2aee221c176a,“十四五”智能制造发展规划,工业和信息化部等八部门,CN,zh,phase2_5\cn_intelligent_manufacturing_14th_fyp_2021.pdf,https://www.miit.gov.cn/jgsj/ghs/zlygh/art/2022/art_c201cab037444d5c94921a53614332f9.html,Page 1,,,3,7,"1
关于印发“十四五”智能制造发展规划的通知
工信部联规〔2021〕207 号
各省、自治区、直辖市、计划单列市及新疆生产建设兵团工业和信息化、发展改
革、教育、科技、财政、人力资源社会保障、市场监管、国资主管部门，各中央
企业，各有关单位：
现将《“十四五”智能制造发展规划》印发给你们，请结合实际，认
真贯彻实施。
工业和信息化部
国家发展和改革委员会
教育部
科学技术部
财政部
人力资源和社会保障部
国家市场监督管理总局
国务院国有资产监督管理委员会
2021 年 12 月 21 日
智能制造是制造强国建设的主攻方向，其发展程度直接关乎我国制造
业质量水平。发展智能制造对于巩固实体经济根基、建成现代产业体系、
实现新型工业化具有重要作用。为贯彻落实《中华人民共和国国民经济和
社会发展第十四个五年规划和 2035 年远景目标纲要》，加快推动智能制
造发展，编制本规划。
一、现状与形势
近十年来，通过产学研用协同创新、行业企业示范应用、央地联合统
筹推进，我国智能制造发展取得长足进步。供给能力不断提升，智能制造",,
Q09,“十四五”智能制造发展规划提出到2025年规模以上制造业企业数字化网络化达到什么目标？,zh,direct,phase2_5/cn_intelligent_manufacturing_14th_fyp_2021.pdf,0ff369db-f0be-5c05-b99f-2e85857b3f17,50c9f3d3-f5ab-5f8f-8191-bd601d25cd73,“十四五”数字经济发展规划,中华人民共和国国务院,CN,zh,phase2_5\cn_digital_economy_14th_fyp_2021.html,https://www.miit.gov.cn/xwdt/szyw/art/2022/art_4ecc233a663b44329d0863e60b51192b.html,,国务院关于印发“十四五”数字经济发展规划的通知,9,8,4,"流通。鼓励市场主体探索数据资产定价机制，推动形成数据资产目录，逐步完善数据定价体系。规范数据交易管理，培育规范的数据交易平台和市场主体，建立健全数据资产评估、登记结算、交易撮合、争议仲裁等市场运营体系，提升数据交易效率。严厉打击数据黑市交易，营造安全有序的市场环境。
（三）创新数据要素开发利用机制。
适应不同类型数据特点，以实际应用需求为导向，探索建立多样化的数据开发利用机制。鼓励市场力量挖掘商业数据价值，推动数据价值产品化、服务化，大力发展专业化、个性化数据服务，促进数据、技术、场景深度融合，满足各领域数据需求。鼓励重点行业创新数据开发利用模式，在确保数据安全、保障用户隐私的前提下，调动行业协会、科研院所、企业等多方参与数据价值开发。对具有经济和社会价值、允许加工利用的政务数据和公共数据，通过数据开放、特许开发、授权应用等方式，鼓励更多社会力量进行增值开发利用。结合新型智慧城市建设，加快城市数据融合及产业生态培育，提升城市数据运营和开发利用水平。
五、大力推进产业数字化转型
（一）加快企业数字化转型升级。
引导企业强化数字化思维，提升员工数字技能和数据管理能力，全面系统推动企业研发设计、生产加工、经营管理、销售服务等业务数字化转型。支持有条件的大型企业打造一体化数字平台，全面整合企业内部信息系统，强化全流程数据贯通，加快全价值链业务协同，形成数据驱动的智能决策能力，提升企业整体运行效率和产业链上下游协同效率。实施中小企业数字化赋能专项行动，支持中小企业从数字化转型需求迫切的环节入手，加快推进线上营销、远程协作、数字化办公、智能生产线等应用，由点及面向全业务全流程数字化转型延伸拓展。鼓励和支持互联网平台、行业龙头企业等立足自身优势，开放数字化资源和能力，帮助传统企业和中小企业实现数字化转型。推行普惠性“上云用数赋智”服务，推动企业上云、上平台，降低技术和资金壁垒，加快企业数字化转型。
（二）全面深化重点产业数字化转型。",,
Q09,“十四五”智能制造发展规划提出到2025年规模以上制造业企业数字化网络化达到什么目标？,zh,direct,phase2_5/cn_intelligent_manufacturing_14th_fyp_2021.pdf,e8da2d80-1368-5d3d-bb98-b956bfdee1a8,66fb6cf6-d5ec-5183-9cf5-2aee221c176a,“十四五”智能制造发展规划,工业和信息化部等八部门,CN,zh,phase2_5\cn_intelligent_manufacturing_14th_fyp_2021.pdf,https://www.miit.gov.cn/jgsj/ghs/zlygh/art/2022/art_c201cab037444d5c94921a53614332f9.html,Page 3,,,4,8,"3
十九届二中、三中、四中、五中、六中全会精神，立足新发展阶段，完整、
准确、全面贯彻新发展理念，构建新发展格局，深化改革开放，统筹发展和
安全，以新一代信息技术与先进制造技术深度融合为主线，深入实施智能制
造工程，着力提升创新能力、供给能力、支撑能力和应用水平，加快构建智
能制造发展生态，持续推进制造业数字化转型、网络化协同、智能化变革，
为促进制造业高质量发展、加快制造强国建设、发展数字经济、构筑国际竞
争新优势提供有力支撑。
（二）基本原则
坚持创新驱动。把科技自立自强作为智能制造发展的战略支撑，加强
用产学研协同创新，着力突破关键核心技术和系统集成技术。支持企业、
高校、科研院所等组建联合体，开展技术、工艺、装备、软件和管理、模
式创新，提升核心竞争力。
坚持市场主导。充分发挥市场在资源配置中的决定性作用，强化企业
在发展智能制造中的主体地位。更好发挥政府在战略规划引导、标准法规
制定、公共服务供给等方面作用，营造良好环境，激发各类市场主体内生
动力。
坚持融合发展。加强跨学科、跨领域合作，推动新一代信息技术与先
进制造技术深度融合。发挥龙头企业牵引作用，推动产业链供应链深度互
联和协同响应，带动上下游企业智能制造水平同步提升，实现大中小企业
融通发展。
坚持安全可控。强化底线思维，将安全可控贯穿智能制造创新发展全
过程。加强安全风险研判与应对，加快提升智能制造数据安全、网络安全、
功能安全保障能力，着力防范化解产业链供应链风险，实现发展与安全相
统一。
坚持系统推进。聚焦新阶段新要求，立足我国实际，统筹考虑区域、
行业发展差异，加强前瞻性思考、全局性谋划、战略性布局、整体性推进，
充分发挥地方、行业和企业积极性，分层分类系统推动智能制造创新发展。",,
Q09,“十四五”智能制造发展规划提出到2025年规模以上制造业企业数字化网络化达到什么目标？,zh,direct,phase2_5/cn_intelligent_manufacturing_14th_fyp_2021.pdf,7579fa65-081c-5ac9-be55-5a1f6172ffef,66fb6cf6-d5ec-5183-9cf5-2aee221c176a,“十四五”智能制造发展规划,工业和信息化部等八部门,CN,zh,phase2_5\cn_intelligent_manufacturing_14th_fyp_2021.pdf,https://www.miit.gov.cn/jgsj/ghs/zlygh/art/2022/art_c201cab037444d5c94921a53614332f9.html,Page 10,,10,10,5,"10
订，加强现有标准的优化与协同，在智能装备、智能工厂等方面推动形成
国家标准、行业标准、团体标准、企业标准相互协调、互为补充的标准群。
加快标准的贯彻执行，支持企业依托标准开展智能车间/工厂建设。积极参
与国际标准化工作，推动技术成熟度高的国家标准与国际标准同步发展。
专栏 6 智能制造标准领航行动
标准体系建设。定期修订《国家智能制造标准体系建设指南》，建设纺
织、石化、建材、汽车、航空、船舶、电力装备、轨道交通装备、家电、食
品、钢铁、有色金属、新能源等细分领域的行业应用标准体系。
标准研制。加大标准试验验证力度，推动数字孪生、数据字典、人机协
作、智慧供应链、系统可靠性、信息安全与功能安全一体化等基础共性和关
键技术标准制修订，满足技术演进和产业发展需求，加快开展行业应用标准
研制。
标准推广应用。围绕智能车间/工厂建设、新模式应用、供应链协同、
新技术应用等方面，开展智能制造标准应用试点，形成国家标准、行业标准、
团体标准协调配套的标准群，推进试点成果在中小企业和同行业企业的应
用。
标准国际合作。继续加强中德智能制造/工业 4.0 标准合作，拓展中日、
中英等合作，积极参与国际标准化活动，持续提升中国方案在国际标准中的
贡献度，深化双边、多边标准化交流机制，形成一批标准化成果。
完善信息基础设施。加快工业互联网、物联网、5G、千兆光网等新型
网络基础设施规模化部署，鼓励企业开展内外网升级改造，提升现场感知
和数据传输能力。加强工业数据中心、智能计算中心等算力基础设施建设，
支撑人工智能等新技术应用。支持大型集团企业、工业园区，围绕内部资
源整合、产品全生命周期管理、产业链供应链协同、中小企业服务、工业
数据处理分析，建立各具特色的工业互联网平台，实现全要素、全产业链
数据的有效集成和管理。
加强安全保障。加强智能制造安全风险研判，同步推进网络安全、数
据安全和功能安全，推动密码技术深入应用。实施企业网络安全分类分级
管理，督促企业落实网络安全主体责任。完善国家、地方、企业多级工控
信息安全监测预警网络，加快建设工业互联网安全技术监测服务体系。探
索建立数据跨境传输备案与监管机制。建立符合政策标准要求的技术防护",,
Q09,“十四五”智能制造发展规划提出到2025年规模以上制造业企业数字化网络化达到什么目标？,zh,direct,phase2_5/cn_intelligent_manufacturing_14th_fyp_2021.pdf,8daa708c-4dc2-5fdb-b742-f6c2cd980f9b,50c9f3d3-f5ab-5f8f-8191-bd601d25cd73,“十四五”数字经济发展规划,中华人民共和国国务院,CN,zh,phase2_5\cn_digital_economy_14th_fyp_2021.html,https://www.miit.gov.cn/xwdt/szyw/art/2022/art_4ecc233a663b44329d0863e60b51192b.html,,国务院关于印发“十四五”数字经济发展规划的通知,5,,9,"建数字中国提供有力支撑。
（二）基本原则。
坚持创新引领、融合发展。
坚持把创新作为引领发展的第一动力，突出科技自立自强的战略支撑作用，促进数字技术向经济社会和产业发展各领域广泛深入渗透，推进数字技术、应用场景和商业模式融合创新，形成以技术发展促进全要素生产率提升、以领域应用带动技术进步的发展格局。
坚持应用牵引、数据赋能。
坚持以数字化发展为导向，充分发挥我国海量数据、广阔市场空间和丰富应用场景优势，充分释放数据要素价值，激活数据要素潜能，以数据流促进生产、分配、流通、消费各个环节高效贯通，推动数据技术产品、应用范式、商业模式和体制机制协同创新。
坚持公平竞争、安全有序。
突出竞争政策基础地位，坚持促进发展和监管规范并重，健全完善协同监管规则制度，强化反垄断和防止资本无序扩张，推动平台经济规范健康持续发展，建立健全适应数字经济发展的市场监管、宏观调控、政策法规体系，牢牢守住安全底线。
坚持系统推进、协同高效。
充分发挥市场在资源配置中的决定性作用，构建经济社会各主体多元参与、协同联动的数字经济发展新机制。结合我国产业结构和资源禀赋，发挥比较优势，系统谋划、务实推进，更好发挥政府在数字经济发展中的作用。
（三）发展目标。
到2025年，数字经济迈向全面扩展期，数字经济核心产业增加值占GDP比重达到10%，数字化创新引领发展能力大幅提升，智能化水平明显增强，数字技术与实体经济融合取得显著成效，数字经济治理体系更加完善，我国数字经济竞争力和影响力稳步提升。
——数据要素市场体系初步建立。
数据资源体系基本建成，利用数据资源推动研发、生产、流通、服务、消费全价值链协同。数据要素市场化建设成效显现，数据确权、定价、交易有序开展，探索建立与数据要素价值和贡献相适应的收入分配机制，激发市场主体创新活力。
——产业数字化转型迈上新台阶。
农业数字化转型快速推进，制造业数字化、网络化、智能化更加深入，生产性服务业融合发展加速普及，生活性服务业多元化拓展显著加快，产业数字化转型的支撑服务体系基本完备，在数字化转型过程中推进绿色发展。
——数字产业化水平显著提升。
数字技术自主创新能力显著提升，数字化产品和服务供给质量大幅提高，产业核心竞争力明显增强，在部分领域形成全球领先优势。新产业新业态新模式持续涌现、广泛普及，对实体经济提质增效的带动作用显著增强。
——数字化公共服务更加普惠均等。
数字基础设施广泛融入生产生活，对政务服务、公共服务、民生保障、社会治理的支撑作用进一步凸显。数字营商环境更加优化，电子政务服务水平进一步提升，网络化、数字化、智慧化的利企便民服务体系不断完善，数字鸿沟加速弥合。
——数字经济治理体系更加完善。",,
Q09,“十四五”智能制造发展规划提出到2025年规模以上制造业企业数字化网络化达到什么目标？,zh,direct,phase2_5/cn_intelligent_manufacturing_14th_fyp_2021.pdf,7bb5f6c5-dd1e-51f1-abd1-33aa5356d6b0,66fb6cf6-d5ec-5183-9cf5-2aee221c176a,“十四五”智能制造发展规划,工业和信息化部等八部门,CN,zh,phase2_5\cn_intelligent_manufacturing_14th_fyp_2021.pdf,https://www.miit.gov.cn/jgsj/ghs/zlygh/art/2022/art_c201cab037444d5c94921a53614332f9.html,Page 2,,,6,10,"2
装备市场满足率超过 50%，主营业务收入超 10 亿元的系统解决方案供应
商达 40 余家。支撑体系逐步完善，构建了国际先行的标准体系，发布国
家标准 285 项，牵头制定国际标准 28 项；培育具有行业和区域影响力的
工业互联网平台近 80 个。推广应用成效明显，试点示范项目生产效率平
均提高 45%、产品研制周期平均缩短 35%、产品不良品率平均降低 35%，
涌现出离散型智能制造、流程型智能制造、网络协同制造、大规模个性化
定制、远程运维服务等新模式新业态。但与高质量发展的要求相比，智能
制造发展仍存在供给适配性不高、创新能力不强、应用深度广度不够、专
业人才缺乏等问题。
随着全球新一轮科技革命和产业变革突飞猛进，新一代信息通信、生
物、新材料、新能源等技术不断突破，并与先进制造技术加速融合，为制
造业高端化、智能化、绿色化发展提供了历史机遇。同时，世界处于百年
未有之大变局，国际环境日趋复杂，全球科技和产业竞争更趋激烈，大国
战略博弈进一步聚焦制造业，美国“先进制造业领导力战略”、德国“国
家工业战略 2030”、日本“社会 5.0”等以重振制造业为核心的发展战略，
均以智能制造为主要抓手，力图抢占全球制造业新一轮竞争制高点。
当前，我国已转向高质量发展阶段，正处于转变发展方式、优化经济
结构、转换增长动力的攻关期，但制造业供给与市场需求适配性不高、产
业链供应链稳定面临挑战、资源环境要素约束趋紧等问题凸显。站在新一轮
科技革命和产业变革与我国加快高质量发展的历史性交汇点，要坚定不移地
以智能制造为主攻方向，推动产业技术变革和优化升级，推动制造业产业模
式和企业形态根本性转变，以“鼎新”带动“革故”，提高质量、效率效益，
减少资源能源消耗，畅通产业链供应链，助力碳达峰碳中和，促进我国制造
业迈向全球价值链中高端。
二、总体思路
（一）指导思想
以习近平新时代中国特色社会主义思想为指导，全面贯彻党的十九大和",,
Q09,“十四五”智能制造发展规划提出到2025年规模以上制造业企业数字化网络化达到什么目标？,zh,direct,phase2_5/cn_intelligent_manufacturing_14th_fyp_2021.pdf,7db8f1a0-258e-5c4c-ab48-699d6cd5e6f9,66fb6cf6-d5ec-5183-9cf5-2aee221c176a,“十四五”智能制造发展规划,工业和信息化部等八部门,CN,zh,phase2_5\cn_intelligent_manufacturing_14th_fyp_2021.pdf,https://www.miit.gov.cn/jgsj/ghs/zlygh/art/2022/art_c201cab037444d5c94921a53614332f9.html,Page 6,,6,,,"6
建设智能制造示范工厂。加快新一代信息技术与制造全过程、全要
素深度融合，推进制造技术突破和工艺创新，推行精益管理和业务流程
再造，实现泛在感知、数据贯通、集成互联、人机协作和分析优化，建
设智能场景、智能车间和智能工厂。引导龙头企业建设协同平台，带动
上下游企业同步实施智能制造，打造智慧供应链。鼓励各地方、行业开
展多场景、多层级应用示范，培育推广智能化设计、网络协同制造、大
规模定制、共享制造、智能运维服务等新模式。
专栏 2 智能制造示范工厂建设行动
智能场景。推动数字孪生、人工智能、5G、大数据、区块链、虚拟现
实（VR）/增强现实（AR）/混合现实（MR）等新技术在制造环节的深度应
用，探索形成一批“数字孪生+”“人工智能+”“虚拟/增强/混合现实（XR）
+”等智能场景。
智能车间。覆盖加工、检测、物流等环节，开展工艺改进和革新，推动
设备联网和生产环节数字化连接，强化标准作业、可视管控、精准配送、最
优库存，打造一批智能车间，实现生产数据贯通化、制造柔性化和管理智能
化。
智能工厂。支持基础条件好的企业，围绕设计、生产、管理、服务等制
造全过程开展智能化升级，优化组织结构和业务流程，强化精益生产，打造
一批智能工厂，推动跨业务活动的数据共享和深度挖掘，实现对核心业务的
精准预测、管理优化和自主决策。
智慧供应链。面向汽车、工程机械、轨道交通装备、航空航天装备、船
舶与海洋工程装备、电力装备、医疗装备、家用电器、集成电路等行业，支
持智能制造应用水平高、核心竞争优势突出、资源配置能力强的龙头企业建
设供应链协同平台，打造数据互联互通、信息可信交互、生产深度协同、资
源柔性配置的供应链。
推进中小企业数字化转型。加快实施中小企业数字化促进工程，针对
中小企业典型应用场景，推广一批符合中小企业需求的数字化产品和服
务。支持专精特新“小巨人”企业发挥示范引领作用，开展装备联网、关
键工序数控化、业务系统云化等改造，推动中小企业工艺流程优化、技术
装备升级。依托数字化服务商，提供数字化咨询诊断、智能化改造、上云
用云等服务。",,
Q09,“十四五”智能制造发展规划提出到2025年规模以上制造业企业数字化网络化达到什么目标？,zh,direct,phase2_5/cn_intelligent_manufacturing_14th_fyp_2021.pdf,43d4b14a-3a3f-598d-a4b8-df41048e2fd0,50c9f3d3-f5ab-5f8f-8191-bd601d25cd73,“十四五”数字经济发展规划,中华人民共和国国务院,CN,zh,phase2_5\cn_digital_economy_14th_fyp_2021.html,https://www.miit.gov.cn/xwdt/szyw/art/2022/art_4ecc233a663b44329d0863e60b51192b.html,,国务院关于印发“十四五”数字经济发展规划的通知,7,,,"“一网协同”等服务管理新模式广泛普及，数字营商环境持续优化，在线政务服务水平跃居全球领先行列。
数字经济国际合作不断深化。
《二十国集团数字经济发展与合作倡议》等在全球赢得广泛共识，信息基础设施互联互通取得明显成效，“丝路电商”合作成果丰硕，我国数字经济领域平台企业加速出海，影响力和竞争力不断提升。
与此同时，我国数字经济发展也面临一些问题和挑战：关键领域创新能力不足，产业链供应链受制于人的局面尚未根本改变；不同行业、不同区域、不同群体间数字鸿沟未有效弥合，甚至有进一步扩大趋势；数据资源规模庞大，但价值潜力还没有充分释放；数字经济治理体系需进一步完善。
（二）面临形势。
当前，新一轮科技革命和产业变革深入发展，数字化转型已经成为大势所趋，受内外部多重因素影响，我国数字经济发展面临的形势正在发生深刻变化。
发展数字经济是把握新一轮科技革命和产业变革新机遇的战略选择。
数字经济是数字时代国家综合实力的重要体现，是构建现代化经济体系的重要引擎。世界主要国家均高度重视发展数字经济，纷纷出台战略规划，采取各种举措打造竞争新优势，重塑数字时代的国际新格局。
数据要素是数字经济深化发展的核心引擎。
数据对提高生产效率的乘数作用不断凸显，成为最具时代特征的生产要素。数据的爆发增长、海量集聚蕴藏了巨大的价值，为智能化发展带来了新的机遇。协同推进技术、模式、业态和制度创新，切实用好数据要素，将为经济社会数字化发展带来强劲动力。
数字化服务是满足人民美好生活需要的重要途径。
数字化方式正有效打破时空阻隔，提高有限资源的普惠化水平，极大地方便群众生活，满足多样化个性化需要。数字经济发展正在让广大群众享受到看得见、摸得着的实惠。
规范健康可持续是数字经济高质量发展的迫切要求。
我国数字经济规模快速扩张，但发展不平衡、不充分、不规范的问题较为突出，迫切需要转变传统发展方式，加快补齐短板弱项，提高我国数字经济治理水平，走出一条高质量发展道路。
二、总体要求
（一）指导思想。
以习近平新时代中国特色社会主义思想为指导，全面贯彻党的十九大和十九届历次全会精神，立足新发展阶段，完整、准确、全面贯彻新发展理念，构建新发展格局，推动高质量发展，统筹发展和安全、统筹国内和国际，以数据为关键要素，以数字技术与实体经济深度融合为主线，加强数字基础设施建设，完善数字经济治理体系，协同推进数字产业化和产业数字化，赋能传统产业转型升级，培育新产业新业态新模式，不断做强做优做大我国数字经济，为构建数字中国提供有力支撑。
（二）基本原则。
坚持创新引领、融合发展。
坚持把创新作为引领发展的第一动力，突出科技自立自强的战略支撑作用，促进数字技术向经济社会和产业发展各领域广泛深入渗透，推进数字技术、应用场景和商业模式融合创新，形成以技术发展促进全要素生产率提升、以领域应用带动技术进步的发展格局。",,
Q09,“十四五”智能制造发展规划提出到2025年规模以上制造业企业数字化网络化达到什么目标？,zh,direct,phase2_5/cn_intelligent_manufacturing_14th_fyp_2021.pdf,ae00ce8b-8d19-5f2c-b043-63bf453ef04c,66fb6cf6-d5ec-5183-9cf5-2aee221c176a,“十四五”智能制造发展规划,工业和信息化部等八部门,CN,zh,phase2_5\cn_intelligent_manufacturing_14th_fyp_2021.pdf,https://www.miit.gov.cn/jgsj/ghs/zlygh/art/2022/art_c201cab037444d5c94921a53614332f9.html,Page 11,,,7,,"11
体系和安全管理制度。培育安全服务机构，加大网络安全技术产品推广应
用，提升诊断、咨询、设计、实施等服务能力。
强化人才培养。定期编制智能制造人才需求预测报告和紧缺人才需求
目录，研究制定智能制造领域职业标准。依托高技能人才培训基地等机构，
开展大规模职业培训。加强应届毕业生、在职人员、转岗人员数字化技能
培训，推进产教融合型企业建设，促进智能制造企业与职业院校深度合作，
探索中国特色学徒制。深化新工科建设，在智能制造领域建设一批现代产
业学院和特色化示范性软件学院，优化学科专业和课程体系设置，加快高
端人才培养。弘扬企业家精神和工匠精神，鼓励开展智能制造创新创业大
赛、技能竞赛。
四、保障措施
（一）强化统筹协调
加强部门协同，统筹实施智能制造工程，深入开展技术攻关、装备创
新、示范应用、标准化、人才培养等。加强央地协作，鼓励地方出台配套
政策和法律法规，引导各类社会资源聚集，形成系统推进工作格局。充分
发挥智能制造专家咨询委员会及相关高校、科研机构、专业智库作用，开
展智能制造前瞻性、战略性重大问题研究。鼓励企业结合自身实际加快实
施智能制造，持续做好安全生产和环境保护工作。
（二）加大财政金融支持
加强国家重大科技项目、国家重点研发计划等对智能制造领域的支
持。落实首台套重大技术装备和研发费用加计扣除等支持政策。鼓励国家
相关产业基金、社会资本加大对智能制造的投资力度。发挥国家产融合作
平台作用，引导金融机构为企业智能化改造提供中长期贷款支持，开发符
合智能制造特点的供应链金融、融资租赁等金融产品。鼓励符合条件的企
业通过股权、债权等方式开展直接融资。",,
Q09,“十四五”智能制造发展规划提出到2025年规模以上制造业企业数字化网络化达到什么目标？,zh,direct,phase2_5/cn_intelligent_manufacturing_14th_fyp_2021.pdf,a2e150d9-5281-51a7-8673-d9e8bb41b724,66fb6cf6-d5ec-5183-9cf5-2aee221c176a,“十四五”智能制造发展规划,工业和信息化部等八部门,CN,zh,phase2_5\cn_intelligent_manufacturing_14th_fyp_2021.pdf,https://www.miit.gov.cn/jgsj/ghs/zlygh/art/2022/art_c201cab037444d5c94921a53614332f9.html,Page 7,,8,,,"7
拓展智能制造行业应用。针对装备制造、电子信息、原材料、消费品
等领域细分行业特点和痛点，制定智能制造实施路线图，分步骤、分阶段
推进。支持有条件有基础的企业加大技术改造投入，持续推动工艺革新、
装备升级、管理优化和生产过程智能化。建设行业转型促进机构，加快数
据、标准和解决方案深化应用。组织开展经验交流、供需对接活动，总结
推广智能制造新技术、新装备和新模式。
专栏 3 行业智能化改造升级行动
装备制造领域。满足提高产品可靠性和高端化发展等需要，开发面向特
定场景的智能成套生产线以及新技术与工艺结合的模块化生产单元；建设基
于精益生产、柔性生产的智能车间和工厂；大力发展数字化设计、远程运维
服务、个性化定制等模式。
电子信息领域。满足提高生产效率和产品良率、缩短研制周期等需要，
建立复杂电磁环境下的企业通信网络和主动安全防护系统，实现企业内数据
可靠传输；推进电子产品专用智能制造装备与自动化装配线的集成应用；开
发智能检测设备与产品一体化测试平台；建设智能物流配送系统，优化生产
经营决策系统。
原材料领域。满足安全生产、降耗减碳、提质降本等需要，实施大集团
统一管理下的多基地协同制造；探索人工智能技术应用，实现工艺流程优化、
工序动态协同、资源高效配置和智慧决策支持；针对民爆、矿山、危化品等
危险性较大企业推广少人无人作业，实施安全一体化监控；实施大型制造设
备健康监测和远程运维，保证流程安全运行；打造全生命周期数据共享平台，
实现全产业链优化。
消费品领域。提高产品质量和安全性，满足多样化、高品质需求，大力
推广面向工序的专用制造装备和专用机器人；支持供应链协同和用户交互平
台建设，发展大规模定制；促进全产业链解决方案服务平台建设。
促进区域智能制造发展。鼓励地方创新完善政策体系，探索各具特色
的区域智能制造发展路径。推动跨地区开展智能制造关键技术创新、供需
对接、人才培养等合作。鼓励地方、行业组织、龙头企业等联合推广先进
技术、装备、标准和解决方案，加快智能制造进园区，提升产业集群智能
化水平。支持产业特色鲜明、转型需求迫切、基础条件好的地区建设智能
制造先行区，打造智能制造技术创新策源地、示范应用集聚区、关键装备
和解决方案输出地。",,
Q09,“十四五”智能制造发展规划提出到2025年规模以上制造业企业数字化网络化达到什么目标？,zh,direct,phase2_5/cn_intelligent_manufacturing_14th_fyp_2021.pdf,1c0cc131-5a07-5e61-bff5-adeb40d6e92a,66fb6cf6-d5ec-5183-9cf5-2aee221c176a,“十四五”智能制造发展规划,工业和信息化部等八部门,CN,zh,phase2_5\cn_intelligent_manufacturing_14th_fyp_2021.pdf,https://www.miit.gov.cn/jgsj/ghs/zlygh/art/2022/art_c201cab037444d5c94921a53614332f9.html,Page 5,,,9,,"5
技术，研发人工智能、5G、大数据、边缘计算等在工业领域的适用性技术。
加速系统集成技术开发。面向装备、单元、车间、工厂等制造载体，
构建制造装备、生产过程相关数据字典和信息模型，开发生产过程通用数
据集成和跨平台、跨领域业务互联技术。面向产业链供应链，开发跨企业
多源信息交互和全链条协同优化技术。面向制造全过程，突破智能制造系
统规划设计、建模仿真、分析优化等技术。
推进新型创新网络建设。围绕关键工艺、工业母机、数字孪生、工业
智能等重点领域，支持行业龙头企业联合高校、科研院所和上下游企业建
设一批制造业创新载体。鼓励研发机构创新发展机制，加强数据共享和平
台共建，开展协同创新。推动产业化促进组织建设，加快创新成果转移转
化。建设一批试验验证平台，加速智能制造装备和系统推广应用。
专栏 1 智能制造技术攻关行动
关键核心技术。突破产品优化设计与全流程仿真、基于机理和数据驱动
的混合建模、多目标协同优化等基础技术；增材制造、超精密加工、近净成
形、分子级物性表征等先进工艺技术；工业现场多维智能感知、基于人机协
作的生产过程优化、装备与生产过程数字孪生、质量在线精密检测、生产过
程精益管控、装备故障诊断与预测性维护、复杂环境动态生产计划与调度、
生产全流程智能决策、供应链协同优化等共性技术；5G、人工智能、大数据、
边缘计算等新技术在典型行业质量检测、过程控制、工艺优化、计划调度、
设备运维、管理决策等方面的适用性技术。
系统集成技术。开发基于信息模型和标准接口的可复用数据集成技术；
制造装备、产品设计软件、管控软件、业务管理软件等之间的业务互联技术；
面向产业链供应链协同的包含订单、质量、生产实绩等内容的企业信息交互
技术；公有云、混合云和边云协同的灵活云化部署技术；涵盖设计、生产、
管理、服务等制造全过程的复杂系统建模技术；基于模型的价值流分析和优
化技术。
（二）深化推广应用，开拓转型升级新路径
聚焦企业、行业、区域转型升级需要，围绕车间、工厂、供应链构建
智能制造系统，开展多场景、全链条、多层次应用示范，培育推广智能制
造新模式。",,
Q10,"Which industrial software, digital-twin, supply-chain, and smart-manufacturing capabilities does China plan to strengthen?",en,cross-language,phase2_5/cn_intelligent_manufacturing_14th_fyp_2021.pdf,3f9ee4a5-dde1-5f90-99b4-11ea556e23da,a1a70ffe-651a-5128-a659-599647de2566,Strategy on China of the Government of the Federal Republic of Germany,Federal Government of Germany,DE,en,phase2_5\de_china_strategy_2023_en.pdf,https://www.auswaertiges-amt.de/en/aussenpolitik/regionaleschwerpunkte/asien/strategy-on-china/2608618,Page 37,,,1,3,"rojects with
China in which knowledge drain is likely are
not supported or only supported when suitable
conditions are imposed. We will further devel-
op existing funding regulations for handling
knowledge and patents once the projects have
been completed.
In order to strengthen the European economy
in the digital sphere, the Federal Government
is promoting conditions that foster innovation
(fleshing out the European Chips Act and the
EU’s Artificial Intelligence Act). We are strength-
ening sustainable design and production capac-
ities for highly innovative technologies. We are
building a European open source ecosystem and
are working to achieve the rapid creation of a
Europe-wide mobility data sphere in accordance
with data protection regulations. We are imple-
menting the national Digital Strategy in a swift
and ambitious manner.
In its Made in China 2025 strategy, the Chinese
Government has made it clear that it seeks global
market and technological dominance in sectors
that are very important for Germany and the EU
or in which Germany and the EU long enjoyed
technological dominance. China is promoting
technological development with state funds. In",,
Q10,"Which industrial software, digital-twin, supply-chain, and smart-manufacturing capabilities does China plan to strengthen?",en,cross-language,phase2_5/cn_intelligent_manufacturing_14th_fyp_2021.pdf,551a16c7-9298-5385-8b0d-52c8612a58d1,a1a70ffe-651a-5128-a659-599647de2566,Strategy on China of the Government of the Federal Republic of Germany,Federal Government of Germany,DE,en,phase2_5\de_china_strategy_2023_en.pdf,https://www.auswaertiges-amt.de/en/aussenpolitik/regionaleschwerpunkte/asien/strategy-on-china/2608618,Page 56,,1,2,1,"litary capabilities. Germany wants to keep the
Arctic and Antarctic conflict-free. All activities in
these regions must be based on international law,
in particular on the United Nations Convention
on the Law of the Sea and the Antarctic Treaty.
China is increasingly developing capabilities and
pursuing activities in outer space as well as in
cyberspace. Together with its partners, Germa-
ny is analysing these capabilities and China’s
behaviour in these domains, and it will coordi-
nate with its partners regarding the respective
impacts on its own security interests. We are
campaigning for the upholding of international
law in these domains, as well.
The Federal Government will closely watch
the expansion of undersea fibre optic cables, of
the Chinese global satellite navigation system
Beidou, and of digital infrastructure, e. g. data
centres. Frequently, digital infrastructure that
originates from China is accompanied by Chi-
nese technical standards, Chinese state media
content and Chinese IT service providers. We
also take a critical view of software that can be
employed for the purpose of repression, surveil-
lance and censorship. In addition to taking na-",,
Q10,"Which industrial software, digital-twin, supply-chain, and smart-manufacturing capabilities does China plan to strengthen?",en,cross-language,phase2_5/cn_intelligent_manufacturing_14th_fyp_2021.pdf,75aa8c09-05df-58f2-9d56-ca2d628e80a3,a1a70ffe-651a-5128-a659-599647de2566,Strategy on China of the Government of the Federal Republic of Germany,Federal Government of Germany,DE,en,phase2_5\de_china_strategy_2023_en.pdf,https://www.auswaertiges-amt.de/en/aussenpolitik/regionaleschwerpunkte/asien/strategy-on-china/2608618,Page 8,,10,6,2,"to make it less
dependent on other countries, while making
international production chains more depen-
dent on China. While some liberalisation steps
have been taken, the conditions for access to
the Chinese market in other important sectors
have been tightened. This is reflected in our
bilateral trade.
In terms of foreign policy, China is pursuing
its own interests far more assertively and is at-
tempting in various ways to reshape the existing
rules-based international order. This is having an
impact on European and global security.
At the same time, China is an essential partner as
regards global challenges.
Against this backdrop, China is  simultaneously a
partner, competitor and systemic rival for the
Federal Government. Our Strategy on  China is
firmly rooted in the common policy on China
of the EU.",,
Q10,"Which industrial software, digital-twin, supply-chain, and smart-manufacturing capabilities does China plan to strengthen?",en,cross-language,phase2_5/cn_intelligent_manufacturing_14th_fyp_2021.pdf,cbbdf462-c2ae-51a2-aee5-cca538e065ee,e564bfe4-14df-59e7-8194-196f0b7042ed,Regulation (EU) 2024/1689 (Artificial Intelligence Act),European Parliament and Council of the European Union,EU,en,phase2_5\eu_ai_act_2024_en.pdf,https://eur-lex.europa.eu/legal-content/EN/TXT/?uri=CELEX:32024R1689,Page 101,,2,,4,"a nce of AI systems with
the requirements set out in Chap ter III, Section 2. Where relevant, post-mark et monitoring shall include an analysis of the
interac tion with other AI syste ms. This obligati on shall not co ver sensitive operational data of deplo y ers which are
law -enf orcement author ities.
3. The post-mark et monitori ng system shall be based on a post-mark et monitoring plan. The post-mark et monitoring
plan shall be par t of the tec hnical documentation referred t o in Annex IV . The Commission shall adopt an imp lementing act
la ying do wn detailed provisions establishing a te mplat e f or the post-mark et monitoring plan and the list of elements to be
included in the plan b y 2 Febr uar y 2026. That imp lementing act shall be adop ted in accordance with the examination
procedure refe r red to in Ar ticle 98(2).
4. For high-r isk AI syste ms co vered by the Uni on har monisation legislation listed in Section A of Annex I, where
a post-market monitoring system and plan are already established under that legislation, in order t o ensure consiste ncy ,",,
Q10,"Which industrial software, digital-twin, supply-chain, and smart-manufacturing capabilities does China plan to strengthen?",en,cross-language,phase2_5/cn_intelligent_manufacturing_14th_fyp_2021.pdf,c3386f5e-e772-5bdc-b3aa-1f14a806e0de,a1a70ffe-651a-5128-a659-599647de2566,Strategy on China of the Government of the Federal Republic of Germany,Federal Government of Germany,DE,en,phase2_5\de_china_strategy_2023_en.pdf,https://www.auswaertiges-amt.de/en/aussenpolitik/regionaleschwerpunkte/asien/strategy-on-china/2608618,Page 55,,3,,5,"y
significant security policy actor that is building
capabilities and acting in a way that also affects
the security interests of Europe. Developments
in the Indo-Pacific can have a direct impact on
Euro-Atlantic security.
China’s rearmament efforts comprise its nu-
clear arsenal, as well as its entire armed forces,
including its navy. This rearmament and China’s
behaviour in this regard is causing unease in
countries in the Indo-Pacific. To strengthen the
regional and global security architecture, China
should comprehensively engage in multilateral
arms control initiatives.
Germany welcomes China’s assertion that
a nuclear war cannot be won and should
never be fought.
Germany’s security is founded on our ability
to act, the inner cohesion of the EU, the further
strengthening of the transatlantic alliance, the
profound friendship we share with France and
our close partnership, based on mutual trust,
with the United States. China’s antagonistic rela-
tionship with the United States runs counter to
these interests.
China’s relationship with Russia, in particular
since Russia’s war of aggression against Ukraine,
is an immediate security concern for Germa-",,
Q10,"Which industrial software, digital-twin, supply-chain, and smart-manufacturing capabilities does China plan to strengthen?",en,cross-language,phase2_5/cn_intelligent_manufacturing_14th_fyp_2021.pdf,d711056d-3ff5-5b66-8d55-38ff6a2be202,a1a70ffe-651a-5128-a659-599647de2566,Strategy on China of the Government of the Federal Republic of Germany,Federal Government of Germany,DE,en,phase2_5\de_china_strategy_2023_en.pdf,https://www.auswaertiges-amt.de/en/aussenpolitik/regionaleschwerpunkte/asien/strategy-on-china/2608618,Page 38,,,3,6,"ions are possible in
the case of special strategic interests.
An essential prerequisite for the granting of
investment guarantees by the Federal Gov -
ernment is compliance with internationally
agreed sustainability, environmental, labour
and social standards as well as the avoidance
of forced and child labour in supply chains.
Investment guarantees are therefore subject to
rigorous scrutiny .
State export credit guarantees are a key instru-
ment of foreign trade and investment promotion
as they protect German exporters against bad
debts brought about by political or economic cir-
cumstances. We are also assessing this from the
point of view of avoiding an unwanted technolo-
gy transfer. This applies in particular to sensi-
tive dual-use technologies and to technologies
that can be used for surveillance and repression.
We will, as a matter of principle, also take into
account the extent to which state export support
reinforces excessive economic dependencies on
the part of companies.
The Federal Government will continue to work
to raise awareness of risks relating to China
and intensify its exchange with companies. The
Federal Government expects companies, in the",,
Q10,"Which industrial software, digital-twin, supply-chain, and smart-manufacturing capabilities does China plan to strengthen?",en,cross-language,phase2_5/cn_intelligent_manufacturing_14th_fyp_2021.pdf,aa489e59-35da-5f6e-b4b1-ffa197a57a64,a1a70ffe-651a-5128-a659-599647de2566,Strategy on China of the Government of the Federal Republic of Germany,Federal Government of Germany,DE,en,phase2_5\de_china_strategy_2023_en.pdf,https://www.auswaertiges-amt.de/en/aussenpolitik/regionaleschwerpunkte/asien/strategy-on-china/2608618,Page 25,,,4,7,"ment on
the basis of an ambitious offer from the Chinese
side. The EU’s Instrument for International Pro-
curement, which entered into force in summer
2022, aims to improve EU firms’ access to public
contracts in third countries such as China.
China’s data legislation provides the coun-
try’s security authorities with disproportionate
means of control and is leading to imbalances in
competition opportunities. Free and trustworthy
transnational flows of data and the fair regu-
lation of cyberspace are needed for the further
development of our economic relations. We are
also working at the bilateral level to achieve this.
The European internal market offers Chinese
firms in the transport sector far greater opportu-
nities than those granted to European suppliers
in China. The Federal Government is seeking to
deepen exchange on transport issues in order to
ensure that air and maritime routes are open and
fair. Germany and China have a common interest
in creating the parameters for economically,
ecologically and socially sustainable, resilient
and robust global logistics chains. In doing so,
the Federal Government will focus to a greater
extent on the principle of reciprocity.",,
Q10,"Which industrial software, digital-twin, supply-chain, and smart-manufacturing capabilities does China plan to strengthen?",en,cross-language,phase2_5/cn_intelligent_manufacturing_14th_fyp_2021.pdf,bc8d9ebf-ecfc-51cd-b94f-0e71e2cd93a2,a1a70ffe-651a-5128-a659-599647de2566,Strategy on China of the Government of the Federal Republic of Germany,Federal Government of Germany,DE,en,phase2_5\de_china_strategy_2023_en.pdf,https://www.auswaertiges-amt.de/en/aussenpolitik/regionaleschwerpunkte/asien/strategy-on-china/2608618,Page 10,,4,,8,"1. Introduct Ion
10
1.3.  Partner, competitor, systemic rival
China exerts a crucial influence on all key issues
relating to our world order. The Federal Govern-
ment is seeking to cooperate with China, partic-
ularly as an essential actor in solving key global
challenges. China is the biggest emitter of CO2
worldwide. It will not be possible to overcome
the climate crisis without China. Its actions are
decisive for the preservation of biological diversi-
ty and the environment. At the same time, China
is the biggest producer of renewable energies.
The Federal Government is encouraging China
to live up to its global responsibility as China’s
climate and environmental policy decisions have
an impact on the entire world.
China can be a crucial actor in sustainable de-
velopment, global health and the prevention
of pandemics, as well as for the provision of
further global public goods. The Federal Gov-
ernment will seize the opportunities afforded
by cooperation.
Economic and trade relations remain an im-
portant element of bilateral cooperation with
China. The Federal Government is committed to
ensuring that this cooperation becomes fairer,",,
Q10,"Which industrial software, digital-twin, supply-chain, and smart-manufacturing capabilities does China plan to strengthen?",en,cross-language,phase2_5/cn_intelligent_manufacturing_14th_fyp_2021.pdf,8d3a60f6-0161-5fb4-b30c-a5d6d8dc481a,a1a70ffe-651a-5128-a659-599647de2566,Strategy on China of the Government of the Federal Republic of Germany,Federal Government of Germany,DE,en,phase2_5\de_china_strategy_2023_en.pdf,https://www.auswaertiges-amt.de/en/aussenpolitik/regionaleschwerpunkte/asien/strategy-on-china/2608618,Page 37,,,5,9,"4. stren Gthen InG Germany and the eu
37
4.3.  Technological sovereignty
In key areas, the EU must not become dependent
on technologies from third countries that do not
share our fundamental values. This is, on the
one hand, a question of securing and expanding
technological expertise and capacities and, on
the other, diversifying supply chains and sources
of supply. Moreover, it is important to avoid de-
pendencies in critical areas of information tech-
nology and to strengthen our digital sovereignty.
The Federal Government sets great store by in-
novativeness and the resilience of technological
and digital ecosystems overall.
In order to safeguard Europe’s technological
and digital sovereignty in the long term, we are
investing more in research, development and
innovation and using methods of strategic fore-
sight in order to identify emerging key tech-
nologies in good time. China is also placing an
emphasis in this area. In the context of research
and innovation promotion, the Federal Govern-
ment will issue provisions so that projects with
China in which knowledge drain is likely are
not supported or only supported when suitable
conditions are imposed. We will further devel-",,
Q10,"Which industrial software, digital-twin, supply-chain, and smart-manufacturing capabilities does China plan to strengthen?",en,cross-language,phase2_5/cn_intelligent_manufacturing_14th_fyp_2021.pdf,cc190c76-d4f0-507f-824e-4b6f29149364,a1a70ffe-651a-5128-a659-599647de2566,Strategy on China of the Government of the Federal Republic of Germany,Federal Government of Germany,DE,en,phase2_5\de_china_strategy_2023_en.pdf,https://www.auswaertiges-amt.de/en/aussenpolitik/regionaleschwerpunkte/asien/strategy-on-china/2608618,Page 11,,5,,10,"1. Introduct Ion
11
China’s conduct and decisions have caused the
elements of rivalry and competition in our
relations to increase in recent years. This has
prompted the Federal Government to recalibrate
its cooperation with China and its approach to
the challenges bound up with this, both bilat-
erally and in the European context. The Federal
Government places its trust in the strength of
Germany’s and Europe’s democratic basic order
and social market economy.
Systemic rivalry with China does not mean that
we cannot cooperate. On the contrary, the Feder-
al Government is seeking to cooperate with Chi-
na on the basis of fair conditions. Cooperation
with China is thus a fundamental element of the
Federal Government’s Strategy on China.
However, the Federal Government never loses
sight of the fact that differences with China
relate to the Chinese Government’s political
actions. With its huge diversity, China has made
great achievements, which are admired also in
Germany. Exchange with Chinese society is
enriching for both Germany and China. Our two
countries are linked by Chinese people in Germa-
ny and Germans in China – be it for short visits,",,
Q10,"Which industrial software, digital-twin, supply-chain, and smart-manufacturing capabilities does China plan to strengthen?",en,cross-language,phase2_5/cn_intelligent_manufacturing_14th_fyp_2021.pdf,eb708f2d-1e99-56b5-b27f-969392d822de,a1a70ffe-651a-5128-a659-599647de2566,Strategy on China of the Government of the Federal Republic of Germany,Federal Government of Germany,DE,en,phase2_5\de_china_strategy_2023_en.pdf,https://www.auswaertiges-amt.de/en/aussenpolitik/regionaleschwerpunkte/asien/strategy-on-china/2608618,Page 38,,6,,,"4. stren Gthen InG Germany and the eu
38
4.4.  Risks on the Chinese market
Many German companies have been successfully
doing business in China for decades. With Chi-
na’s economic growth, the share of business with
China in the international business operations of
German companies has increased steadily. The
Chinese market continues to be of great impor-
tance for many companies owing to its share of
the global market, its dynamism and innova-
tiveness and the good cooperation with people
working for German companies in China.
The Dual Circulation  industrial policy strate-
gy sets out objectives that are leading to greater
economic independence for China while at the
same time increasing asymmetrical dependen-
cies abroad. A unilateral reduction of China’s
dependence on German exports is not in Ger-
many’s interests. We are therefore committed to
removing market-distorting and discriminatory
practices in China.
The further China moves away from the norms
and rules of the rulesbased international order,
the more critical dependencies on the Chinese
market, also on the part of individual sectors
or companies, can prove to be a problem. The",,
Q10,"Which industrial software, digital-twin, supply-chain, and smart-manufacturing capabilities does China plan to strengthen?",en,cross-language,phase2_5/cn_intelligent_manufacturing_14th_fyp_2021.pdf,584ef0a9-f48d-5953-a0d7-9e199678c344,387e17ca-0ac5-52f3-bfe2-dc874a387156,Regulation (EU) 2023/1781 (Chips Act),European Parliament and Council of the European Union,EU,en,phase2_5\eu_chips_act_2023_en.pdf,https://eur-lex.europa.eu/legal-content/EN/TXT/?uri=CELEX:32023R1781,Page 32,,7,,,"Ar ticle 21
Key market act ors
Member Stat es shall, in cooperation with the Commission in accordance with Ar ticle 19, identify ke y market actors along
the semiconduct or supply c hains established in their te r r it or y , taking into account the f ollowing elements:
(a) the number of other U nion under takings relying on the ser vice or good provid ed by a mark et actor;
(b) the Union or g lobal mark et share of the ke y market actor in the market f or such ser vices or goods;
(c) the im por tance of a mark et actor in maintaining a sufficient level of supply of a ser vice or good in the U nion, taking
into account the ava ilability of alte r native means f or the pro vision of that ser vice or good;
(d) the im pact a disr upti on of supply of the ser vice or good provided by the market actor ma y hav e on the U nion’s
semiconductor supply chain and dependent mark ets.
Section 2
Aler ts and the activation of the cr isis st age
Ar ticle 22
Aler ts and prev entiv e action
1. Where a national compet ent author ity becomes aware of a r isk of ser ious disr uption in the supply of semiconduct ors",,
Q10,"Which industrial software, digital-twin, supply-chain, and smart-manufacturing capabilities does China plan to strengthen?",en,cross-language,phase2_5/cn_intelligent_manufacturing_14th_fyp_2021.pdf,d42ce72e-34ce-59bd-9423-61229ac79e3c,a1a70ffe-651a-5128-a659-599647de2566,Strategy on China of the Government of the Federal Republic of Germany,Federal Government of Germany,DE,en,phase2_5\de_china_strategy_2023_en.pdf,https://www.auswaertiges-amt.de/en/aussenpolitik/regionaleschwerpunkte/asien/strategy-on-china/2608618,Page 27,,,7,,"3. BI lateral relat Ions w I th c h I na
27
playing a leading role in many green technolo-
gies. At the same time, the country requires green
technologies, including those made by German
companies, to achieve its own climate targets; we
are committed to further market liberalisation
and to a level playing field in China, also with a
view to improving the conditions for supplying
advanced climate technologies produced by Ger-
man companies to China.
Green technologies (products, processes and
services) are generating considerable econom-
ic prosperity already today. Taking the lead on
these technologies is not only important from
an economic point of view, but also has an im-
pact on our scope for political decision-making.
China is a strong competitor for Europe in green
technologies and is seeking to achieve market
and technological dominance. This has already
created unilateral dependencies in critical areas,
e. g. in photovoltaics. We are strengthening Eu-
rope’s innovativeness and production capacities
also in environmental technologies. At the same
time, we are seeking to reduce dependencies by
diversifying sources of supply.
The Federal Government believes that vital in-",,
Q10,"Which industrial software, digital-twin, supply-chain, and smart-manufacturing capabilities does China plan to strengthen?",en,cross-language,phase2_5/cn_intelligent_manufacturing_14th_fyp_2021.pdf,8bcc526b-8620-5c57-b908-5629d372129a,a1a70ffe-651a-5128-a659-599647de2566,Strategy on China of the Government of the Federal Republic of Germany,Federal Government of Germany,DE,en,phase2_5\de_china_strategy_2023_en.pdf,https://www.auswaertiges-amt.de/en/aussenpolitik/regionaleschwerpunkte/asien/strategy-on-china/2608618,Page 26,,8,,,"e CO2 emissions.
Numerous permits for new coal-fired  power
plants are continuing to be issued in China.
Despite announcing that it does not intend to
finance any new coal-fired power plants overseas,
China remains the world’s biggest financer of
coal also abroad. The Federal Government there-
fore intends to conduct an intensive dialogue
with China on phasing out coal. Moreover, we
are seeking an exchange with China on how cli-
mate protection measures can be designed in a
socially just way.
Climate and environmental protection require
cooperation in science and research as well as the
deployment of green technologies around the
world. According to the International Renew-
able Energy Agency (IRENA), China had installed
almost half of the world’s generation capacity in
the area of renewable energies in 2022. China is",,
Q10,"Which industrial software, digital-twin, supply-chain, and smart-manufacturing capabilities does China plan to strengthen?",en,cross-language,phase2_5/cn_intelligent_manufacturing_14th_fyp_2021.pdf,a3970151-4f3a-5bcf-b0e1-789ad946928d,a1a70ffe-651a-5128-a659-599647de2566,Strategy on China of the Government of the Federal Republic of Germany,Federal Government of Germany,DE,en,phase2_5\de_china_strategy_2023_en.pdf,https://www.auswaertiges-amt.de/en/aussenpolitik/regionaleschwerpunkte/asien/strategy-on-china/2608618,Page 42,,,8,,"4. stren Gthen InG Germany and the eu
42
In order to avoid longer-term security risks for
Germany, the EU and their allies, created by
the export of new key technologies, the Federal
Government is committed to the adjustment
of export control lists in international export
control regimes as well as to reviewing national
export control lists against the backdrop of new
technological developments, e. g. in the cyberse-
curity and surveillance technology fields.
The uniform application of existing regulations
at the international level and a coordinated ap-
proach to new technologies are decisive factors
for the effectiveness of export controls for du-
al-use goods. We are promoting close coordina-
tion in the EU as well as strengthened coopera-
tion in the field of export controls between the
G7 and further partners.
Export controls also concern immaterial knowl-
edge and technology transfers. The Federal Gov-
ernment considers free international scientific
exchange to be a precious asset, also in relations
with China. At the same time, we will work to
raise awareness in the German science and re-
search landscape of human rights and security
aspects in the cooperation with China.",,
Q10,"Which industrial software, digital-twin, supply-chain, and smart-manufacturing capabilities does China plan to strengthen?",en,cross-language,phase2_5/cn_intelligent_manufacturing_14th_fyp_2021.pdf,8e2401a8-c8a6-50dd-95ba-8649c60e88f2,a1a70ffe-651a-5128-a659-599647de2566,Strategy on China of the Government of the Federal Republic of Germany,Federal Government of Germany,DE,en,phase2_5\de_china_strategy_2023_en.pdf,https://www.auswaertiges-amt.de/en/aussenpolitik/regionaleschwerpunkte/asien/strategy-on-china/2608618,Page 25,,,9,,"restricted
market access and investment opportunities,
exclusion from public procurement, and unequal
competition e. g. through public subsidies, reg-
ulatory discrimination, forced knowledge and
technology transfer and insufficient protec-
tion for intellectual property rights, including
product piracy. Some of these practices do not
comply with WTO legislation. This is a particular
challenge for small and medium-sized enter-
prises from Germany. The Federal Government
will continue to call on the Chinese side to make
comprehensive structural improvements to the
market environment. The Federal Government is
providing political support to German com-
panies to help them deal with these forms of
discrimination.
We will continue the Chinese-German Economic
Advisory Committee.
European companies have very limited access
to public procurement in China, while Europe’s
procurement market is open to Chinese firms.
We are thus calling on China to accede to the
WTO Agreement on Government Procurement on
the basis of an ambitious offer from the Chinese
side. The EU’s Instrument for International Pro-
curement, which entered into force in summer",,
Q10,"Which industrial software, digital-twin, supply-chain, and smart-manufacturing capabilities does China plan to strengthen?",en,cross-language,phase2_5/cn_intelligent_manufacturing_14th_fyp_2021.pdf,fcb237ad-b8f0-5823-8542-9279dcd669c7,a1a70ffe-651a-5128-a659-599647de2566,Strategy on China of the Government of the Federal Republic of Germany,Federal Government of Germany,DE,en,phase2_5\de_china_strategy_2023_en.pdf,https://www.auswaertiges-amt.de/en/aussenpolitik/regionaleschwerpunkte/asien/strategy-on-china/2608618,Page 10,,9,,,"main an im-
portant element of bilateral cooperation with
China. The Federal Government is committed to
ensuring that this cooperation becomes fairer,
more sustainable and more reciprocal. China
is Germany’s largest single trading partner, but
whereas China’s dependencies on Europe are
constantly declining, Germany’s dependencies
on China have taken on greater significance
in recent years.
Germany accepts competition with China.
Germany and Europe also compete with many
other partners. Everyone benefits from compe-
tition when it is based on fair rules. It is not our
intention to impede China’s economic progress
and development. At the same time, de-risking is
urgently needed. However, we are not pursuing a
decoupling of our economies.
This systemic rivalry is reflected in the fact that
Germany and China have different concepts of
the principles governing the international order
in important areas. The Federal Government is
observing with concern how China is endeavour-
ing to influence the international order in line
with the interests of its single-party system and
thus to relativise the foundations of the rules-
based international order, such as the status
of human rights.",,
Q10,"Which industrial software, digital-twin, supply-chain, and smart-manufacturing capabilities does China plan to strengthen?",en,cross-language,phase2_5/cn_intelligent_manufacturing_14th_fyp_2021.pdf,b902cb84-9cc1-5db5-8136-423520b01c9b,af24f08a-4bb9-50db-8e97-4bab00dece2d,European Economic Security Strategy,European Commission and High Representative of the Union for Foreign Affairs and Security Policy,EU,en,phase2_5\eu_economic_security_strategy_2023_en.pdf,https://eur-lex.europa.eu/legal-content/EN/ALL/?uri=CELEX:52023JC0020,Page 13,,,10,,"omic security is already taking place with various partners
including the US and India as part of the respective Trade and Technology Council s (TTC).
The EU – Japan High Level Economic Dialogue will incorporate a dedicated workstream on
economic security issues.
The G7 provides an important avenue for cooperation on economic security. The May 2023
Hiroshima Summit  statement on economic resilience and economic security confirms the G7
Leaders’ commitment to work together and with partners beyond the G7 to enhance global
economic resilience and economic security, by building resilient supply chains and critical
infrastructure, responding to harmful practices such as non-market policies and economic
coercion, and preventing leakage of critical and emerging technologies.
Having as large a geo -economic toolbox as possible  – from Free Trade Agreements to Digital
Partnerships, Green Alliances and Partnerships, Raw Materials Partnerships, and the Raw
Materials Club and strengthened cooperation with countries in the EU neighbourhood – allows us
to respond to a broad range of economic security related challenges with the appropriate tool for",,
Q11,2024年外资准入负面清单对增值电信、基础电信和医疗机构分别有哪些限制？,zh,direct,phase2_5/cn_foreign_investment_negative_list_2024.pdf,99d1e196-937b-50a2-8b25-8b2c8bd39196,14da8012-79ec-5247-8823-bad5c4c2aa47,外商投资准入特别管理措施（负面清单）（2024年版）,国家发展和改革委员会、商务部,CN,zh,phase2_5\cn_foreign_investment_negative_list_2024.pdf,https://www.ndrc.gov.cn/xxgk/zcfb/fzggwl/202409/t20240907_1392875_ext.html,Page 3,,,1,5,"外商投资准入特别管理措施（负面清单）（2024 年版）
序号 特别管理措施
一、农、林、牧、渔业
1 小麦新品种选育和种子生产的中方股比不低于 34%、玉米新品种选育和种子生产须
由中方控股。
2 禁止投资中国稀有和特有的珍贵优良品种的研发、养殖、种植以及相关繁殖材料的
生产（包括种植业、畜牧业、水产业的优良基因）。
3 禁止投资农作物、种畜禽、水产苗种转基因品种选育及其转基因种子（苗）生产。
4 禁止投资中国管辖海域及内陆水域水产品捕捞。
二、采矿业
5 禁止投资稀土、放射性矿产、钨勘查、开采及选矿。
三、电力、热力、燃气及水生产和供应业
6 核电站的建设、经营须由中方控股。
四、批发和零售业
7 禁止投资烟叶、卷烟、复烤烟叶及其他烟草制品的批发、零售。
五、交通运输、仓储和邮政业
8 国内水上运输公司须由中方控股。
9
公共航空运输公司须由中方控股，且一家外商及其关联企业投资比例不得超过
25%，法定代表人须由中国籍公民担任。通用航空公司的法定代表人须由中国籍公
民担任，其中农、林、渔业通用航空公司限于合资，其他通用航空公司限于中方控
股。
10 民用机场的建设、经营须由中方相对控股。外方不得参与建设、运营机场塔台。
11 禁止投资邮政公司、信件的国内快递业务。
六、信息传输、软件和信息技术服务业
12
电信公司：限于中国入世承诺开放的电信业务，增值电信业务的外资股比不超过
50%（电子商务、国内多方通信、存储转发类、呼叫中心除外），基础电信业务须
由中方控股。
13
禁止投资互联网新闻信息服务、网络出版服务、网络视听节目服务、互联网文化经
营（音乐除外）、互联网公众发布信息服务（上述服务中，中国入世承诺中已开放
的内容除外）。
七、租赁和商务服务业",,
Q11,2024年外资准入负面清单对增值电信、基础电信和医疗机构分别有哪些限制？,zh,direct,phase2_5/cn_foreign_investment_negative_list_2024.pdf,a3d31e45-f581-5e19-a1c3-f18af6c87824,4ef73b7e-ac82-5b3d-b5ec-ec5b0639f4ad,2025年稳外资行动方案,商务部、国家发展和改革委员会（国务院办公厅转发）,CN,zh,phase2_5\cn_foreign_investment_action_plan_2025.html,https://www.mofcom.gov.cn/zcfb/zgdwjjmywg/art/2025/art_4a3fe49da8854e60ba50b51950e1429d.html,,国务院办公厅关于转发商务部、国家发展改革委《2025年稳外资行动方案》的通知,1,,6,"，便利创新药加快上市，优化药品带量采购，进一步提高医疗器械产品采购可预期性。
（五）鼓励外资在华开展股权投资。抓好《外国投资者对上市公司战略投资管理办法》落实，制定发布实施战略投资的操作指引，加大对上市公司、境外基金和投资机构等的宣介力度，引导更多优质外资长期投资我国上市公司。
二、提高投资促进水平
（六）持续打造“投资中国”品牌。落实深化外商投资促进体制机制改革要求，制定打造“投资中国”品牌年度实施方案，精心设计实施“投资中国”系列活动。央地协同联动，开展境外投资促进活动，更好利用外资推进制造业补链强链。针对我主要投资来源地不同特点，研究制定差异化引资目标和策略，与双边经贸联委会（混委会）机制密切配合，全面激活双边投资促进工作组机制，加大项目撮合对接力度。
（七）加大外资企业境内再投资支持力度。持续优化营商环境，切实把外资企业的国民待遇落实到位。研究制定鼓励外资企业境内再投资政策措施，促进外资企业在华所获利润更多用于再投资。开展外资企业境内投资信息报告试点。
（八）扩大鼓励外商投资产业范围。修订扩大鼓励外商投资产业目录，优化外商投资结构，促进外资服务我国制造业高质量发展，引导外资投向现代服务业，支持外资更多投向中西部和东北地区。
（九）取消外商投资性公司使用境内贷款限制。允许外商投资性公司使用境内贷款开展股权投资，加大政策宣传解读力度，为跨国公司在华投资设立总部型机构提供便利。
（十）鼓励跨国公司投资设立投资性公司。优化外商投资举办投资性公司相关规定，在外汇管理、人员出入境、数据跨境流动等方面，为跨国公司投资设立投资性公司提供便利。保障相关外商投资性公司在华投资设立的企业依法依规享受外资企业待遇。
（十一）便利外国投资者在华实施并购投资。在外商投资法框架下，修订《关于外国投资者并购境内企业的规定》，优化外资并购规则和并购交易程序，完善并购管理范围，降低跨境换股门槛等。
（十二）加大重点领域引资力度。鼓励外商投资养殖、饲养设备生产、饲料兽药生产等畜牧业相关领域并享受国民待遇。支持外资企业参与我国新型工业化进程，重点引进高技术领域外商投资，为外资企业提供更多市场机会和合作空间。鼓励养老服务、文化和旅游、体育、医疗、职业教育、金融等服务业领域吸引利用外资，满足多层次服务消费需求。
（十三）加强经济政策和营商环境对外宣介。充分运用新闻发布、吹风会、接受采访、专家解读等方式，对外积极宣传阐释我国扩大高水平对外开放的新政策新举措新亮点。
三、增强开放平台效能
（十四）深化开发区管理制度改革。完善政策支撑体系，制定深化国家级经济技术开发区改革创新的政策文件，在要素保障、重点领域开放、承担改革试点任务、经济管理权限下放等方面出台新举措，提升国家级经济技术开发区外向型经济发展水平。推动国家级高新区、海关特殊监管区域及各类省级开发区等作为对外开放平台发挥稳外资作用。",,
Q11,2024年外资准入负面清单对增值电信、基础电信和医疗机构分别有哪些限制？,zh,direct,phase2_5/cn_foreign_investment_negative_list_2024.pdf,cb72cb2f-eb87-5671-93c1-045857778973,4ef73b7e-ac82-5b3d-b5ec-ec5b0639f4ad,2025年稳外资行动方案,商务部、国家发展和改革委员会（国务院办公厅转发）,CN,zh,phase2_5\cn_foreign_investment_action_plan_2025.html,https://www.mofcom.gov.cn/zcfb/zgdwjjmywg/art/2025/art_4a3fe49da8854e60ba50b51950e1429d.html,,国务院办公厅关于转发商务部、国家发展改革委《2025年稳外资行动方案》的通知,2,4,1,"国务院办公厅关于转发商务部、国家发展改革委《2025年稳外资行动方案》的通知
首页
>
政策发布
>
中国对外经济贸易文告
来源：中国政府网
类型：转载
分类：政策
2025-04-03 14:31
国务院办公厅关于转发商务部、国家发展改革委《2025年稳外资行动方案》的通知
国办函〔2025〕16号
各省、自治区、直辖市人民政府，国务院各部委、各直属机构：
商务部、国家发展改革委《2025年稳外资行动方案》已经国务院同意，现转发给你们，请认真贯彻落实。
国务院办公厅
2025年2月17日
（稿件来源：中国政府网）
2025年稳外资行动方案
商务部国家发展改革委
外商投资是推进高水平对外开放的重要内容，为发展新质生产力和实现中国式现代化发挥着重要作用。为做好2025年稳外资工作，加大引资稳资力度，现制定如下行动方案。
一、有序扩大自主开放
（一）扩大电信、医疗、教育等领域开放试点。支持试点地区抓好增值电信、生物技术、外商独资医院领域开放试点政策宣贯落实，对相关领域外商洽谈项目开展“专班式”跟踪服务，及时协调解决问题，推动项目尽早落地。适时进一步扩大电信、医疗领域开放试点。研究制定有序扩大教育、文化领域自主开放实施方案，适时对外公布并稳步实施。
（二）落实全面取消制造业领域外资准入限制要求。对于外资准入负面清单之外的领域，严格按照内外资一致的原则对外资准入实施管理。修订市场准入负面清单，进一步压减清单事项，面向各类经营主体扩大开放。
（三）优化国家服务业扩大开放综合试点示范。支持北京示范区发挥服务业扩大开放引领作用，推动试点工作提速加力。进一步扩大试点范围，赋予试点新内容新任务，重点领域开放举措优先在试点示范地区试验。深入研究服务业扩大开放政策举措，密切关注试点推进情况，及时复制推广试点经验。支持国家服务业扩大开放综合试点示范地区开展标准化建设。
（四）推动生物医药领域有序开放。支持符合条件的外资企业参与生物制品分段生产试点，加快省级试点方案、质量监管方案审核，推动生物医药产业优化资源配置，及时协调解决试点过程中企业遇到的困难问题。研究完善医药领域开放政策，便利创新药加快上市，优化药品带量采购，进一步提高医疗器械产品采购可预期性。
（五）鼓励外资在华开展股权投资。抓好《外国投资者对上市公司战略投资管理办法》落实，制定发布实施战略投资的操作指引，加大对上市公司、境外基金和投资机构等的宣介力度，引导更多优质外资长期投资我国上市公司。
二、提高投资促进水平",,
Q11,2024年外资准入负面清单对增值电信、基础电信和医疗机构分别有哪些限制？,zh,direct,phase2_5/cn_foreign_investment_negative_list_2024.pdf,bd00d43c-ee75-5015-a30a-3404ffacef59,14da8012-79ec-5247-8823-bad5c4c2aa47,外商投资准入特别管理措施（负面清单）（2024年版）,国家发展和改革委员会、商务部,CN,zh,phase2_5\cn_foreign_investment_negative_list_2024.pdf,https://www.ndrc.gov.cn/xxgk/zcfb/fzggwl/202409/t20240907_1392875_ext.html,Page 4,,5,2,2,"序号 特别管理措施
14 禁止投资中国法律事务（提供有关中国法律环境影响的信息除外），不得成为国内
律师事务所合伙人。
15 市场调查限于合资，其中广播电视收听、收视调查须由中方控股。
16 禁止投资社会调查。
八、科学研究和技术服务业
17 禁止投资人体干细胞、基因诊断与治疗技术开发和应用。
18 禁止投资人文社会科学研究机构。
19
禁止投资大地测量、海洋测绘、测绘航空摄影、地面移动测量、行政区域界线测
绘，地形图、世界政区地图、全国政区地图、省级及以下政区地图、全国性教学地
图、地方性教学地图、真三维地图和导航电子地图编制，区域性的地质填图、矿产
地质、地球物理、地球化学、水文地质、环境地质、地质灾害、遥感地质等调查
（矿业权人在其矿业权范围内开展工作不受此特别管理措施限制）。
九、教育
20
学前、普通高中和高等教育机构限于中外合作办学，须由中方主导（校长或者主要
行政负责人应当具有中国国籍，理事会、董事会或者联合管理委员会的中方组成人
员不得少于 1/2）。
21 禁止投资义务教育机构、宗教教育机构。
十、卫生和社会工作
22 医疗机构限于合资。
十一、文化、体育和娱乐业
23 禁止投资新闻机构（包括但不限于通讯社）。
24 禁止投资图书、报纸、期刊、音像制品和电子出版物的编辑、出版、制作业务。
25
禁止投资各级广播电台（站）、电视台（站）、广播电视频道（率）、广播电视传
输覆盖网（发射台、转播台、广播电视卫星、卫星上行站、卫星收转站、微波站、
监测台及有线广播电视传输覆盖网等），禁止从事广播电视视频点播业务和卫星电
视广播地面接收设施安装服务。
26 禁止投资广播电视节目制作经营（含引进业务）公司。
27 禁止投资电影制作公司、发行公司、院线公司以及电影引进业务。
28 禁止投资文物拍卖的拍卖公司、文物商店和国有文物博物馆。
29 禁止投资文艺表演团体。",,
Q11,2024年外资准入负面清单对增值电信、基础电信和医疗机构分别有哪些限制？,zh,direct,phase2_5/cn_foreign_investment_negative_list_2024.pdf,31c50957-b7d4-5eac-b7dd-b2101daaab10,14da8012-79ec-5247-8823-bad5c4c2aa47,外商投资准入特别管理措施（负面清单）（2024年版）,国家发展和改革委员会、商务部,CN,zh,phase2_5\cn_foreign_investment_negative_list_2024.pdf,https://www.ndrc.gov.cn/xxgk/zcfb/fzggwl/202409/t20240907_1392875_ext.html,Page 1,,4,3,3,"外商投资准入特别管理措施
（负面清单）（2024 年版）
说 明
一、《外商投资准入特别管理措施（负面清单）》（以下简
称《外商投资准入负面清单》）统一列出股权要求、高管要求等
外商投资准入方面的特别管理措施。《外商投资准入负面清单》
之外的领域，按照内外资一致原则实施管理。境内外投资者统一
适用《市场准入负面清单》的有关规定。
二、境外投资者不得作为个体工商户、个人独资企业投资
人、农民专业合作社成员，从事投资经营活动。
三、外商投资企业在中国境内投资，应符合《外商投资准入
负面清单》的有关规定。
四、有关主管部门在依法履行职责过程中，对境外投资者拟
投资《外商投资准入负面清单》内领域，但不符合《外商投资准
入负面清单》规定的，不予办理许可、企业登记注册等相关事
项；涉及固定资产投资项目核准的，不予办理相关核准事项。投
资有股权要求的领域，不得设立外商投资合伙企业。
五、经国务院有关主管部门审核并报国务院批准，特定外商
投资可以不适用《外商投资准入负面清单》中相关领域的规定。",,
Q11,2024年外资准入负面清单对增值电信、基础电信和医疗机构分别有哪些限制？,zh,direct,phase2_5/cn_foreign_investment_negative_list_2024.pdf,f0f3d7a5-9625-5c2e-a039-15bdaad5a15e,4ef73b7e-ac82-5b3d-b5ec-ec5b0639f4ad,2025年稳外资行动方案,商务部、国家发展和改革委员会（国务院办公厅转发）,CN,zh,phase2_5\cn_foreign_investment_action_plan_2025.html,https://www.mofcom.gov.cn/zcfb/zgdwjjmywg/art/2025/art_4a3fe49da8854e60ba50b51950e1429d.html,,国务院办公厅关于转发商务部、国家发展改革委《2025年稳外资行动方案》的通知,3,,7,"四）深化开发区管理制度改革。完善政策支撑体系，制定深化国家级经济技术开发区改革创新的政策文件，在要素保障、重点领域开放、承担改革试点任务、经济管理权限下放等方面出台新举措，提升国家级经济技术开发区外向型经济发展水平。推动国家级高新区、海关特殊监管区域及各类省级开发区等作为对外开放平台发挥稳外资作用。
（十五）实施自由贸易试验区提升战略。推动自由贸易试验区提质增效，扩大改革任务授权，加快推进海南自由贸易港核心政策落地，打造吸引外商投资高地。支持自由贸易试验区在外资准入领域加大压力测试，持续扩大规则、规制、管理、标准等制度型开放。
四、加大服务保障力度
（十六）推动重大和重点外资项目落地。支持将更多外资项目纳入重大外资项目和重点外资项目清单，加大政策支持和服务保障力度，加快推动项目落地建设。
（十七）建立政府采购本国产品标准体系。尽快制定出台相关文件，明确政府采购本国产品标准，确保不同所有制企业在中国境内生产的产品平等参与政府采购活动。加强政府采购领域政策宣传，做好外资企业投诉处理工作。
（十八）拓宽外资企业融资渠道。鼓励金融机构为外资企业提供融资服务，开展重点外资企业贷款需求及投资经营情况调研，有针对性举办银企对接活动。引导各类基金与外资企业开展股权投资合作，支持在华外资企业扩大投资经营规模、深耕中国市场。
（十九）促进人员往来便利化。加快互免签证协定商谈，继续稳妥扩大单方面免签国家范围。优化口岸签证、过境免签、区域性入境免签政策，促进人员跨境流动。更新《外国商务人士在华工作生活指引》。
（二十）提升外资企业贸易便利化水平。做好优惠贸易协定项下原产地证书签证工作，助力外资企业出口货物享受协定伙伴方关税减让。优化重点外资项目进口成套设备检验监管。加大对外资企业海关“经认证的经营者”（AEO）培育力度，进一步优化降低AEO随机布控查验率。积极稳妥推进进口商品采信，将更多符合资质的中外检验机构纳入采信机构目录。鼓励外资企业开展知识产权备案，坚决打击进出口环节侵犯外资企业知识产权的行为。
各地区、各有关部门要在党中央集中统一领导下，坚定不移深化改革开放，细化实化具体落实举措，在投资促进、权益保护、服务保障等方面创新工作方法、强化政策和要素支持，确保2025年内各项举措落地见效，有效提振外商投资信心。要组织有关部门赴重点地区、重点外资企业开展专项走访活动，深入了解外资企业诉求，有效回应外资企业关切。商务部、国家发展改革委要会同有关部门和单位加强指导协调，做好政策宣传，推动政策落地。重大事项及时请示报告。
商务热点
商务部惠企政策专题
学习宣传贯彻党的二十大精神
消费品以旧换新
国家层面海外综合服务平台
商务帮扶
提振消费专项行动 政策集成和综合解读专栏
优化营商环境-国际贸易专题
外贸促进
外资企业问题诉求收集办理
电子商务公共服务
国际消费中心城市培育建设",,
Q11,2024年外资准入负面清单对增值电信、基础电信和医疗机构分别有哪些限制？,zh,direct,phase2_5/cn_foreign_investment_negative_list_2024.pdf,19c8cde3-e9dd-57fe-992b-5ba71d8a2cbd,50c9f3d3-f5ab-5f8f-8191-bd601d25cd73,“十四五”数字经济发展规划,中华人民共和国国务院,CN,zh,phase2_5\cn_digital_economy_14th_fyp_2021.html,https://www.miit.gov.cn/xwdt/szyw/art/2022/art_4ecc233a663b44329d0863e60b51192b.html,,国务院关于印发“十四五”数字经济发展规划的通知,10,9,4,"云计算服务安全评估等，有效防范国家安全风险。健全完善数据跨境流动安全管理相关制度规范。推动提升重要设施设备的安全可靠水平，增强重点行业数据安全保障能力。进一步强化个人信息保护，规范身份信息、隐私信息、生物特征信息的采集、传输和使用，加强对收集使用个人信息的安全监管能力。
（三）切实有效防范各类风险。
强化数字经济安全风险综合研判，防范各类风险叠加可能引发的经济风险、技术风险和社会稳定问题。引导社会资本投向原创性、引领性创新领域，避免低水平重复、同质化竞争、盲目跟风炒作等，支持可持续发展的业态和模式创新。坚持金融活动全部纳入金融监管，加强动态监测，规范数字金融有序创新，严防衍生业务风险。推动关键产品多元化供给，着力提高产业链供应链韧性，增强产业体系抗冲击能力。引导企业在法律合规、数据管理、新技术应用等领域完善自律机制，防范数字技术应用风险。健全失业保险、社会救助制度，完善灵活就业的工伤保险制度。健全灵活就业人员参加社会保险制度和劳动者权益保障制度，推进灵活就业人员参加住房公积金制度试点。探索建立新业态企业劳动保障信用评价、守信激励和失信惩戒等制度。着力推动数字经济普惠共享发展，健全完善针对未成年人、老年人等各类特殊群体的网络保护机制。
十、有效拓展数字经济国际合作
（一）加快贸易数字化发展。
以数字化驱动贸易主体转型和贸易方式变革，营造贸易数字化良好环境。完善数字贸易促进政策，加强制度供给和法律保障。加大服务业开放力度，探索放宽数字经济新业态准入，引进全球服务业跨国公司在华设立运营总部、研发设计中心、采购物流中心、结算中心，积极引进优质外资企业和创业团队，加强国际创新资源“引进来”。依托自由贸易试验区、数字服务出口基地和海南自由贸易港，针对跨境寄递物流、跨境支付和供应链管理等典型场景，构建安全便利的国际互联网数据专用通道和国际化数据信息专用通道。大力发展跨境电商，扎实推进跨境电商综合试验区建设，积极鼓励各业务环节探索创新，培育壮大一批跨境电商龙头企业、海外仓领军企业和优秀产业园区，打造跨境电商产业链和生态圈。
（二）推动“数字丝绸之路”深入发展。
加强统筹谋划，高质量推动中国—东盟智慧城市合作、中国—中东欧数字经济合作。围绕多双边经贸合作协定，构建贸易投资开放新格局，拓展与东盟、欧盟的数字经济合作伙伴关系，与非盟和非洲国家研究开展数字经济领域合作。统筹开展境外数字基础设施合作，结合当地需求和条件，与共建“一带一路”国家开展跨境光缆建设合作，保障网络基础设施互联互通。构建基于区块链的可信服务网络和应用支撑平台，为广泛开展数字经济合作提供基础保障。推动数据存储、智能计算等新兴服务能力全球化发展。加大金融、物流、电子商务等领域的合作模式创新，支持我国数字经济企业“走出去”，积极参与国际合作。
（三）积极构建良好国际合作环境。",,
Q11,2024年外资准入负面清单对增值电信、基础电信和医疗机构分别有哪些限制？,zh,direct,phase2_5/cn_foreign_investment_negative_list_2024.pdf,6557a522-f339-5295-88ce-2706876f67d2,14da8012-79ec-5247-8823-bad5c4c2aa47,外商投资准入特别管理措施（负面清单）（2024年版）,国家发展和改革委员会、商务部,CN,zh,phase2_5\cn_foreign_investment_negative_list_2024.pdf,https://www.ndrc.gov.cn/xxgk/zcfb/fzggwl/202409/t20240907_1392875_ext.html,Page 2,,,5,8,"六、从事《外商投资准入负面清单》禁止投资领域业务的境
内企业到境外发行股份并上市交易的，应当经国家有关主管部门
审核同意，境外投资者不得参与企业经营管理，其持股比例参照
境外投资者境内证券投资管理有关规定执行。
七、境内公司、企业或自然人以其在境外合法设立或控制的
公司并购与其有关联关系的境内公司，按照外商投资、境外投
资、外汇管理等有关规定办理。
八、《外商投资准入负面清单》中未列出的文化、金融等领
域与行政审批、资质条件、国家安全等相关措施，按照现行规定
执行。
九、《内地与香港关于建立更紧密经贸关系的安排》及其后
续协议、《内地与澳门关于建立更紧密经贸关系的安排》及其后
续协议、《海峡两岸经济合作框架协议》及其后续协议、我国缔
结或者参加的国际条约、协定对境外投资者准入待遇有更优惠规
定的，可以按照相关规定执行。在自由贸易试验区等特殊经济区
域对符合条件的投资者实施更优惠开放措施的，按照相关规定执
行。
十、《外商投资准入负面清单》由国家发展改革委、商务部
会同有关部门负责解释。
十一、2021 年 12 月 27 日国家发展改革委、商务部发布的
2021 年版《外商投资准入负面清单》自 2024 年 11 月 1 日起废
止。",,
Q11,2024年外资准入负面清单对增值电信、基础电信和医疗机构分别有哪些限制？,zh,direct,phase2_5/cn_foreign_investment_negative_list_2024.pdf,577e45f4-3ab0-5ae6-a074-a7ccb83e374c,7ac8bab9-bf9f-53ae-b5cc-4d30b3a42eca,德国联邦政府的中国战略,德国联邦政府,DE,zh,phase2_5\de_china_strategy_2023_zh.pdf,https://www.auswaertiges-amt.de/en/aussenpolitik/regionaleschwerpunkte/asien/strategy-on-china/2608618,Page 35,,6,,9,"4. 巩固德国和欧盟
35
直接投资进入市场和获得技术。而德国的
公共秩序和安全不能因此遭遇风险，例如
安全敏感技术外流等。对高科技和基础科
技领域的投资尤其如此。
　　我们借助投资审查保护关键安全领域
及国民供给相关领域的独立性，也保护德
国及其盟国的防卫能力，并增强德国和欧
盟的技术主权。易触发投资审查的特定行
业中的审查项目具有特殊意义。电信、数
据、能源和交通基础设施等 关键基础设施
保护尤为重要。
　　当审查是否对公共秩序或安全存在可
预见的负面影响时，也可考察属于 媒体行
业的投资对象是否参与舆论形成、是否特
别具有时效性和影响力。对媒体领域内的
投资进行审查有助于保持媒体多样性，保
护德国及欧盟的政治和民主程序免受非正
当影响。
　　中国企业可能出于对德国的投资审查
手段作出反应等原因改变投资策略。有鉴
于此，同时考虑到某些投资意向的跨境性
质，德国政府将重点加强欧盟内部以及与
美国和七国集团框架内的 交流。我们由此
可在战略相关行业及时觉察新的投资策
略，并可相应地调整应对方式。
　　外国投资关涉德国的安全利益。出于
对此的重视，德国政府不断考察现行投资
审查法规的有效性，计划对其进行修订并
合成为一部单独的投资审查法。
　　德国政府清楚地了解对投资实施监管
干预可能带来的经济和社会影响。我们会
在投资审查程序范围外审度和运用一切现
有的、经济合理且可持续的手段，为全面
维护区位和就业岗位提供保障。
　　德国政府重申与伙伴协商的责任，并
有决心防止我们研发的 高精尖技术被用于
发展危及世界和平与国际安全的军事能
力。某些成套技术虽然数量有限，其发展
对增强军事与情报能力却至关重要。某些
行为体有可能利用这些能力危害世界和平
与国际安全。防止德国企业的资本、专业
能力和知识被用于支持该等企图符合我们
的共同利益。 我们在这样的局势下认识到，
关于对外投资相关风险的适当应对措施可
能相当重要，以此作为现有的、有针对性
的对内对外投资的监管工具的补充。欧盟
委员会宣布，将研究为应对向第三国投资
的相关安全风险可能采取的措施。德国政
府将积极参与这一程序。德国政府为此将
从国家安全的角度做出独立分析，并与经
济界及国际和欧洲伙伴展开相关交流。
　　面对当今种种挑战，我们在着力充实
经济安全工具箱的同时会帮助私营经济明
确了解公私双方的共同目标。此外，我们
还将继续与我们的伙伴展开协商和 经验交
流，在可行时，还将努力对实行的措施加
以协调，使之最大程度地发挥效用。",,
Q11,2024年外资准入负面清单对增值电信、基础电信和医疗机构分别有哪些限制？,zh,direct,phase2_5/cn_foreign_investment_negative_list_2024.pdf,a2517b07-e5dd-54b1-975e-460f7f010a61,1415b941-a535-5833-80b4-f682dcc95158,网络数据安全管理条例,中华人民共和国国务院,CN,zh,phase2_5\cn_network_data_security_regulation_2024.html,https://app.www.gov.cn/govdata/gov/202409/30/520076/article.html,,网络数据安全管理条例,,6,10,"、商业秘密、保密商务信息等网络数据应当依法予以保密，不得泄露或者非法向他人提供。
第五十四条
境外的组织、个人从事危害中华人民共和国国家安全、公共利益，或者侵害中华人民共和国公民的个人信息权益的网络数据处理活动的，国家网信部门会同有关主管部门可以依法采取相应的必要措施。
第八章　法律责任
第五十五条
违反本条例第十二条、第十六条至第二十条、第二十二条、第四十条第一款和第二款、第四十一条、第四十二条规定的，由网信、电信、公安等主管部门依据各自职责责令改正，给予警告，没收违法所得；拒不改正或者情节严重的，处100万元以下罚款，并可以责令暂停相关业务、停业整顿、吊销相关业务许可证或者吊销营业执照，对直接负责的主管人员和其他直接责任人员可以处1万元以上10万元以下罚款。
第五十六条
违反本条例第十三条规定的，由网信、电信、公安、国家安全等主管部门依据各自职责责令改正，给予警告，可以并处10万元以上100万元以下罚款，对直接负责的主管人员和其他直接责任人员可以处1万元以上10万元以下罚款；拒不改正或者情节严重的，处100万元以上1000万元以下罚款，并可以责令暂停相关业务、停业整顿、吊销相关业务许可证或者吊销营业执照，对直接负责的主管人员和其他直接责任人员处10万元以上100万元以下罚款。
第五十七条
违反本条例第二十九条第二款、第三十条第二款和第三款、第三十一条、第三十二条规定的，由网信、电信、公安等主管部门依据各自职责责令改正，给予警告，可以并处5万元以上50万元以下罚款，对直接负责的主管人员和其他直接责任人员可以处1万元以上10万元以下罚款；拒不改正或者造成大量数据泄露等严重后果的，处50万元以上200万元以下罚款，并可以责令暂停相关业务、停业整顿、吊销相关业务许可证或者吊销营业执照，对直接负责的主管人员和其他直接责任人员处5万元以上20万元以下罚款。
第五十八条
违反本条例其他有关规定的，由有关主管部门依照《中华人民共和国网络安全法》、《中华人民共和国数据安全法》、《中华人民共和国个人信息保护法》等法律的有关规定追究法律责任。
第五十九条
网络数据处理者存在主动消除或者减轻违法行为危害后果、违法行为轻微并及时改正且没有造成危害后果或者初次违法且危害后果轻微并及时改正等情形的，依照《中华人民共和国行政处罚法》的规定从轻、减轻或者不予行政处罚。
第六十条
国家机关不履行本条例规定的网络数据安全保护义务的，由其上级机关或者有关主管部门责令改正；对直接负责的主管人员和其他直接责任人员依法给予处分。
第六十一条
违反本条例规定，给他人造成损害的，依法承担民事责任；构成违反治安管理行为的，依法给予治安管理处罚；构成犯罪的，依法追究刑事责任。
第九章　附　　则
第六十二条
本条例下列用语的含义：
（一）网络数据，是指通过网络处理和产生的各种电子数据。",,
Q11,2024年外资准入负面清单对增值电信、基础电信和医疗机构分别有哪些限制？,zh,direct,phase2_5/cn_foreign_investment_negative_list_2024.pdf,8bf89521-0145-55e4-8389-8927cdb480a3,7ac8bab9-bf9f-53ae-b5cc-4d30b3a42eca,德国联邦政府的中国战略,德国联邦政府,DE,zh,phase2_5\de_china_strategy_2023_zh.pdf,https://www.auswaertiges-amt.de/en/aussenpolitik/regionaleschwerpunkte/asien/strategy-on-china/2608618,Page 19,,7,,,"3. 与中国的双边关系
19
我们的目标是在合作的过程中实现具体的
改善并促使中方进一步开放。
　　我们要继续开展具有特殊意义的 对话
机制，如外长级战略对话、高级别财金对
话、高级别安全对话、人权对话、法治国
家对话和关于未来工作的对话。2023 年
还将增加气候和转型对话。
　　人权对话在近年来已很少举行，成果
也不如预期。另外，中国对法治国家的不
同理解给双边法律关系带来了挑战。我们
争取将人权对话与 法治国家对话一起重新
做出安排。人权和法治国家事务属于跨领
域问题，原则上包括在我们所有的对话机
制中。我们要努力在全球范围内加强女性
和边缘化群体的权利、增加他们能够获得
的资源和代表性。我们努力将对女性的保
护和支持以及女性的参与作为跨领域议题
贯穿于我们与中国的关系中。儿童和边缘
群体的权利、能够获得的资源和代表性也
是这项政策的一部分。
　　中国作为联合国安理会的常任理事国
对世界和平与安全负有特殊的责任。在应
对外部挑战和安全政策方面的挑战时，我
们谋求与中国开展建设性合作。在外长级
战略对话中，我们聚焦于具有特殊的双边
和国际意义的议题。其中包括《维也纳外
交关系公约》和《维也纳领事关系公约》
中规定的相互尊重。我们会就此与我们的
欧盟伙伴密切协调。
　　关于地区议题（亚太地区、阿富汗、
伊朗、近中东、非洲）和跨领域议题（国
际法、联合国、军控、网络）的 专业对话
可以作为与中国进行协调的补充，还可借
以探讨合作的可能。未来德中两国的驻外
代表机构应在其所在地更多地开展交流。
　　德国政府还利用双边对话机制要求中
国遵守基于《海洋法公约》和 2016 年根
据《海洋法公约》就南中国海所做的具有
约束力的仲裁裁决的 国际法义务。该地区
也涉及德国和欧盟的利益，因为这里的各
种挑战相互重叠，包括维护国际法和安全
以及对外贸、气候保护和生物多样性保护
的需求。我们将长久维护《海洋法公约》
赋予所有国家的权利和自由，并通过海洋
航行宣示这一主张。
　　另外我们还利用双边对话机制敦促中
国接纳应依法遣返的本国公民 。这是习惯
国际法中所有国家应尽的义务。
　　我们将继续开展两国 国防部和武装力
量之间的交流， 以加强相互理解和透明度，
避免误解和误判。
　　德国政府对保持既有的和设定其他的
磋商机制持开放态度，前提是有助于实际
完成已经议定的目标。
　　除与中国开展双边合作外，我们同样
重视与中国开展 多边合作。在这方面，重
要的是寻求对话，以争取他方对我们立场
的理解，并在可能的情况下共同为相关建
议和行动提供支持。中国是联合国行动重
要的部队派遣国，还拥有全球性的联系网
络。 这些都可以成为我们展开合作的基础。
在此我们致力于在联合国“妇女、和平与
安全”第 1325 号决议的基础上，在寻找
解决方案时进一步着眼于女性权益。",,
Q11,2024年外资准入负面清单对增值电信、基础电信和医疗机构分别有哪些限制？,zh,direct,phase2_5/cn_foreign_investment_negative_list_2024.pdf,d876c3f1-826b-54f0-b7b1-047a31ce9754,7ac8bab9-bf9f-53ae-b5cc-4d30b3a42eca,德国联邦政府的中国战略,德国联邦政府,DE,zh,phase2_5\de_china_strategy_2023_zh.pdf,https://www.auswaertiges-amt.de/en/aussenpolitik/regionaleschwerpunkte/asien/strategy-on-china/2608618,Page 37,,,7,,"4. 巩固德国和欧盟
37
使用。我们力争在欧盟范围内保持此类网
络的建设、维护和更新能力。
　　涉及关键基础设施的各行业须在专门
法基础上逐一定义关键部件或部件实现的
关键 IT 功能。这项工作已在电信领域的
公共 5G 移动网络实施完毕。德国联邦网
络局将于 2023 年公布能源行业的关键功
能清单。我们将迅速审核现行法规的有效
性，必要时修订相关法律。
　　目前尚未就 非I T产 品出台相应法规。
为弥合保护上的缺口， 我们着力展开交流，
探讨如何尽快有效地从整体上保护关键基
础设施， 使其免受外国可疑供应商的影响、
防止依赖。这些措施对经济产生的负担应
当适度。
　　公共采购领域也必须严格审查潜在的
安全风险。
4.9. 抵御外来影响
　　德国政府主张，针对网络内外存在的
对政治、经济、科研和社会的 混合威胁 ，
整个政府和全社会应共同增强抵御力。以
德国为目标的间谍活动不断增加，网络空
间首当其冲。我们坚决抗击中国情报机构
和国家主导的行动小组在德国境内或针对
德国进行实体和数字的间谍和破坏活动。
　　德国政府确保德国主权不因针对居住
在德国的中国公民的跨国压迫手段受到侵
犯。我们重点关注“ 海外警务站”及目标
类似的其他机构。我们在国家和欧洲层面
上采取适当的反制措施。
　　德国政府将继续密切观察通过 党支部
等手段对部分中国侨民实行监视及政治控
制的行为。
　　我们秉持开放、包容和信任精神与华
裔德国人和驻德华侨共处。
　　成功抵御风险要求使各方努力形成网
络，这也包括各州、市、乡镇层面。德国
政府提供交流平台并推介提高能力和增加
意识的措施。
　　德国政府对中国官方施加 非正当影响
的多种方式保持警惕。这些方式或公开或
隐蔽，或采取恐吓及强迫手段，其欲达到
的目的违反德国的利益，包括德国维护自
由民主的基本秩序的利益。为提高公众对
此问题的意识，宪法保卫报告也对中方施
加影响的情况作出提示。德国的措施与欧
洲层面的措施彼此配合（尤其在“欧盟混
合工具箱”框架内） 。在欧盟和北约内部
以及国际层面，我们推动与那些在中国进
行的间谍、破坏、施加影响和传播虚假信
息活动方面拥有经验的伙伴开展交流。
　　在中国对港对台政策等议题上，中国
增加了在全球扩大 宣传虚假信息 的努力。
在俄罗斯违反国际法对乌克兰发动侵略战",,
Q11,2024年外资准入负面清单对增值电信、基础电信和医疗机构分别有哪些限制？,zh,direct,phase2_5/cn_foreign_investment_negative_list_2024.pdf,526c1d54-8f8c-51be-a84f-0f2b68b302a6,7ac8bab9-bf9f-53ae-b5cc-4d30b3a42eca,德国联邦政府的中国战略,德国联邦政府,DE,zh,phase2_5\de_china_strategy_2023_zh.pdf,https://www.auswaertiges-amt.de/en/aussenpolitik/regionaleschwerpunkte/asien/strategy-on-china/2608618,Page 29,,,8,,"29
4.
巩固德国和欧盟
4.1. 区位政策和欧盟单一市场 　 .................................... 　30
4.2. 供应链多元化　  ............................................. 　31
4.3. 技术主权　 ................................................. 　32
4.4. 中国市场的风险 　  ........................................... 　33
4.5. 贸易政策工具　  ............................................. 　34
4.6. 投资管理　 ................................................. 　34
4.7. 出口管制　 ................................................. 　36
4.8. 保护关键基础设施 　  ......................................... 　36
4.9. 抵御外来影响　  ............................................. 　37
4.10. 网络安全　 ................................................ 　38",,
Q11,2024年外资准入负面清单对增值电信、基础电信和医疗机构分别有哪些限制？,zh,direct,phase2_5/cn_foreign_investment_negative_list_2024.pdf,5e01bef4-aa13-57f4-b8c0-badcd3da319b,1415b941-a535-5833-80b4-f682dcc95158,网络数据安全管理条例,中华人民共和国国务院,CN,zh,phase2_5\cn_network_data_security_regulation_2024.html,https://app.www.gov.cn/govdata/gov/202409/30/520076/article.html,,网络数据安全管理条例,8,,,"施运营者提供服务，或者参与其他公共基础设施、公共服务系统建设、运行、维护的，应当依照法律、法规的规定和合同约定履行网络数据安全保护义务，提供安全、稳定、持续的服务。
前款规定的网络数据处理者未经委托方同意，不得访问、获取、留存、使用、泄露或者向他人提供网络数据，不得对网络数据进行关联分析。
第十七条
为国家机关提供服务的信息系统应当参照电子政务系统的管理要求加强网络数据安全管理，保障网络数据安全。
第十八条
网络数据处理者使用自动化工具访问、收集网络数据，应当评估对网络服务带来的影响，不得非法侵入他人网络，不得干扰网络服务正常运行。
第十九条
提供生成式人工智能服务的网络数据处理者应当加强对训练数据和训练数据处理活动的安全管理，采取有效措施防范和处置网络数据安全风险。
第二十条
面向社会提供产品、服务的网络数据处理者应当接受社会监督，建立便捷的网络数据安全投诉、举报渠道，公布投诉、举报方式等信息，及时受理并处理网络数据安全投诉、举报。
第三章　个人信息保护
第二十一条
网络数据处理者在处理个人信息前，通过制定个人信息处理规则的方式依法向个人告知的，个人信息处理规则应当集中公开展示、易于访问并置于醒目位置，内容明确具体、清晰易懂，包括但不限于下列内容：
（一）网络数据处理者的名称或者姓名和联系方式；
（二）处理个人信息的目的、方式、种类，处理敏感个人信息的必要性以及对个人权益的影响；
（三）个人信息保存期限和到期后的处理方式，保存期限难以确定的，应当明确保存期限的确定方法；
（四）个人查阅、复制、转移、更正、补充、删除、限制处理个人信息以及注销账号、撤回同意的方法和途径等。
网络数据处理者按照前款规定向个人告知收集和向其他网络数据处理者提供个人信息的目的、方式、种类以及网络数据接收方信息的，应当以清单等形式予以列明。网络数据处理者处理不满十四周岁未成年人个人信息的，还应当制定专门的个人信息处理规则。
第二十二条
网络数据处理者基于个人同意处理个人信息的，应当遵守下列规定：
（一）收集个人信息为提供产品或者服务所必需，不得超范围收集个人信息，不得通过误导、欺诈、胁迫等方式取得个人同意；
（二）处理生物识别、宗教信仰、特定身份、医疗健康、金融账户、行踪轨迹等敏感个人信息的，应当取得个人的单独同意；
（三）处理不满十四周岁未成年人个人信息的，应当取得未成年人的父母或者其他监护人的同意；
（四）不得超出个人同意的个人信息处理目的、方式、种类、保存期限处理个人信息；
（五）不得在个人明确表示不同意处理其个人信息后，频繁征求同意；
（六）个人信息的处理目的、方式、种类发生变更的，应当重新取得个人同意。
法律、行政法规规定处理敏感个人信息应当取得书面同意的，从其规定。
第二十三条",,
Q11,2024年外资准入负面清单对增值电信、基础电信和医疗机构分别有哪些限制？,zh,direct,phase2_5/cn_foreign_investment_negative_list_2024.pdf,4dfcc3ce-718b-5f6e-90be-5ebd8b0dfe4d,1415b941-a535-5833-80b4-f682dcc95158,网络数据安全管理条例,中华人民共和国国务院,CN,zh,phase2_5\cn_network_data_security_regulation_2024.html,https://app.www.gov.cn/govdata/gov/202409/30/520076/article.html,,网络数据安全管理条例,9,,,"的同意；
（四）不得超出个人同意的个人信息处理目的、方式、种类、保存期限处理个人信息；
（五）不得在个人明确表示不同意处理其个人信息后，频繁征求同意；
（六）个人信息的处理目的、方式、种类发生变更的，应当重新取得个人同意。
法律、行政法规规定处理敏感个人信息应当取得书面同意的，从其规定。
第二十三条
个人请求查阅、复制、更正、补充、删除、限制处理其个人信息，或者个人注销账号、撤回同意的，网络数据处理者应当及时受理，并提供便捷的支持个人行使权利的方法和途径，不得设置不合理条件限制个人的合理请求。
第二十四条
因使用自动化采集技术等无法避免采集到非必要个人信息或者未依法取得个人同意的个人信息，以及个人注销账号的，网络数据处理者应当删除个人信息或者进行匿名化处理。法律、行政法规规定的保存期限未届满，或者删除、匿名化处理个人信息从技术上难以实现的，网络数据处理者应当停止除存储和采取必要的安全保护措施之外的处理。
第二十五条
对符合下列条件的个人信息转移请求，网络数据处理者应当为个人指定的其他网络数据处理者访问、获取有关个人信息提供途径：
（一）能够验证请求人的真实身份；
（二）请求转移的是本人同意提供的或者基于合同收集的个人信息；
（三）转移个人信息具备技术可行性；
（四）转移个人信息不损害他人合法权益。
请求转移个人信息次数等明显超出合理范围的，网络数据处理者可以根据转移个人信息的成本收取必要费用。
第二十六条
中华人民共和国境外网络数据处理者处理境内自然人个人信息，依照《中华人民共和国个人信息保护法》第五十三条规定在境内设立专门机构或者指定代表的，应当将有关机构的名称或者代表的姓名、联系方式等报送所在地设区的市级网信部门；网信部门应当及时通报同级有关主管部门。
第二十七条
网络数据处理者应当定期自行或者委托专业机构对其处理个人信息遵守法律、行政法规的情况进行合规审计。
第二十八条
网络数据处理者处理1000万人以上个人信息的，还应当遵守本条例第三十条、第三十二条对处理重要数据的网络数据处理者（以下简称重要数据的处理者）作出的规定。
第四章　重要数据安全
第二十九条
国家数据安全工作协调机制统筹协调有关部门制定重要数据目录，加强对重要数据的保护。各地区、各部门应当按照数据分类分级保护制度，确定本地区、本部门以及相关行业、领域的重要数据具体目录，对列入目录的网络数据进行重点保护。
网络数据处理者应当按照国家有关规定识别、申报重要数据。对确认为重要数据的，相关地区、部门应当及时向网络数据处理者告知或者公开发布。网络数据处理者应当履行网络数据安全保护责任。
国家鼓励网络数据处理者使用数据标签标识等技术和产品，提高重要数据安全管理水平。
第三十条
重要数据的处理者应当明确网络数据安全负责人和网络数据安全管理机构。网络数据安全管理机构应当履行下列网络数据安全保护责任：",,
Q11,2024年外资准入负面清单对增值电信、基础电信和医疗机构分别有哪些限制？,zh,direct,phase2_5/cn_foreign_investment_negative_list_2024.pdf,40734300-f686-5c76-b64f-928d91e8f077,7bfce756-cb53-55d0-bb79-5aa128f1a796,生成式人工智能服务管理暂行办法,国家互联网信息办公室等七部门,CN,zh,phase2_5\cn_genai_interim_measures_2023.html,https://www.cac.gov.cn/2023-07/13/c_1690898327029107.htm,,生成式人工智能服务管理暂行办法_中央网络安全和信息化委员会办公室,,10,,"生成式人工智能服务管理暂行办法_中央网络安全和信息化委员会办公室
设为首页
加入收藏
手机版
繁体
搜索
首 页
时政要闻
网信政务
互动服务
热点专题
当前位置：
首页
>
正文
首页
时政要闻
网信政务
互动服务
热点专题
生成式人工智能服务管理暂行办法
2023年07月13日 15:00
来源：
 中国网信网
【打印】
【纠错】
国家互联网信息办公室
中华人民共和国国家发展和改革委员会
中华人民共和国教育部
中华人民共和国科学技术部
中华人民共和国工业和信息化部
中华人民共和国公安部
国家广播电视总局
令
第15号
《生成式人工智能服务管理暂行办法》已经2023年5月23日国家互联网信息办公室2023年第12次室务会会议审议通过，并经国家发展和改革委员会、教育部、科学技术部、工业和信息化部、公安部、国家广播电视总局同意，现予公布，自2023年8月15日起施行。
国家互联网信息办公室主任 庄荣文
国家发展和改革委员会主任 郑栅洁
教育部部长 怀进鹏
科学技术部部长 王志刚
工业和信息化部部长 金壮龙
公安部部长 王小洪
国家广播电视总局局长 曹淑敏
2023年7月10日
生成式人工智能服务管理暂行办法
第一章 总　则
第一条
为了促进生成式人工智能健康发展和规范应用，维护国家安全和社会公共利益，保护公民、法人和其他组织的合法权益，根据《中华人民共和国网络安全法》、《中华人民共和国数据安全法》、《中华人民共和国个人信息保护法》、《中华人民共和国科学技术进步法》等法律、行政法规，制定本办法。
第二条
利用生成式人工智能技术向中华人民共和国境内公众提供生成文本、图片、音频、视频等内容的服务（以下称生成式人工智能服务），适用本办法。
国家对利用生成式人工智能服务从事新闻出版、影视制作、文艺创作等活动另有规定的，从其规定。
行业组织、企业、教育和科研机构、公共文化机构、有关专业机构等研发、应用生成式人工智能技术，未向境内公众提供生成式人工智能服务的，不适用本办法的规定。
第三条
国家坚持发展和安全并重、促进创新和依法治理相结合的原则，采取有效措施鼓励生成式人工智能创新发展，对生成式人工智能服务实行包容审慎和分类分级监管。
第四条
提供和使用生成式人工智能服务，应当遵守法律、行政法规，尊重社会公德和伦理道德，遵守以下规定：
（一）坚持社会主义核心价值观，不得生成煽动颠覆国家政权、推翻社会主义制度，危害国家安全和利益、损害国家形象，煽动分裂国家、破坏国家统一和社会稳定，宣扬恐怖主义、极端主义，宣扬民族仇恨、民族歧视，暴力、淫秽色情，以及虚假有害信息等法律、行政法规禁止的内容；
（二）在算法设计、训练数据选择、模型生成和优化、提供服务等过程中，采取有效措施防止产生民族、信仰、国别、地域、性别、年龄、职业、健康等歧视；",,
Q12,What restrictions remain for foreign investment in telecommunications and healthcare under China’s 2024 negative list?,en,cross-language,phase2_5/cn_foreign_investment_negative_list_2024.pdf,0edb4a30-8803-59e7-9fea-dee569268056,a1a70ffe-651a-5128-a659-599647de2566,Strategy on China of the Government of the Federal Republic of Germany,Federal Government of Germany,DE,en,phase2_5\de_china_strategy_2023_en.pdf,https://www.auswaertiges-amt.de/en/aussenpolitik/regionaleschwerpunkte/asien/strategy-on-china/2608618,Page 25,,,1,1,"3. BI lateral relat Ions w I th c h I na
25
exerted by the CCP is in the foreground in this
regard. This became clear especially during the
COVID-19 pandemic.
The Federal Government is not seeking to engage
in any decoupling with China. We want to pre-
serve our close economic ties with the country.
However, we want to become less dependent in
critical sectors in order to reduce the risks they
entail. The pandemic revealed our dependencies,
e. g. in the field of medical technology and me-
dicinal products. There are also critical depen-
dencies in other important sectors, such as rare
earths and preliminary products that we need for
the energy transition, and China has exploited
other countries’ dependencies in the past. The
situation in the Taiwan Strait shows how vul-
nerable supply chains are, particularly as regards
semiconductors. De-risking and diversification
measures are explained in Chapters 4 and 5.
German companies continue to face disadvan-
tages in China, including as a result of restricted
market access and investment opportunities,
exclusion from public procurement, and unequal
competition e. g. through public subsidies, reg-",,
Q12,What restrictions remain for foreign investment in telecommunications and healthcare under China’s 2024 negative list?,en,cross-language,phase2_5/cn_foreign_investment_negative_list_2024.pdf,39d12de0-3484-5243-aad3-ae46d82ec1a3,a1a70ffe-651a-5128-a659-599647de2566,Strategy on China of the Government of the Federal Republic of Germany,Federal Government of Germany,DE,en,phase2_5\de_china_strategy_2023_en.pdf,https://www.auswaertiges-amt.de/en/aussenpolitik/regionaleschwerpunkte/asien/strategy-on-china/2608618,Page 28,,1,,2,"extent.
The Federal Government is committed to ensur-
ing that China plays a bigger role in supporting
multilateral funds for overcoming global chal-
lenges in the future. We are calling on China, in
its capacity as a creditor, to offer debt-for-climate
swaps and debt-for-nature swaps.
At Germany’s initiative, the EU tabled a motion
in 2016 in the Commission for the Conservation of
Antarctic Marine Living Resources for establishing
a marine protected area in the Weddell Sea. The
Federal Government is actively lobbying for Chi-
na to lend its support to this motion.
The International Treaty on Plant Genetic Re -
sources for Food and Agriculture  entered into
force in 2004 and is thus the first legally binding
agreement for implementing the CBD. We are
calling for China’s rapid accession to this treaty.
China is the world’s biggest producer of plastics
and is responsible for a substantial proportion
of plastic litter pollution of the environment
worldwide. We are seeking a dialogue with
China on the negative impacts of a non-sus-
tainable use of plastic and its impacts on litter
pollution around the world. Cooperation and
intensive exchange with China are also essential",,
Q12,What restrictions remain for foreign investment in telecommunications and healthcare under China’s 2024 negative list?,en,cross-language,phase2_5/cn_foreign_investment_negative_list_2024.pdf,2fbf5511-ce73-5c56-9573-76bae8f52928,a1a70ffe-651a-5128-a659-599647de2566,Strategy on China of the Government of the Federal Republic of Germany,Federal Government of Germany,DE,en,phase2_5\de_china_strategy_2023_en.pdf,https://www.auswaertiges-amt.de/en/aussenpolitik/regionaleschwerpunkte/asien/strategy-on-china/2608618,Page 40,,,2,3,"curity, the lower the threshold for
acquisitions to be screened. These screenings
apply in a non-discriminatory manner to all
third-country investors.
Chinese direct investments pose particular
challenges for us owing to the political and eco-
nomic circumstances in the country of origin.
The Military-Civil Fusion policy pursued by the
Chinese Government is particularly critical in
this context as civilian corporate interests and
the development of military capabilities can no
longer be clearly distinguished from one another.
Direct investments by Chinese companies abroad
open up access to markets and technologies. This
must not lead to any risks for Germany’s public
order and security, e. g. owing to the drain of
technologies that are sensitive in terms of securi-
ty. This is playing a role especially in the context
of advanced and fundamental technologies.
Thanks to investment screening, we are protect-
ing independence in areas critical to security and
to supplying the population, safeguarding the
defence capability of Germany and its alliance
partners and strengthening the technological
sovereignty of Germany and the EU. Fields of",,
Q12,What restrictions remain for foreign investment in telecommunications and healthcare under China’s 2024 negative list?,en,cross-language,phase2_5/cn_foreign_investment_negative_list_2024.pdf,ec4e43fa-c324-539a-8b5d-8701c617e1ca,a1a70ffe-651a-5128-a659-599647de2566,Strategy on China of the Government of the Federal Republic of Germany,Federal Government of Germany,DE,en,phase2_5\de_china_strategy_2023_en.pdf,https://www.auswaertiges-amt.de/en/aussenpolitik/regionaleschwerpunkte/asien/strategy-on-china/2608618,Page 49,,2,,4,"5. Internat Ional cooperat Ion
49
5.1.  Global partnerships
Coordination with Germany’s closest partners
is fundamental to our foreign policy; this also
applies to our policy-making with and vis-à-vis
China. Both the transatlantic alliance and the
close partnership built on trust with the United
States, including in the G7, is of tremendous im-
portance for the EU and for Germany.
Global partnerships begin in Germany’s immedi-
ate neighbourhood: We maintain especially close
and manifold ties with the countries of the West-
ern Balkans and Eastern Europe. Matters that are
important for the countries of the Western Bal-
kans and Eastern Europe deserve attention, also
because they present an opportunity for China
to expand its capability to exert influence. The
Federal Government expects these countries, as
they draw closer to EU membership, to increas-
ingly bring their foreign and security policies in
line with EU policy.
It is a key aim of the European Union for Africa
to be prosperous, peaceful and resilient. The EU
is Africa’s largest trading partner, and the EU’s
total foreign investment in Africa is more than
sixfold that of China. At the same time, China",,
Q12,What restrictions remain for foreign investment in telecommunications and healthcare under China’s 2024 negative list?,en,cross-language,phase2_5/cn_foreign_investment_negative_list_2024.pdf,14e31da2-5374-5c65-85f2-80afcf1cf788,a1a70ffe-651a-5128-a659-599647de2566,Strategy on China of the Government of the Federal Republic of Germany,Federal Government of Germany,DE,en,phase2_5\de_china_strategy_2023_en.pdf,https://www.auswaertiges-amt.de/en/aussenpolitik/regionaleschwerpunkte/asien/strategy-on-china/2608618,Page 43,,,3,5,"4. stren Gthen InG Germany and the eu
43
communications, Post and Railway will publish
a list of critical functions for the energy sector in
2023. We will swiftly conduct an assessment of
the effectiveness of the regulations to date and, if
necessary, amend the respective legislation.
There is still no corresponding regulation for
non-IT products. In order to close this loophole,
we are looking to enter into a dialogue on how
we can protect critical infrastructures as a whole
as quickly and effectively as possible against
the influence and dependencies of question-
able producers from abroad. The business sector
should only be burdened to the extent necessary
in this regard.
Public procurements must also be subjected to
intensive scrutiny for potential security risks.
4.9.  Resilience to interference
The Federal Government considers strengthen-
ing our resilience against hybrid threats in the
spheres of politics, business, science and research
and society to be a task for our entire govern-
ment, as well as for society as a whole. Espionage
activities targeting Germany continue to increase,
particularly in cyberspace. We take decisive action",,
Q12,What restrictions remain for foreign investment in telecommunications and healthcare under China’s 2024 negative list?,en,cross-language,phase2_5/cn_foreign_investment_negative_list_2024.pdf,e02eb6ee-d12b-5438-b68a-bec0f4a4b797,a1a70ffe-651a-5128-a659-599647de2566,Strategy on China of the Government of the Federal Republic of Germany,Federal Government of Germany,DE,en,phase2_5\de_china_strategy_2023_en.pdf,https://www.auswaertiges-amt.de/en/aussenpolitik/regionaleschwerpunkte/asien/strategy-on-china/2608618,Page 40,,3,,6,"4. stren Gthen InG Germany and the eu
40
4.6.  Dealing with investments
With the Regulation establishing a framework
for the screening of foreign direct investments, a
legal framework for screening foreign direct
investments was created in the EU in 2019. This
Regulation envisages a cooperation mechanism
between the member states and the European
Commission. Its objective is to uphold the prin-
ciple of the freedom of foreign trade as well as
the EU’s openness for foreign direct investments
while preserving security interests in the process.
Germany’s investment screening operates within
this framework. The Federal Government may
impose conditions on or prohibit the acquisi-
tion of or holdings in domestic companies. The
decisive consideration here is whether there is
a foreseeable impairment of the public order
or security of the Federal Republic of Germany
or the EU or of essential German security in-
terests. The more important the sector affect-
ed by an investment project is for the public
order or security, the lower the threshold for
acquisitions to be screened. These screenings
apply in a non-discriminatory manner to all
third-country investors.",,
Q12,What restrictions remain for foreign investment in telecommunications and healthcare under China’s 2024 negative list?,en,cross-language,phase2_5/cn_foreign_investment_negative_list_2024.pdf,8e2401a8-c8a6-50dd-95ba-8649c60e88f2,a1a70ffe-651a-5128-a659-599647de2566,Strategy on China of the Government of the Federal Republic of Germany,Federal Government of Germany,DE,en,phase2_5\de_china_strategy_2023_en.pdf,https://www.auswaertiges-amt.de/en/aussenpolitik/regionaleschwerpunkte/asien/strategy-on-china/2608618,Page 25,,,4,7,"restricted
market access and investment opportunities,
exclusion from public procurement, and unequal
competition e. g. through public subsidies, reg-
ulatory discrimination, forced knowledge and
technology transfer and insufficient protec-
tion for intellectual property rights, including
product piracy. Some of these practices do not
comply with WTO legislation. This is a particular
challenge for small and medium-sized enter-
prises from Germany. The Federal Government
will continue to call on the Chinese side to make
comprehensive structural improvements to the
market environment. The Federal Government is
providing political support to German com-
panies to help them deal with these forms of
discrimination.
We will continue the Chinese-German Economic
Advisory Committee.
European companies have very limited access
to public procurement in China, while Europe’s
procurement market is open to Chinese firms.
We are thus calling on China to accede to the
WTO Agreement on Government Procurement on
the basis of an ambitious offer from the Chinese
side. The EU’s Instrument for International Pro-
curement, which entered into force in summer",,
Q12,What restrictions remain for foreign investment in telecommunications and healthcare under China’s 2024 negative list?,en,cross-language,phase2_5/cn_foreign_investment_negative_list_2024.pdf,bc8d9ebf-ecfc-51cd-b94f-0e71e2cd93a2,a1a70ffe-651a-5128-a659-599647de2566,Strategy on China of the Government of the Federal Republic of Germany,Federal Government of Germany,DE,en,phase2_5\de_china_strategy_2023_en.pdf,https://www.auswaertiges-amt.de/en/aussenpolitik/regionaleschwerpunkte/asien/strategy-on-china/2608618,Page 10,,4,,8,"1. Introduct Ion
10
1.3.  Partner, competitor, systemic rival
China exerts a crucial influence on all key issues
relating to our world order. The Federal Govern-
ment is seeking to cooperate with China, partic-
ularly as an essential actor in solving key global
challenges. China is the biggest emitter of CO2
worldwide. It will not be possible to overcome
the climate crisis without China. Its actions are
decisive for the preservation of biological diversi-
ty and the environment. At the same time, China
is the biggest producer of renewable energies.
The Federal Government is encouraging China
to live up to its global responsibility as China’s
climate and environmental policy decisions have
an impact on the entire world.
China can be a crucial actor in sustainable de-
velopment, global health and the prevention
of pandemics, as well as for the provision of
further global public goods. The Federal Gov-
ernment will seize the opportunities afforded
by cooperation.
Economic and trade relations remain an im-
portant element of bilateral cooperation with
China. The Federal Government is committed to
ensuring that this cooperation becomes fairer,",,
Q12,What restrictions remain for foreign investment in telecommunications and healthcare under China’s 2024 negative list?,en,cross-language,phase2_5/cn_foreign_investment_negative_list_2024.pdf,039eb875-177b-51af-a632-e914c288f216,a1a70ffe-651a-5128-a659-599647de2566,Strategy on China of the Government of the Federal Republic of Germany,Federal Government of Germany,DE,en,phase2_5\de_china_strategy_2023_en.pdf,https://www.auswaertiges-amt.de/en/aussenpolitik/regionaleschwerpunkte/asien/strategy-on-china/2608618,Page 49,,5,,9,"he EU
is Africa’s largest trading partner, and the EU’s
total foreign investment in Africa is more than
sixfold that of China. At the same time, China
is very active in Africa and its influence on the
continent is growing steadily. Europe’s neigh-
bouring continent is a key target region for Eu-
ropean infrastructure investment in the context
of the Global Gateway initiative and the Part-
nership for Global Infrastructure and Investment
(PGII) of the G7.
In the Gulf region, the countries of the Middle
East and the Horn of Africa, we are carefully
watching as China increases, among other things,
both its economic activity and military presence
and intensifies its relations with Iran. We cooper-
ate with China in areas where we share inter-
ests – e. g. when it comes to dealing with Iran’s
nuclear programme.
Central Asia is a bridge between Europe and
China, Russia and the Middle East. It must be
ensured that the Central Asian states maintain
their sovereignty, security and leeway in foreign
policy. For this, the Federal Government actively
supports stronger economic exchange between
the region and Europe.
In recent years, China has significantly increa -",,
Q12,What restrictions remain for foreign investment in telecommunications and healthcare under China’s 2024 negative list?,en,cross-language,phase2_5/cn_foreign_investment_negative_list_2024.pdf,f9c2ed91-ca0e-58e1-b488-198cf78e2e87,a1a70ffe-651a-5128-a659-599647de2566,Strategy on China of the Government of the Federal Republic of Germany,Federal Government of Germany,DE,en,phase2_5\de_china_strategy_2023_en.pdf,https://www.auswaertiges-amt.de/en/aussenpolitik/regionaleschwerpunkte/asien/strategy-on-china/2608618,Page 40,,,5,10,"eguarding the
defence capability of Germany and its alliance
partners and strengthening the technological
sovereignty of Germany and the EU. Fields of
sector-specific investment screening with a low
uptake threshold are particularly important. The
protection of critical infrastructures, which
include telecommunications, data, energy and
transport infrastructure in particular, also plays
an important role.
In the assessment of an expected impairment of
the public order or security, it can also be taken
into account whether this involves a media
company that contributes to public opinion and
which is characterised by a high level of topi-
cality and impact. Investment screening in this
area helps to preserve media pluralism and thus
offers protection against illegitimate interference
in political and democratic processes in Ger-
many and the EU.
The investment strategies of Chinese companies
can change, also in response to our investment
screening measures. Therefore, and owing to the
cross-border dimension of some projects, the
Federal Government will intensify the exchange
with the EU, the US and within the framework
of the G7 in particular. In so doing, we are able",,
Q12,What restrictions remain for foreign investment in telecommunications and healthcare under China’s 2024 negative list?,en,cross-language,phase2_5/cn_foreign_investment_negative_list_2024.pdf,3f9ee4a5-dde1-5f90-99b4-11ea556e23da,a1a70ffe-651a-5128-a659-599647de2566,Strategy on China of the Government of the Federal Republic of Germany,Federal Government of Germany,DE,en,phase2_5\de_china_strategy_2023_en.pdf,https://www.auswaertiges-amt.de/en/aussenpolitik/regionaleschwerpunkte/asien/strategy-on-china/2608618,Page 37,,,6,,"rojects with
China in which knowledge drain is likely are
not supported or only supported when suitable
conditions are imposed. We will further devel-
op existing funding regulations for handling
knowledge and patents once the projects have
been completed.
In order to strengthen the European economy
in the digital sphere, the Federal Government
is promoting conditions that foster innovation
(fleshing out the European Chips Act and the
EU’s Artificial Intelligence Act). We are strength-
ening sustainable design and production capac-
ities for highly innovative technologies. We are
building a European open source ecosystem and
are working to achieve the rapid creation of a
Europe-wide mobility data sphere in accordance
with data protection regulations. We are imple-
menting the national Digital Strategy in a swift
and ambitious manner.
In its Made in China 2025 strategy, the Chinese
Government has made it clear that it seeks global
market and technological dominance in sectors
that are very important for Germany and the EU
or in which Germany and the EU long enjoyed
technological dominance. China is promoting
technological development with state funds. In",,
Q12,What restrictions remain for foreign investment in telecommunications and healthcare under China’s 2024 negative list?,en,cross-language,phase2_5/cn_foreign_investment_negative_list_2024.pdf,723fe37f-9cfd-537e-b5b9-706a386402f3,a1a70ffe-651a-5128-a659-599647de2566,Strategy on China of the Government of the Federal Republic of Germany,Federal Government of Germany,DE,en,phase2_5\de_china_strategy_2023_en.pdf,https://www.auswaertiges-amt.de/en/aussenpolitik/regionaleschwerpunkte/asien/strategy-on-china/2608618,Page 16,,6,,,"2. Germany’s strate Gy on c h I na as part of the jo I nt eu pol Icy on c h I na
16
A successful approach to China requires Europe
as a whole to bring its influence to bear. The
Federal Government is thus aligning its policy
on China with that of Europe’s. This policy is
embedded in the aims and principles of the EU’s
common policy on China and based on constant
close coordination with EU partners. We regard
this German strategy document as a means of
enhancing a coherent European policy on China.
Most aspects of Germany’s relations with China
have both a bilateral and a European dimension.
We are pursuing our interests in accordance with
the EU’s objectives. Closer coordination with
EU partners fosters a pan-European approach;
it also, for example, facilitates joint action by EU
member states in multilateral forums.
Germany’s bilateral talks with China are also
intended to complement and reinforce our EU
partners’ talks. The Federal Government will
continue to make it clear that it cannot be a ne-
gotiating partner for China on matters for which
the EU is responsible.
German-Chinese meetings and intergovern-
mental consultations are also an opportu-",,
Q12,What restrictions remain for foreign investment in telecommunications and healthcare under China’s 2024 negative list?,en,cross-language,phase2_5/cn_foreign_investment_negative_list_2024.pdf,04c642ea-f6e2-5a32-883d-0d2953862958,a1a70ffe-651a-5128-a659-599647de2566,Strategy on China of the Government of the Federal Republic of Germany,Federal Government of Germany,DE,en,phase2_5\de_china_strategy_2023_en.pdf,https://www.auswaertiges-amt.de/en/aussenpolitik/regionaleschwerpunkte/asien/strategy-on-china/2608618,Page 41,,,7,,"clarity
for the private sector with regard to our com-
mon objectives. We will, moreover, continue to
coordinate our efforts with our partners, share
lessons learned and endeavour, wherever this is
feasible, to harmonise our approaches in order to
achieve the greatest possible effectiveness.
4.7.  Export controls
The Federal Government’s export controls pro-
mote national and international security as well
as the protection of human rights around the
world. The Federal Government will continue to
narrowly interpret the EU arms embargo against
China, which has been in place since 1989. The
object of export controls with regard to China are
primarily exports of dual-use goods.
Export controls are intended to ensure that
goods and technologies from Germany that
are subject to authorisation do not encourage
systematic human rights violations in China,
exacerbate repression in the country, promote
the proliferation of weapons of mass destruction
or support further military rearmament. We are
also taking China’s Military-Civil Fusion policy
into account in this regard.",,
Q12,What restrictions remain for foreign investment in telecommunications and healthcare under China’s 2024 negative list?,en,cross-language,phase2_5/cn_foreign_investment_negative_list_2024.pdf,f5c3b9a6-c981-51cf-9876-4fe9e75dcfcf,a1a70ffe-651a-5128-a659-599647de2566,Strategy on China of the Government of the Federal Republic of Germany,Federal Government of Germany,DE,en,phase2_5\de_china_strategy_2023_en.pdf,https://www.auswaertiges-amt.de/en/aussenpolitik/regionaleschwerpunkte/asien/strategy-on-china/2608618,Page 9,,7,,,"1. Introduct Ion
9
1.2.  Aims of the Strategy on China
China has changed. As a result of this and Chi-
na’s political decisions, we need to change our
approach to China. The Federal Government
will, together in Europe and with international
partners, define new parameters under which
Germany’s interests will be upheld in its coop-
eration with China, while living up to our global
responsibility.
This strategy for our approach to China and the
challenges arising from China comprises three
dimensions: bilateral relations with China,
strengthening Germany and the EU, and interna-
tional cooperation.
Its aims are as follows:
• to present the Federal Government’s views on the status of and prospects for rela-
tions with China;
• to enable the Federal Government to assert our values and interests more effectively
in the complex relationship with China;
• to present means and instruments by which the Federal Government can work with
China, without endangering Germany’s free and democratic way of life, our sover-
eignty and prosperity, as well as our security and partnerships with others;
• to provide the framework within which our Federal Ministries can give coherence to",,
Q12,What restrictions remain for foreign investment in telecommunications and healthcare under China’s 2024 negative list?,en,cross-language,phase2_5/cn_foreign_investment_negative_list_2024.pdf,8bcc526b-8620-5c57-b908-5629d372129a,a1a70ffe-651a-5128-a659-599647de2566,Strategy on China of the Government of the Federal Republic of Germany,Federal Government of Germany,DE,en,phase2_5\de_china_strategy_2023_en.pdf,https://www.auswaertiges-amt.de/en/aussenpolitik/regionaleschwerpunkte/asien/strategy-on-china/2608618,Page 26,,,8,,"e CO2 emissions.
Numerous permits for new coal-fired  power
plants are continuing to be issued in China.
Despite announcing that it does not intend to
finance any new coal-fired power plants overseas,
China remains the world’s biggest financer of
coal also abroad. The Federal Government there-
fore intends to conduct an intensive dialogue
with China on phasing out coal. Moreover, we
are seeking an exchange with China on how cli-
mate protection measures can be designed in a
socially just way.
Climate and environmental protection require
cooperation in science and research as well as the
deployment of green technologies around the
world. According to the International Renew-
able Energy Agency (IRENA), China had installed
almost half of the world’s generation capacity in
the area of renewable energies in 2022. China is",,
Q12,What restrictions remain for foreign investment in telecommunications and healthcare under China’s 2024 negative list?,en,cross-language,phase2_5/cn_foreign_investment_negative_list_2024.pdf,eb708f2d-1e99-56b5-b27f-969392d822de,a1a70ffe-651a-5128-a659-599647de2566,Strategy on China of the Government of the Federal Republic of Germany,Federal Government of Germany,DE,en,phase2_5\de_china_strategy_2023_en.pdf,https://www.auswaertiges-amt.de/en/aussenpolitik/regionaleschwerpunkte/asien/strategy-on-china/2608618,Page 38,,8,,,"4. stren Gthen InG Germany and the eu
38
4.4.  Risks on the Chinese market
Many German companies have been successfully
doing business in China for decades. With Chi-
na’s economic growth, the share of business with
China in the international business operations of
German companies has increased steadily. The
Chinese market continues to be of great impor-
tance for many companies owing to its share of
the global market, its dynamism and innova-
tiveness and the good cooperation with people
working for German companies in China.
The Dual Circulation  industrial policy strate-
gy sets out objectives that are leading to greater
economic independence for China while at the
same time increasing asymmetrical dependen-
cies abroad. A unilateral reduction of China’s
dependence on German exports is not in Ger-
many’s interests. We are therefore committed to
removing market-distorting and discriminatory
practices in China.
The further China moves away from the norms
and rules of the rulesbased international order,
the more critical dependencies on the Chinese
market, also on the part of individual sectors
or companies, can prove to be a problem. The",,
Q12,What restrictions remain for foreign investment in telecommunications and healthcare under China’s 2024 negative list?,en,cross-language,phase2_5/cn_foreign_investment_negative_list_2024.pdf,d2cbef53-a98e-5178-b21e-b2319e543990,a1a70ffe-651a-5128-a659-599647de2566,Strategy on China of the Government of the Federal Republic of Germany,Federal Government of Germany,DE,en,phase2_5\de_china_strategy_2023_en.pdf,https://www.auswaertiges-amt.de/en/aussenpolitik/regionaleschwerpunkte/asien/strategy-on-china/2608618,Page 27,,9,,,"results.
The Federal Government supports the EU’s
Carbon Border Adjustment Mechanism for
carbon dioxide .
China is considered a developing country in
the United Nations Framework Convention
on Climate Change  (UNFCCC). We expect the
world’s second-largest economy to contribute
to climate action in accordance with its means
and responsibility, as agreed in the Paris Agree-
ment and elsewhere. The Federal Government is
calling for credible multilateral commitment on
China’s part and is offering to cooperate in mul-
tilateral processes.
The main priority is the need to persuade China
to pursue more ambitious targets in reducing its
greenhouse gas emissions. China has committed
to ensuring that its CO2 emissions peak before
2030 and that it will achieve carbon neutrality
before 2060. This is not sufficient for keeping to
the 1.5 °C limit; a further scaling up of China’s
climate change targets is what is actually needed.
Together with China, we are working to bring the
negotiations on the new climate finance target
post-2025 to a successful conclusion within the
framework of the UNFCCC. In addition, we are
committed to ensuring that China contributes",,
Q12,What restrictions remain for foreign investment in telecommunications and healthcare under China’s 2024 negative list?,en,cross-language,phase2_5/cn_foreign_investment_negative_list_2024.pdf,f89039ef-127e-5fc4-b2aa-cf35108ad25e,af24f08a-4bb9-50db-8e97-4bab00dece2d,European Economic Security Strategy,European Commission and High Representative of the Union for Foreign Affairs and Security Policy,EU,en,phase2_5\eu_economic_security_strategy_2023_en.pdf,https://eur-lex.europa.eu/legal-content/EN/ALL/?uri=CELEX:52023JC0020,Page 6,,,9,,"line with the Council Recommendation of 8 December 2022.
 Risks related to technology security and technology leakage, to be assessed on the basis of
a list of strategic technologies critical for economic security. With regard to the most
sensitive risks, t he Commission will propose  a list of  dual-use technologies for risk
assessment that could be adopted by the Council by September 2023. The list will be based
on narrowly defined and forward-looking criteria such as the enabling and transformative
nature of a technology , the risk of civil military fusion,  and the risk of their misuse for
human rights violations. The priority technologies should be assessed collectively  with
Member States by the end of 2023, with a view to identify ing the relevant protection and
promotion measures.",,
Q12,What restrictions remain for foreign investment in telecommunications and healthcare under China’s 2024 negative list?,en,cross-language,phase2_5/cn_foreign_investment_negative_list_2024.pdf,cc190c76-d4f0-507f-824e-4b6f29149364,a1a70ffe-651a-5128-a659-599647de2566,Strategy on China of the Government of the Federal Republic of Germany,Federal Government of Germany,DE,en,phase2_5\de_china_strategy_2023_en.pdf,https://www.auswaertiges-amt.de/en/aussenpolitik/regionaleschwerpunkte/asien/strategy-on-china/2608618,Page 11,,10,,,"1. Introduct Ion
11
China’s conduct and decisions have caused the
elements of rivalry and competition in our
relations to increase in recent years. This has
prompted the Federal Government to recalibrate
its cooperation with China and its approach to
the challenges bound up with this, both bilat-
erally and in the European context. The Federal
Government places its trust in the strength of
Germany’s and Europe’s democratic basic order
and social market economy.
Systemic rivalry with China does not mean that
we cannot cooperate. On the contrary, the Feder-
al Government is seeking to cooperate with Chi-
na on the basis of fair conditions. Cooperation
with China is thus a fundamental element of the
Federal Government’s Strategy on China.
However, the Federal Government never loses
sight of the fact that differences with China
relate to the Chinese Government’s political
actions. With its huge diversity, China has made
great achievements, which are admired also in
Germany. Exchange with Chinese society is
enriching for both Germany and China. Our two
countries are linked by Chinese people in Germa-
ny and Germans in China – be it for short visits,",,
Q12,What restrictions remain for foreign investment in telecommunications and healthcare under China’s 2024 negative list?,en,cross-language,phase2_5/cn_foreign_investment_negative_list_2024.pdf,d4098786-91cd-5d8a-8722-b59ed9255216,a1a70ffe-651a-5128-a659-599647de2566,Strategy on China of the Government of the Federal Republic of Germany,Federal Government of Germany,DE,en,phase2_5\de_china_strategy_2023_en.pdf,https://www.auswaertiges-amt.de/en/aussenpolitik/regionaleschwerpunkte/asien/strategy-on-china/2608618,Page 24,,,10,,"3. BI lateral relat Ions w I th c h I na
24
In 2020, the EU introduced the option of impos-
ing global sanctions for human rights viola-
tions. We support the use of such sanctions in
cases of serious human rights violations, in-
cluding in China.
Respect for human rights is not only a funda-
mental obligation under international law but
also has an economic aspect. No competitive
advantages may be allowed to arise from human
rights violations. China has ratified both of the
International Labour Organization’s fundamen-
tal standards prohibiting forced labour; the com-
prehensive practical application of these stan-
dards is of particular importance to the Federal
Government, which is committed to preventing
products made by forced labour from being sold
on the European internal market. In order to
ensure a level playing field throughout Europe,
we are supporting the EU Directive on Corporate
Sustainability Due Diligence as well as the work
on an EU Regulation banning products made
by forced labour.
Under Germany’s Supply Chain Due Diligence
Act, we oblige companies to assess their cor-
porate relations worldwide in terms of human
rights risks, to undertake prevention and remedi-",,
Q13,2025年稳外资行动方案计划在哪些服务领域扩大开放试点？,zh,direct,phase2_5/cn_foreign_investment_action_plan_2025.html,cb72cb2f-eb87-5671-93c1-045857778973,4ef73b7e-ac82-5b3d-b5ec-ec5b0639f4ad,2025年稳外资行动方案,商务部、国家发展和改革委员会（国务院办公厅转发）,CN,zh,phase2_5\cn_foreign_investment_action_plan_2025.html,https://www.mofcom.gov.cn/zcfb/zgdwjjmywg/art/2025/art_4a3fe49da8854e60ba50b51950e1429d.html,,国务院办公厅关于转发商务部、国家发展改革委《2025年稳外资行动方案》的通知,1,1,1,"国务院办公厅关于转发商务部、国家发展改革委《2025年稳外资行动方案》的通知
首页
>
政策发布
>
中国对外经济贸易文告
来源：中国政府网
类型：转载
分类：政策
2025-04-03 14:31
国务院办公厅关于转发商务部、国家发展改革委《2025年稳外资行动方案》的通知
国办函〔2025〕16号
各省、自治区、直辖市人民政府，国务院各部委、各直属机构：
商务部、国家发展改革委《2025年稳外资行动方案》已经国务院同意，现转发给你们，请认真贯彻落实。
国务院办公厅
2025年2月17日
（稿件来源：中国政府网）
2025年稳外资行动方案
商务部国家发展改革委
外商投资是推进高水平对外开放的重要内容，为发展新质生产力和实现中国式现代化发挥着重要作用。为做好2025年稳外资工作，加大引资稳资力度，现制定如下行动方案。
一、有序扩大自主开放
（一）扩大电信、医疗、教育等领域开放试点。支持试点地区抓好增值电信、生物技术、外商独资医院领域开放试点政策宣贯落实，对相关领域外商洽谈项目开展“专班式”跟踪服务，及时协调解决问题，推动项目尽早落地。适时进一步扩大电信、医疗领域开放试点。研究制定有序扩大教育、文化领域自主开放实施方案，适时对外公布并稳步实施。
（二）落实全面取消制造业领域外资准入限制要求。对于外资准入负面清单之外的领域，严格按照内外资一致的原则对外资准入实施管理。修订市场准入负面清单，进一步压减清单事项，面向各类经营主体扩大开放。
（三）优化国家服务业扩大开放综合试点示范。支持北京示范区发挥服务业扩大开放引领作用，推动试点工作提速加力。进一步扩大试点范围，赋予试点新内容新任务，重点领域开放举措优先在试点示范地区试验。深入研究服务业扩大开放政策举措，密切关注试点推进情况，及时复制推广试点经验。支持国家服务业扩大开放综合试点示范地区开展标准化建设。
（四）推动生物医药领域有序开放。支持符合条件的外资企业参与生物制品分段生产试点，加快省级试点方案、质量监管方案审核，推动生物医药产业优化资源配置，及时协调解决试点过程中企业遇到的困难问题。研究完善医药领域开放政策，便利创新药加快上市，优化药品带量采购，进一步提高医疗器械产品采购可预期性。
（五）鼓励外资在华开展股权投资。抓好《外国投资者对上市公司战略投资管理办法》落实，制定发布实施战略投资的操作指引，加大对上市公司、境外基金和投资机构等的宣介力度，引导更多优质外资长期投资我国上市公司。
二、提高投资促进水平",,
Q13,2025年稳外资行动方案计划在哪些服务领域扩大开放试点？,zh,direct,phase2_5/cn_foreign_investment_action_plan_2025.html,a3d31e45-f581-5e19-a1c3-f18af6c87824,4ef73b7e-ac82-5b3d-b5ec-ec5b0639f4ad,2025年稳外资行动方案,商务部、国家发展和改革委员会（国务院办公厅转发）,CN,zh,phase2_5\cn_foreign_investment_action_plan_2025.html,https://www.mofcom.gov.cn/zcfb/zgdwjjmywg/art/2025/art_4a3fe49da8854e60ba50b51950e1429d.html,,国务院办公厅关于转发商务部、国家发展改革委《2025年稳外资行动方案》的通知,2,3,2,"，便利创新药加快上市，优化药品带量采购，进一步提高医疗器械产品采购可预期性。
（五）鼓励外资在华开展股权投资。抓好《外国投资者对上市公司战略投资管理办法》落实，制定发布实施战略投资的操作指引，加大对上市公司、境外基金和投资机构等的宣介力度，引导更多优质外资长期投资我国上市公司。
二、提高投资促进水平
（六）持续打造“投资中国”品牌。落实深化外商投资促进体制机制改革要求，制定打造“投资中国”品牌年度实施方案，精心设计实施“投资中国”系列活动。央地协同联动，开展境外投资促进活动，更好利用外资推进制造业补链强链。针对我主要投资来源地不同特点，研究制定差异化引资目标和策略，与双边经贸联委会（混委会）机制密切配合，全面激活双边投资促进工作组机制，加大项目撮合对接力度。
（七）加大外资企业境内再投资支持力度。持续优化营商环境，切实把外资企业的国民待遇落实到位。研究制定鼓励外资企业境内再投资政策措施，促进外资企业在华所获利润更多用于再投资。开展外资企业境内投资信息报告试点。
（八）扩大鼓励外商投资产业范围。修订扩大鼓励外商投资产业目录，优化外商投资结构，促进外资服务我国制造业高质量发展，引导外资投向现代服务业，支持外资更多投向中西部和东北地区。
（九）取消外商投资性公司使用境内贷款限制。允许外商投资性公司使用境内贷款开展股权投资，加大政策宣传解读力度，为跨国公司在华投资设立总部型机构提供便利。
（十）鼓励跨国公司投资设立投资性公司。优化外商投资举办投资性公司相关规定，在外汇管理、人员出入境、数据跨境流动等方面，为跨国公司投资设立投资性公司提供便利。保障相关外商投资性公司在华投资设立的企业依法依规享受外资企业待遇。
（十一）便利外国投资者在华实施并购投资。在外商投资法框架下，修订《关于外国投资者并购境内企业的规定》，优化外资并购规则和并购交易程序，完善并购管理范围，降低跨境换股门槛等。
（十二）加大重点领域引资力度。鼓励外商投资养殖、饲养设备生产、饲料兽药生产等畜牧业相关领域并享受国民待遇。支持外资企业参与我国新型工业化进程，重点引进高技术领域外商投资，为外资企业提供更多市场机会和合作空间。鼓励养老服务、文化和旅游、体育、医疗、职业教育、金融等服务业领域吸引利用外资，满足多层次服务消费需求。
（十三）加强经济政策和营商环境对外宣介。充分运用新闻发布、吹风会、接受采访、专家解读等方式，对外积极宣传阐释我国扩大高水平对外开放的新政策新举措新亮点。
三、增强开放平台效能
（十四）深化开发区管理制度改革。完善政策支撑体系，制定深化国家级经济技术开发区改革创新的政策文件，在要素保障、重点领域开放、承担改革试点任务、经济管理权限下放等方面出台新举措，提升国家级经济技术开发区外向型经济发展水平。推动国家级高新区、海关特殊监管区域及各类省级开发区等作为对外开放平台发挥稳外资作用。",,
Q13,2025年稳外资行动方案计划在哪些服务领域扩大开放试点？,zh,direct,phase2_5/cn_foreign_investment_action_plan_2025.html,f0f3d7a5-9625-5c2e-a039-15bdaad5a15e,4ef73b7e-ac82-5b3d-b5ec-ec5b0639f4ad,2025年稳外资行动方案,商务部、国家发展和改革委员会（国务院办公厅转发）,CN,zh,phase2_5\cn_foreign_investment_action_plan_2025.html,https://www.mofcom.gov.cn/zcfb/zgdwjjmywg/art/2025/art_4a3fe49da8854e60ba50b51950e1429d.html,,国务院办公厅关于转发商务部、国家发展改革委《2025年稳外资行动方案》的通知,3,2,3,"四）深化开发区管理制度改革。完善政策支撑体系，制定深化国家级经济技术开发区改革创新的政策文件，在要素保障、重点领域开放、承担改革试点任务、经济管理权限下放等方面出台新举措，提升国家级经济技术开发区外向型经济发展水平。推动国家级高新区、海关特殊监管区域及各类省级开发区等作为对外开放平台发挥稳外资作用。
（十五）实施自由贸易试验区提升战略。推动自由贸易试验区提质增效，扩大改革任务授权，加快推进海南自由贸易港核心政策落地，打造吸引外商投资高地。支持自由贸易试验区在外资准入领域加大压力测试，持续扩大规则、规制、管理、标准等制度型开放。
四、加大服务保障力度
（十六）推动重大和重点外资项目落地。支持将更多外资项目纳入重大外资项目和重点外资项目清单，加大政策支持和服务保障力度，加快推动项目落地建设。
（十七）建立政府采购本国产品标准体系。尽快制定出台相关文件，明确政府采购本国产品标准，确保不同所有制企业在中国境内生产的产品平等参与政府采购活动。加强政府采购领域政策宣传，做好外资企业投诉处理工作。
（十八）拓宽外资企业融资渠道。鼓励金融机构为外资企业提供融资服务，开展重点外资企业贷款需求及投资经营情况调研，有针对性举办银企对接活动。引导各类基金与外资企业开展股权投资合作，支持在华外资企业扩大投资经营规模、深耕中国市场。
（十九）促进人员往来便利化。加快互免签证协定商谈，继续稳妥扩大单方面免签国家范围。优化口岸签证、过境免签、区域性入境免签政策，促进人员跨境流动。更新《外国商务人士在华工作生活指引》。
（二十）提升外资企业贸易便利化水平。做好优惠贸易协定项下原产地证书签证工作，助力外资企业出口货物享受协定伙伴方关税减让。优化重点外资项目进口成套设备检验监管。加大对外资企业海关“经认证的经营者”（AEO）培育力度，进一步优化降低AEO随机布控查验率。积极稳妥推进进口商品采信，将更多符合资质的中外检验机构纳入采信机构目录。鼓励外资企业开展知识产权备案，坚决打击进出口环节侵犯外资企业知识产权的行为。
各地区、各有关部门要在党中央集中统一领导下，坚定不移深化改革开放，细化实化具体落实举措，在投资促进、权益保护、服务保障等方面创新工作方法、强化政策和要素支持，确保2025年内各项举措落地见效，有效提振外商投资信心。要组织有关部门赴重点地区、重点外资企业开展专项走访活动，深入了解外资企业诉求，有效回应外资企业关切。商务部、国家发展改革委要会同有关部门和单位加强指导协调，做好政策宣传，推动政策落地。重大事项及时请示报告。
商务热点
商务部惠企政策专题
学习宣传贯彻党的二十大精神
消费品以旧换新
国家层面海外综合服务平台
商务帮扶
提振消费专项行动 政策集成和综合解读专栏
优化营商环境-国际贸易专题
外贸促进
外资企业问题诉求收集办理
电子商务公共服务
国际消费中心城市培育建设",,
Q13,2025年稳外资行动方案计划在哪些服务领域扩大开放试点？,zh,direct,phase2_5/cn_foreign_investment_action_plan_2025.html,02a9b78a-eff4-56fb-af88-76c24dcf3927,50c9f3d3-f5ab-5f8f-8191-bd601d25cd73,“十四五”数字经济发展规划,中华人民共和国国务院,CN,zh,phase2_5\cn_digital_economy_14th_fyp_2021.html,https://www.miit.gov.cn/xwdt/szyw/art/2022/art_4ecc233a663b44329d0863e60b51192b.html,,国务院关于印发“十四五”数字经济发展规划的通知,4,8,4,"生活服务领域的应用，拓展创新、生产、供应链等资源共享新空间。发展基于数字技术的智能经济，加快优化智能化产品和服务运营，培育智慧销售、无人配送、智能制造、反向定制等新增长点。完善多元价值传递和贡献分配体系，有序引导多样化社交、短视频、知识分享等新型就业创业平台发展。
（四）营造繁荣有序的产业创新生态。
发挥数字经济领军企业的引领带动作用，加强资源共享和数据开放，推动线上线下相结合的创新协同、产能共享、供应链互通。鼓励开源社区、开发者平台等新型协作平台发展，培育大中小企业和社会开发者开放协作的数字产业创新生态，带动创新型企业快速壮大。以园区、行业、区域为整体推进产业创新服务平台建设，强化技术研发、标准制修订、测试评估、应用培训、创业孵化等优势资源汇聚，提升产业创新服务支撑水平。
七、持续提升公共服务数字化水平
（一）提高“互联网+政务服务”效能。
全面提升全国一体化政务服务平台功能，加快推进政务服务标准化、规范化、便利化，持续提升政务服务数字化、智能化水平，实现利企便民高频服务事项“一网通办”。建立健全政务数据共享协调机制，加快数字身份统一认证和电子证照、电子签章、电子公文等互信互认，推进发票电子化改革，促进政务数据共享、流程优化和业务协同。推动政务服务线上线下整体联动、全流程在线、向基层深度拓展，提升服务便利化、共享化水平。开展政务数据与业务、服务深度融合创新，增强基于大数据的事项办理需求预测能力，打造主动式、多层次创新服务场景。聚焦公共卫生、社会安全、应急管理等领域，深化数字技术应用，实现重大突发公共事件的快速响应和联动处置。
（二）提升社会服务数字化普惠水平。
加快推动文化教育、医疗健康、会展旅游、体育健身等领域公共服务资源数字化供给和网络化服务，促进优质资源共享复用。充分运用新型数字技术，强化就业、养老、儿童福利、托育、家政等民生领域供需对接，进一步优化资源配置。发展智慧广电网络，加快推进全国有线电视网络整合和升级改造。深入开展电信普遍服务试点，提升农村及偏远地区网络覆盖水平。加强面向革命老区、民族地区、边疆地区、脱贫地区的远程服务，拓展教育、医疗、社保、对口帮扶等服务内容，助力基本公共服务均等化。加强信息无障碍建设，提升面向特殊群体的数字化社会服务能力。促进社会服务和数字平台深度融合，探索多领域跨界合作，推动医养结合、文教结合、体医结合、文旅融合。
（三）推动数字城乡融合发展。",,
Q13,2025年稳外资行动方案计划在哪些服务领域扩大开放试点？,zh,direct,phase2_5/cn_foreign_investment_action_plan_2025.html,6557a522-f339-5295-88ce-2706876f67d2,14da8012-79ec-5247-8823-bad5c4c2aa47,外商投资准入特别管理措施（负面清单）（2024年版）,国家发展和改革委员会、商务部,CN,zh,phase2_5\cn_foreign_investment_negative_list_2024.pdf,https://www.ndrc.gov.cn/xxgk/zcfb/fzggwl/202409/t20240907_1392875_ext.html,Page 2,,,4,7,"六、从事《外商投资准入负面清单》禁止投资领域业务的境
内企业到境外发行股份并上市交易的，应当经国家有关主管部门
审核同意，境外投资者不得参与企业经营管理，其持股比例参照
境外投资者境内证券投资管理有关规定执行。
七、境内公司、企业或自然人以其在境外合法设立或控制的
公司并购与其有关联关系的境内公司，按照外商投资、境外投
资、外汇管理等有关规定办理。
八、《外商投资准入负面清单》中未列出的文化、金融等领
域与行政审批、资质条件、国家安全等相关措施，按照现行规定
执行。
九、《内地与香港关于建立更紧密经贸关系的安排》及其后
续协议、《内地与澳门关于建立更紧密经贸关系的安排》及其后
续协议、《海峡两岸经济合作框架协议》及其后续协议、我国缔
结或者参加的国际条约、协定对境外投资者准入待遇有更优惠规
定的，可以按照相关规定执行。在自由贸易试验区等特殊经济区
域对符合条件的投资者实施更优惠开放措施的，按照相关规定执
行。
十、《外商投资准入负面清单》由国家发展改革委、商务部
会同有关部门负责解释。
十一、2021 年 12 月 27 日国家发展改革委、商务部发布的
2021 年版《外商投资准入负面清单》自 2024 年 11 月 1 日起废
止。",,
Q13,2025年稳外资行动方案计划在哪些服务领域扩大开放试点？,zh,direct,phase2_5/cn_foreign_investment_action_plan_2025.html,09fd1c9c-652d-576c-ada7-e9c29b8ac9b7,4ef73b7e-ac82-5b3d-b5ec-ec5b0639f4ad,2025年稳外资行动方案,商务部、国家发展和改革委员会（国务院办公厅转发）,CN,zh,phase2_5\cn_foreign_investment_action_plan_2025.html,https://www.mofcom.gov.cn/zcfb/zgdwjjmywg/art/2025/art_4a3fe49da8854e60ba50b51950e1429d.html,,国务院办公厅关于转发商务部、国家发展改革委《2025年稳外资行动方案》的通知,,5,8,"传，推动政策落地。重大事项及时请示报告。
商务热点
商务部惠企政策专题
学习宣传贯彻党的二十大精神
消费品以旧换新
国家层面海外综合服务平台
商务帮扶
提振消费专项行动 政策集成和综合解读专栏
优化营商环境-国际贸易专题
外贸促进
外资企业问题诉求收集办理
电子商务公共服务
国际消费中心城市培育建设
稳外贸稳外资政策措施
丝路电商——电子商务国际合作
《区域全面经济伙伴关系协定》（RCEP）
中国国际进口博览会
市场运行与流通发展服务平台
2025年度网站工作年度报表
机构子站专题
中日经济高层对话
农产品贸易专题
出口商品技术指南",,
Q13,2025年稳外资行动方案计划在哪些服务领域扩大开放试点？,zh,direct,phase2_5/cn_foreign_investment_action_plan_2025.html,19c8cde3-e9dd-57fe-992b-5ba71d8a2cbd,50c9f3d3-f5ab-5f8f-8191-bd601d25cd73,“十四五”数字经济发展规划,中华人民共和国国务院,CN,zh,phase2_5\cn_digital_economy_14th_fyp_2021.html,https://www.miit.gov.cn/xwdt/szyw/art/2022/art_4ecc233a663b44329d0863e60b51192b.html,,国务院关于印发“十四五”数字经济发展规划的通知,7,6,5,"云计算服务安全评估等，有效防范国家安全风险。健全完善数据跨境流动安全管理相关制度规范。推动提升重要设施设备的安全可靠水平，增强重点行业数据安全保障能力。进一步强化个人信息保护，规范身份信息、隐私信息、生物特征信息的采集、传输和使用，加强对收集使用个人信息的安全监管能力。
（三）切实有效防范各类风险。
强化数字经济安全风险综合研判，防范各类风险叠加可能引发的经济风险、技术风险和社会稳定问题。引导社会资本投向原创性、引领性创新领域，避免低水平重复、同质化竞争、盲目跟风炒作等，支持可持续发展的业态和模式创新。坚持金融活动全部纳入金融监管，加强动态监测，规范数字金融有序创新，严防衍生业务风险。推动关键产品多元化供给，着力提高产业链供应链韧性，增强产业体系抗冲击能力。引导企业在法律合规、数据管理、新技术应用等领域完善自律机制，防范数字技术应用风险。健全失业保险、社会救助制度，完善灵活就业的工伤保险制度。健全灵活就业人员参加社会保险制度和劳动者权益保障制度，推进灵活就业人员参加住房公积金制度试点。探索建立新业态企业劳动保障信用评价、守信激励和失信惩戒等制度。着力推动数字经济普惠共享发展，健全完善针对未成年人、老年人等各类特殊群体的网络保护机制。
十、有效拓展数字经济国际合作
（一）加快贸易数字化发展。
以数字化驱动贸易主体转型和贸易方式变革，营造贸易数字化良好环境。完善数字贸易促进政策，加强制度供给和法律保障。加大服务业开放力度，探索放宽数字经济新业态准入，引进全球服务业跨国公司在华设立运营总部、研发设计中心、采购物流中心、结算中心，积极引进优质外资企业和创业团队，加强国际创新资源“引进来”。依托自由贸易试验区、数字服务出口基地和海南自由贸易港，针对跨境寄递物流、跨境支付和供应链管理等典型场景，构建安全便利的国际互联网数据专用通道和国际化数据信息专用通道。大力发展跨境电商，扎实推进跨境电商综合试验区建设，积极鼓励各业务环节探索创新，培育壮大一批跨境电商龙头企业、海外仓领军企业和优秀产业园区，打造跨境电商产业链和生态圈。
（二）推动“数字丝绸之路”深入发展。
加强统筹谋划，高质量推动中国—东盟智慧城市合作、中国—中东欧数字经济合作。围绕多双边经贸合作协定，构建贸易投资开放新格局，拓展与东盟、欧盟的数字经济合作伙伴关系，与非盟和非洲国家研究开展数字经济领域合作。统筹开展境外数字基础设施合作，结合当地需求和条件，与共建“一带一路”国家开展跨境光缆建设合作，保障网络基础设施互联互通。构建基于区块链的可信服务网络和应用支撑平台，为广泛开展数字经济合作提供基础保障。推动数据存储、智能计算等新兴服务能力全球化发展。加大金融、物流、电子商务等领域的合作模式创新，支持我国数字经济企业“走出去”，积极参与国际合作。
（三）积极构建良好国际合作环境。",,
Q13,2025年稳外资行动方案计划在哪些服务领域扩大开放试点？,zh,direct,phase2_5/cn_foreign_investment_action_plan_2025.html,9f4da89f-f545-5434-b6f7-0330a10bfedb,50c9f3d3-f5ab-5f8f-8191-bd601d25cd73,“十四五”数字经济发展规划,中华人民共和国国务院,CN,zh,phase2_5\cn_digital_economy_14th_fyp_2021.html,https://www.miit.gov.cn/xwdt/szyw/art/2022/art_4ecc233a663b44329d0863e60b51192b.html,,国务院关于印发“十四五”数字经济发展规划的通知,5,10,6,"虚实结合的产业数字化新生态。依托京津冀、长三角、粤港澳大湾区、成渝地区双城经济圈等重点区域，统筹推进数字基础设施建设，探索建立各类产业集群跨区域、跨平台协同新机制，促进创新要素整合共享，构建创新协同、错位互补、供需联动的区域数字化发展生态，提升产业链供应链协同配套能力。
（四）培育转型支撑服务生态。
建立市场化服务与公共服务双轮驱动，技术、资本、人才、数据等多要素支撑的数字化转型服务生态，解决企业“不会转”、“不能转”、“不敢转”的难题。面向重点行业和企业转型需求，培育推广一批数字化解决方案。聚焦转型咨询、标准制定、测试评估等方向，培育一批第三方专业化服务机构，提升数字化转型服务市场规模和活力。支持高校、龙头企业、行业协会等加强协同，建设综合测试验证环境，加强产业共性解决方案供给。建设数字化转型促进中心，衔接集聚各类资源条件，提供数字化转型公共服务，打造区域产业数字化创新综合体，带动传统产业数字化转型。
六、加快推动数字产业化
（一）增强关键技术创新能力。
瞄准传感器、量子信息、网络通信、集成电路、关键软件、大数据、人工智能、区块链、新材料等战略性前瞻性领域，发挥我国社会主义制度优势、新型举国体制优势、超大规模市场优势，提高数字技术基础研发能力。以数字技术与各领域融合应用为导向，推动行业企业、平台企业和数字技术服务企业跨界创新，优化创新成果快速转化机制，加快创新技术的工程化、产业化。鼓励发展新型研发机构、企业创新联合体等新型创新主体，打造多元化参与、网络化协同、市场化运作的创新生态体系。支持具有自主核心技术的开源社区、开源平台、开源项目发展，推动创新资源共建共享，促进创新模式开放化演进。
（二）提升核心产业竞争力。
着力提升基础软硬件、核心电子元器件、关键基础材料和生产装备的供给水平，强化关键产品自给保障能力。实施产业链强链补链行动，加强面向多元化应用场景的技术融合和产品创新，提升产业链关键环节竞争力，完善5G、集成电路、新能源汽车、人工智能、工业互联网等重点产业供应链体系。深化新一代信息技术集成创新和融合应用，加快平台化、定制化、轻量化服务模式创新，打造新兴数字产业新优势。协同推进信息技术软硬件产品产业化、规模化应用，加快集成适配和迭代优化，推动软件产业做大做强，提升关键软硬件技术创新和供给能力。
（三）加快培育新业态新模式。
推动平台经济健康发展，引导支持平台企业加强数据、产品、内容等资源整合共享，扩大协同办公、互联网医疗等在线服务覆盖面。深化共享经济在生活服务领域的应用，拓展创新、生产、供应链等资源共享新空间。发展基于数字技术的智能经济，加快优化智能化产品和服务运营，培育智慧销售、无人配送、智能制造、反向定制等新增长点。完善多元价值传递和贡献分配体系，有序引导多样化社交、短视频、知识分享等新型就业创业平台发展。
（四）营造繁荣有序的产业创新生态。",,
Q13,2025年稳外资行动方案计划在哪些服务领域扩大开放试点？,zh,direct,phase2_5/cn_foreign_investment_action_plan_2025.html,e901875f-d265-5512-896f-74e718b9a082,50c9f3d3-f5ab-5f8f-8191-bd601d25cd73,“十四五”数字经济发展规划,中华人民共和国国务院,CN,zh,phase2_5\cn_digital_economy_14th_fyp_2021.html,https://www.miit.gov.cn/xwdt/szyw/art/2022/art_4ecc233a663b44329d0863e60b51192b.html,,国务院关于印发“十四五”数字经济发展规划的通知,6,,9,"境光缆建设合作，保障网络基础设施互联互通。构建基于区块链的可信服务网络和应用支撑平台，为广泛开展数字经济合作提供基础保障。推动数据存储、智能计算等新兴服务能力全球化发展。加大金融、物流、电子商务等领域的合作模式创新，支持我国数字经济企业“走出去”，积极参与国际合作。
（三）积极构建良好国际合作环境。
倡导构建和平、安全、开放、合作、有序的网络空间命运共同体，积极维护网络空间主权，加强网络空间国际合作。加快研究制定符合我国国情的数字经济相关标准和治理规则。依托双边和多边合作机制，开展数字经济标准国际协调和数字经济治理合作。积极借鉴国际规则和经验，围绕数据跨境流动、市场准入、反垄断、数字人民币、数据隐私保护等重大问题探索建立治理规则。深化政府间数字经济政策交流对话，建立多边数字经济合作伙伴关系，主动参与国际组织数字经济议题谈判，拓展前沿领域合作。构建商事协调、法律顾问、知识产权等专业化中介服务机制和公共服务平台，防范各类涉外经贸法律风险，为出海企业保驾护航。
十一、保障措施
（一）加强统筹协调和组织实施。
建立数字经济发展部际协调机制，加强形势研判，协调解决重大问题，务实推进规划的贯彻实施。各地方要立足本地区实际，健全工作推进协调机制，增强发展数字经济本领，推动数字经济更好服务和融入新发展格局。进一步加强对数字经济发展政策的解读与宣传，深化数字经济理论和实践研究，完善统计测度和评价体系。各部门要充分整合现有资源，加强跨部门协调沟通，有效调动各方面的积极性。
（二）加大资金支持力度。
加大对数字经济薄弱环节的投入，突破制约数字经济发展的短板与瓶颈，建立推动数字经济发展的长效机制。拓展多元投融资渠道，鼓励企业开展技术创新。鼓励引导社会资本设立市场化运作的数字经济细分领域基金，支持符合条件的数字经济企业进入多层次资本市场进行融资，鼓励银行业金融机构创新产品和服务，加大对数字经济核心产业的支持力度。加强对各类资金的统筹引导，提升投资质量和效益。
（三）提升全民数字素养和技能。
实施全民数字素养与技能提升计划，扩大优质数字资源供给，鼓励公共数字资源更大范围向社会开放。推进中小学信息技术课程建设，加强职业院校（含技工院校）数字技术技能类人才培养，深化数字经济领域新工科、新文科建设，支持企业与院校共建一批现代产业学院、联合实验室、实习基地等，发展订单制、现代学徒制等多元化人才培养模式。制定实施数字技能提升专项培训计划，提高老年人、残障人士等运用数字技术的能力，切实解决老年人、残障人士面临的困难。提高公民网络文明素养，强化数字社会道德规范。鼓励将数字经济领域人才纳入各类人才计划支持范围，积极探索高效灵活的人才引进、培养、评价及激励政策。
（四）实施试点示范。",,
Q13,2025年稳外资行动方案计划在哪些服务领域扩大开放试点？,zh,direct,phase2_5/cn_foreign_investment_action_plan_2025.html,11262ef3-8348-5b69-9456-4115a3772a67,50c9f3d3-f5ab-5f8f-8191-bd601d25cd73,“十四五”数字经济发展规划,中华人民共和国国务院,CN,zh,phase2_5\cn_digital_economy_14th_fyp_2021.html,https://www.miit.gov.cn/xwdt/szyw/art/2022/art_4ecc233a663b44329d0863e60b51192b.html,,国务院关于印发“十四五”数字经济发展规划的通知,,7,10,"持续推进绿色数字中心建设，加快推进数据中心节能改造，持续提升数据中心可再生能源利用水平。推动智能计算中心有序发展，打造智能算力、通用算法和开发平台一体化的新型智能基础设施，面向政务服务、智慧城市、智能制造、自动驾驶、语言智能等重点新兴领域，提供体系化的人工智能服务。
（三）有序推进基础设施智能升级。
稳步构建智能高效的融合基础设施，提升基础设施网络化、智能化、服务化、协同化水平。高效布局人工智能基础设施，提升支撑“智能＋”发展的行业赋能能力。推动农林牧渔业基础设施和生产装备智能化改造，推进机器视觉、机器学习等技术应用。建设可靠、灵活、安全的工业互联网基础设施，支撑制造资源的泛在连接、弹性供给和高效配置。加快推进能源、交通运输、水利、物流、环保等领域基础设施数字化改造。推动新型城市基础设施建设，提升市政公用设施和建筑智能化水平。构建先进普惠、智能协作的生活服务数字化融合设施。在基础设施智能升级过程中，充分满足老年人等群体的特殊需求，打造智慧共享、和睦共治的新型数字生活。
四、充分发挥数据要素作用
（一）强化高质量数据要素供给。
支持市场主体依法合规开展数据采集，聚焦数据的标注、清洗、脱敏、脱密、聚合、分析等环节，提升数据资源处理能力，培育壮大数据服务产业。推动数据资源标准体系建设，提升数据管理水平和数据质量，探索面向业务应用的共享、交换、协作和开放。加快推动各领域通信协议兼容统一，打破技术和协议壁垒，努力实现互通互操作，形成完整贯通的数据链。推动数据分类分级管理，强化数据安全风险评估、监测预警和应急处置。深化政务数据跨层级、跨地域、跨部门有序共享。建立健全国家公共数据资源体系，统筹公共数据资源开发利用，推动基础公共数据安全有序开放，构建统一的国家公共数据开放平台和开发利用端口，提升公共数据开放水平，释放数据红利。
（二）加快数据要素市场化流通。
加快构建数据要素市场规则，培育市场主体、完善治理体系，促进数据要素市场流通。鼓励市场主体探索数据资产定价机制，推动形成数据资产目录，逐步完善数据定价体系。规范数据交易管理，培育规范的数据交易平台和市场主体，建立健全数据资产评估、登记结算、交易撮合、争议仲裁等市场运营体系，提升数据交易效率。严厉打击数据黑市交易，营造安全有序的市场环境。
（三）创新数据要素开发利用机制。",,
Q13,2025年稳外资行动方案计划在哪些服务领域扩大开放试点？,zh,direct,phase2_5/cn_foreign_investment_action_plan_2025.html,f837ad0f-3754-5a26-bba3-0b7785353249,7ac8bab9-bf9f-53ae-b5cc-4d30b3a42eca,德国联邦政府的中国战略,德国联邦政府,DE,zh,phase2_5\de_china_strategy_2023_zh.pdf,https://www.auswaertiges-amt.de/en/aussenpolitik/regionaleschwerpunkte/asien/strategy-on-china/2608618,Page 26,,8,,,"3. 与中国的双边关系
26
究人员造成了影响。我们将致力于争取更
多的对等和科学合作条件的改善。这项努
力也涉及到欧洲层面，例如在“欧洲地平
线”计划框架下开展的合作。消除在开放
中方大型研究机构方面业已存在的不平衡
同样重要。此外我们还将努力增进双方对
扶持结构和程序的相互了解。
　　在与中国政府的会谈中，我们要求改
善德国科学机构在中国的 工作条件。我们
支持和协助德国高校及校外科研机构与中
国的合作。在为德国科学界提供咨询时，
我们会提醒他们在与中国接触时做好风险
准备，避免在合作中出现片面依赖。我们
在世界各地宣传德国在留学、教学和研究
领域的区位优势，努力吸引包括来自中国
的人才长期留在德国和欧洲。
　　双边研究合作中的相当一部分是在 企
业层面进行的。在受到规则约束的、非歧
视和透明的框架条件下，这类合作有助于
开发协调一致的标准、促进创新并加强德
国企业的全球竞争力。
3.7. 《2030 年议程》
　　中国在发展政策领域是一个全球性的
行为体。我们应当密切观察它的作为。我
们与中国合作， 提供和保护全球公共产品，
实施旨在可持续发展的《2030 年议程》。
我们还就发展合作的标准和实践展开对
话。对话还包含一些对第三国有益的共同
项目（ “三角合作” ） 。这类项目必须符合
官方发展援助的标准（ODA 标准） ，同时
以需求为导向。合作的益处和风险必须仔
细权衡。发展政策合作的平台是设在北京
的德中可持续发展中心。
　　中国在国际金融机构和地区开发银行
中的作用越来越重要。我们要利用在这些
机构中与中国合作的机会，包括对多边开
发银行进行的改革，为在气候保护、生物
多样性保护、能源转型和粮食安全等全球
挑战前如何为全球公共产品提供融资寻找
共同的对策。在我们看来，在国际金融机
构中拥有适当的代表名额与在相关领域肩
负国际责任的意愿密不可分，如气候和生
物多样性融资、针对重债国家的国际债务
重组以及开放外汇和资本市场等。
　　中国对重债国家的 债务重组负有特殊
的责任，因为在很多情况下中国是最大的
双边债权方。增加关于信贷协议的范围和
条件的透明度也很必要。我们致力于在
二十国集团（G20）框架内开展更紧密的
协调与合作，以便在继续发展国际债务架
构方面开展建设性合作。为改善 G20“债
务处理共同框架”的实施，有必要继续在
包括中国在内的 G20 框架内开展合作。
　　人类健康属于全球公共产品。新冠病",,
Q13,2025年稳外资行动方案计划在哪些服务领域扩大开放试点？,zh,direct,phase2_5/cn_foreign_investment_action_plan_2025.html,61fa40d8-8439-5fbd-adb7-93a49ed17501,50c9f3d3-f5ab-5f8f-8191-bd601d25cd73,“十四五”数字经济发展规划,中华人民共和国国务院,CN,zh,phase2_5\cn_digital_economy_14th_fyp_2021.html,https://www.miit.gov.cn/xwdt/szyw/art/2022/art_4ecc233a663b44329d0863e60b51192b.html,,国务院关于印发“十四五”数字经济发展规划的通知,,9,,"革命老区、民族地区、边疆地区、脱贫地区的远程服务，拓展教育、医疗、社保、对口帮扶等服务内容，助力基本公共服务均等化。加强信息无障碍建设，提升面向特殊群体的数字化社会服务能力。促进社会服务和数字平台深度融合，探索多领域跨界合作，推动医养结合、文教结合、体医结合、文旅融合。
（三）推动数字城乡融合发展。
统筹推动新型智慧城市和数字乡村建设，协同优化城乡公共服务。深化新型智慧城市建设，推动城市数据整合共享和业务协同，提升城市综合管理服务能力，完善城市信息模型平台和运行管理服务平台，因地制宜构建数字孪生城市。加快城市智能设施向乡村延伸覆盖，完善农村地区信息化服务供给，推进城乡要素双向自由流动，合理配置公共资源，形成以城带乡、共建共享的数字城乡融合发展格局。构建城乡常住人口动态统计发布机制，利用数字化手段助力提升城乡基本公共服务水平。
（四）打造智慧共享的新型数字生活。
加快既有住宅和社区设施数字化改造，鼓励新建小区同步规划建设智能系统，打造智能楼宇、智能停车场、智能充电桩、智能垃圾箱等公共设施。引导智能家居产品互联互通，促进家居产品与家居环境智能互动，丰富“一键控制”、“一声响应”的数字家庭生活应用。加强超高清电视普及应用，发展互动视频、沉浸式视频、云游戏等新业态。创新发展“云生活”服务，深化人工智能、虚拟现实、8K高清视频等技术的融合，拓展社交、购物、娱乐、展览等领域的应用，促进生活消费品质升级。鼓励建设智慧社区和智慧服务生活圈，推动公共服务资源整合，提升专业化、市场化服务水平。支持实体消费场所建设数字化消费新场景，推广智慧导览、智能导流、虚实交互体验、非接触式服务等应用，提升场景消费体验。培育一批新型消费示范城市和领先企业，打造数字产品服务展示交流和技能培训中心，培养全民数字消费意识和习惯。
八、健全完善数字经济治理体系
（一）强化协同治理和监管机制。",,
Q13,2025年稳外资行动方案计划在哪些服务领域扩大开放试点？,zh,direct,phase2_5/cn_foreign_investment_action_plan_2025.html,a6467e53-65f3-5817-a12e-013141941bce,1415b941-a535-5833-80b4-f682dcc95158,网络数据安全管理条例,中华人民共和国国务院,CN,zh,phase2_5\cn_network_data_security_regulation_2024.html,https://app.www.gov.cn/govdata/gov/202409/30/520076/article.html,,网络数据安全管理条例,9,,,"得超出评估时明确的数据出境目的、方式、范围和种类、规模等。
第三十九条
国家采取措施，防范、处置网络数据跨境安全风险和威胁。任何个人、组织不得提供专门用于破坏、避开技术措施的程序、工具等；明知他人从事破坏、避开技术措施等活动的，不得为其提供技术支持或者帮助。
第六章　网络平台服务提供者义务
第四十条
网络平台服务提供者应当通过平台规则或者合同等明确接入其平台的第三方产品和服务提供者的网络数据安全保护义务，督促第三方产品和服务提供者加强网络数据安全管理。
预装应用程序的智能终端等设备生产者，适用前款规定。
第三方产品和服务提供者违反法律、行政法规的规定或者平台规则、合同约定开展网络数据处理活动，对用户造成损害的，网络平台服务提供者、第三方产品和服务提供者、预装应用程序的智能终端等设备生产者应当依法承担相应责任。
国家鼓励保险公司开发网络数据损害赔偿责任险种，鼓励网络平台服务提供者、预装应用程序的智能终端等设备生产者投保。
第四十一条
提供应用程序分发服务的网络平台服务提供者，应当建立应用程序核验规则并开展网络数据安全相关核验。发现待分发或者已分发的应用程序不符合法律、行政法规的规定或者国家标准的强制性要求的，应当采取警示、不予分发、暂停分发或者终止分发等措施。
第四十二条
网络平台服务提供者通过自动化决策方式向个人进行信息推送的，应当设置易于理解、便于访问和操作的个性化推荐关闭选项，为用户提供拒绝接收推送信息、删除针对其个人特征的用户标签等功能。
第四十三条
国家推进网络身份认证公共服务建设，按照政府引导、用户自愿原则进行推广应用。
鼓励网络平台服务提供者支持用户使用国家网络身份认证公共服务登记、核验真实身份信息。
第四十四条
大型网络平台服务提供者应当每年度发布个人信息保护社会责任报告，报告内容包括但不限于个人信息保护措施和成效、个人行使权利的申请受理情况、主要由外部成员组成的个人信息保护监督机构履行职责情况等。
第四十五条
大型网络平台服务提供者跨境提供网络数据，应当遵守国家数据跨境安全管理要求，健全相关技术和管理措施，防范网络数据跨境安全风险。
第四十六条
大型网络平台服务提供者不得利用网络数据、算法以及平台规则等从事下列活动：
（一）通过误导、欺诈、胁迫等方式处理用户在平台上产生的网络数据；
（二）无正当理由限制用户访问、使用其在平台上产生的网络数据；
（三）对用户实施不合理的差别待遇，损害用户合法权益；
（四）法律、行政法规禁止的其他活动。
第七章　监督管理
第四十七条
国家网信部门负责统筹协调网络数据安全和相关监督管理工作。
公安机关、国家安全机关依照有关法律、行政法规和本条例的规定，在各自职责范围内承担网络数据安全监督管理职责，依法防范和打击危害网络数据安全的违法犯罪活动。
国家数据管理部门在具体承担数据管理工作中履行相应的网络数据安全职责。",,
Q13,2025年稳外资行动方案计划在哪些服务领域扩大开放试点？,zh,direct,phase2_5/cn_foreign_investment_action_plan_2025.html,8fcbdfba-defe-5766-aab6-4ed91f2174d8,7ac8bab9-bf9f-53ae-b5cc-4d30b3a42eca,德国联邦政府的中国战略,德国联邦政府,DE,zh,phase2_5\de_china_strategy_2023_zh.pdf,https://www.auswaertiges-amt.de/en/aussenpolitik/regionaleschwerpunkte/asien/strategy-on-china/2608618,Page 23,,10,,,"3. 与中国的双边关系
23
他市场参与者提供更好的市场准入和竞争
条件。
　　在中国，德国的 律师事务所甚至在与
德国企业合作时都会面临严重的市场准入
限制。我们致力于加强对等。
　　我们支持德国的 创意产业在艺术自由
的前提下在中国积极开展活动。
　　在农贸关系领域，我们继续致力于减
少不公正的贸易壁垒，支持基于规则的和
符合国际标准的贸易。针对基于动物疾病
的贸易限制，我们将继续努力推动区域化
管理原则的承认。我们致力于敦促中国加
强针对非法、未受监管和未登记的渔业行
为采取行动。
3.5. 气候、环境和生物多样性保护
　　为了避免气候危机所导致的最严重的
后果，必须做到将全球升温控制在 1.5 摄
氏度以内。国际社会在巴黎设定了目标，
决心为此付出最大的努力。中国是 最大的
二氧化碳排放国，却仍在继续扩大煤电规
模。同时，中国对可再生能源的投资超过
任何其他国家，技术也遥遥领先。中国对
维护世界气候负有特殊的责任。
　　因此气候保护是我们双边关系的重点
之一。德国政府要利用新设立的 气候和转
型高级别对话在加速绿色转型方面与中方
开展具体务实的合作。我们要将注意力集
中在改善相关框架条件及政策工具方面。
我们的共同目标是提高工业流程的气候友
好性、加快能源转型速度、为实现气候友
好型的交通移动方案转型提供便利、为循
环经济提供支持。这些措施的组合应当可
以明显降低碳排放。
　　中国继续批准了大量的新建火力发电
厂。在国外，虽然中国承诺不再新建境外
煤电，却仍是世界最大的煤电投资国。因
此德国联邦政府要同中国就 退煤进行深入
的对话。另外我们还将争取与中国就如何
从社会公正的角度规划气候保护措施进行
交流。
　　气候和环境保护要求科研领域的合作
以及在全球范围内使用绿色技术。根据国
际可再生能源机构（IRENA）的统计，中
国在 2022 年实现了全球可再生能源 装机
容量的近一半。中国的许多绿色技术居于
领先地位。同时中国还需要包括德国公司
在内的其他方面能够提供的绿色技术以达
到其气候目标。我们致力于在中国推动进
一步的市场开放和公平竞争。此举也旨在
为德国企业向中国提供先进的气候技术创
造更好的条件。
　　绿色技术 （包括产品、工艺和服务）
在今天就已带来了可观的经济繁荣。这一
技术领域的领先地位不仅具有经济意义，
而且影响到我们的政治决策空间。中国的",,
Q14,Which sectors are targeted for expanded foreign-investment pilots in China’s 2025 action plan?,en,cross-language,phase2_5/cn_foreign_investment_action_plan_2025.html,39d12de0-3484-5243-aad3-ae46d82ec1a3,a1a70ffe-651a-5128-a659-599647de2566,Strategy on China of the Government of the Federal Republic of Germany,Federal Government of Germany,DE,en,phase2_5\de_china_strategy_2023_en.pdf,https://www.auswaertiges-amt.de/en/aussenpolitik/regionaleschwerpunkte/asien/strategy-on-china/2608618,Page 28,,1,,2,"extent.
The Federal Government is committed to ensur-
ing that China plays a bigger role in supporting
multilateral funds for overcoming global chal-
lenges in the future. We are calling on China, in
its capacity as a creditor, to offer debt-for-climate
swaps and debt-for-nature swaps.
At Germany’s initiative, the EU tabled a motion
in 2016 in the Commission for the Conservation of
Antarctic Marine Living Resources for establishing
a marine protected area in the Weddell Sea. The
Federal Government is actively lobbying for Chi-
na to lend its support to this motion.
The International Treaty on Plant Genetic Re -
sources for Food and Agriculture  entered into
force in 2004 and is thus the first legally binding
agreement for implementing the CBD. We are
calling for China’s rapid accession to this treaty.
China is the world’s biggest producer of plastics
and is responsible for a substantial proportion
of plastic litter pollution of the environment
worldwide. We are seeking a dialogue with
China on the negative impacts of a non-sus-
tainable use of plastic and its impacts on litter
pollution around the world. Cooperation and
intensive exchange with China are also essential",,
Q14,Which sectors are targeted for expanded foreign-investment pilots in China’s 2025 action plan?,en,cross-language,phase2_5/cn_foreign_investment_action_plan_2025.html,3f9ee4a5-dde1-5f90-99b4-11ea556e23da,a1a70ffe-651a-5128-a659-599647de2566,Strategy on China of the Government of the Federal Republic of Germany,Federal Government of Germany,DE,en,phase2_5\de_china_strategy_2023_en.pdf,https://www.auswaertiges-amt.de/en/aussenpolitik/regionaleschwerpunkte/asien/strategy-on-china/2608618,Page 37,,,1,3,"rojects with
China in which knowledge drain is likely are
not supported or only supported when suitable
conditions are imposed. We will further devel-
op existing funding regulations for handling
knowledge and patents once the projects have
been completed.
In order to strengthen the European economy
in the digital sphere, the Federal Government
is promoting conditions that foster innovation
(fleshing out the European Chips Act and the
EU’s Artificial Intelligence Act). We are strength-
ening sustainable design and production capac-
ities for highly innovative technologies. We are
building a European open source ecosystem and
are working to achieve the rapid creation of a
Europe-wide mobility data sphere in accordance
with data protection regulations. We are imple-
menting the national Digital Strategy in a swift
and ambitious manner.
In its Made in China 2025 strategy, the Chinese
Government has made it clear that it seeks global
market and technological dominance in sectors
that are very important for Germany and the EU
or in which Germany and the EU long enjoyed
technological dominance. China is promoting
technological development with state funds. In",,
Q14,Which sectors are targeted for expanded foreign-investment pilots in China’s 2025 action plan?,en,cross-language,phase2_5/cn_foreign_investment_action_plan_2025.html,d2cbef53-a98e-5178-b21e-b2319e543990,a1a70ffe-651a-5128-a659-599647de2566,Strategy on China of the Government of the Federal Republic of Germany,Federal Government of Germany,DE,en,phase2_5\de_china_strategy_2023_en.pdf,https://www.auswaertiges-amt.de/en/aussenpolitik/regionaleschwerpunkte/asien/strategy-on-china/2608618,Page 27,,5,8,1,"results.
The Federal Government supports the EU’s
Carbon Border Adjustment Mechanism for
carbon dioxide .
China is considered a developing country in
the United Nations Framework Convention
on Climate Change  (UNFCCC). We expect the
world’s second-largest economy to contribute
to climate action in accordance with its means
and responsibility, as agreed in the Paris Agree-
ment and elsewhere. The Federal Government is
calling for credible multilateral commitment on
China’s part and is offering to cooperate in mul-
tilateral processes.
The main priority is the need to persuade China
to pursue more ambitious targets in reducing its
greenhouse gas emissions. China has committed
to ensuring that its CO2 emissions peak before
2030 and that it will achieve carbon neutrality
before 2060. This is not sufficient for keeping to
the 1.5 °C limit; a further scaling up of China’s
climate change targets is what is actually needed.
Together with China, we are working to bring the
negotiations on the new climate finance target
post-2025 to a successful conclusion within the
framework of the UNFCCC. In addition, we are
committed to ensuring that China contributes",,
Q14,Which sectors are targeted for expanded foreign-investment pilots in China’s 2025 action plan?,en,cross-language,phase2_5/cn_foreign_investment_action_plan_2025.html,2fbf5511-ce73-5c56-9573-76bae8f52928,a1a70ffe-651a-5128-a659-599647de2566,Strategy on China of the Government of the Federal Republic of Germany,Federal Government of Germany,DE,en,phase2_5\de_china_strategy_2023_en.pdf,https://www.auswaertiges-amt.de/en/aussenpolitik/regionaleschwerpunkte/asien/strategy-on-china/2608618,Page 40,,,2,4,"curity, the lower the threshold for
acquisitions to be screened. These screenings
apply in a non-discriminatory manner to all
third-country investors.
Chinese direct investments pose particular
challenges for us owing to the political and eco-
nomic circumstances in the country of origin.
The Military-Civil Fusion policy pursued by the
Chinese Government is particularly critical in
this context as civilian corporate interests and
the development of military capabilities can no
longer be clearly distinguished from one another.
Direct investments by Chinese companies abroad
open up access to markets and technologies. This
must not lead to any risks for Germany’s public
order and security, e. g. owing to the drain of
technologies that are sensitive in terms of securi-
ty. This is playing a role especially in the context
of advanced and fundamental technologies.
Thanks to investment screening, we are protect-
ing independence in areas critical to security and
to supplying the population, safeguarding the
defence capability of Germany and its alliance
partners and strengthening the technological
sovereignty of Germany and the EU. Fields of",,
Q14,Which sectors are targeted for expanded foreign-investment pilots in China’s 2025 action plan?,en,cross-language,phase2_5/cn_foreign_investment_action_plan_2025.html,ec4e43fa-c324-539a-8b5d-8701c617e1ca,a1a70ffe-651a-5128-a659-599647de2566,Strategy on China of the Government of the Federal Republic of Germany,Federal Government of Germany,DE,en,phase2_5\de_china_strategy_2023_en.pdf,https://www.auswaertiges-amt.de/en/aussenpolitik/regionaleschwerpunkte/asien/strategy-on-china/2608618,Page 49,,2,,5,"5. Internat Ional cooperat Ion
49
5.1.  Global partnerships
Coordination with Germany’s closest partners
is fundamental to our foreign policy; this also
applies to our policy-making with and vis-à-vis
China. Both the transatlantic alliance and the
close partnership built on trust with the United
States, including in the G7, is of tremendous im-
portance for the EU and for Germany.
Global partnerships begin in Germany’s immedi-
ate neighbourhood: We maintain especially close
and manifold ties with the countries of the West-
ern Balkans and Eastern Europe. Matters that are
important for the countries of the Western Bal-
kans and Eastern Europe deserve attention, also
because they present an opportunity for China
to expand its capability to exert influence. The
Federal Government expects these countries, as
they draw closer to EU membership, to increas-
ingly bring their foreign and security policies in
line with EU policy.
It is a key aim of the European Union for Africa
to be prosperous, peaceful and resilient. The EU
is Africa’s largest trading partner, and the EU’s
total foreign investment in Africa is more than
sixfold that of China. At the same time, China",,
Q14,Which sectors are targeted for expanded foreign-investment pilots in China’s 2025 action plan?,en,cross-language,phase2_5/cn_foreign_investment_action_plan_2025.html,039eb875-177b-51af-a632-e914c288f216,a1a70ffe-651a-5128-a659-599647de2566,Strategy on China of the Government of the Federal Republic of Germany,Federal Government of Germany,DE,en,phase2_5\de_china_strategy_2023_en.pdf,https://www.auswaertiges-amt.de/en/aussenpolitik/regionaleschwerpunkte/asien/strategy-on-china/2608618,Page 49,,3,,6,"he EU
is Africa’s largest trading partner, and the EU’s
total foreign investment in Africa is more than
sixfold that of China. At the same time, China
is very active in Africa and its influence on the
continent is growing steadily. Europe’s neigh-
bouring continent is a key target region for Eu-
ropean infrastructure investment in the context
of the Global Gateway initiative and the Part-
nership for Global Infrastructure and Investment
(PGII) of the G7.
In the Gulf region, the countries of the Middle
East and the Horn of Africa, we are carefully
watching as China increases, among other things,
both its economic activity and military presence
and intensifies its relations with Iran. We cooper-
ate with China in areas where we share inter-
ests – e. g. when it comes to dealing with Iran’s
nuclear programme.
Central Asia is a bridge between Europe and
China, Russia and the Middle East. It must be
ensured that the Central Asian states maintain
their sovereignty, security and leeway in foreign
policy. For this, the Federal Government actively
supports stronger economic exchange between
the region and Europe.
In recent years, China has significantly increa -",,
Q14,Which sectors are targeted for expanded foreign-investment pilots in China’s 2025 action plan?,en,cross-language,phase2_5/cn_foreign_investment_action_plan_2025.html,aa489e59-35da-5f6e-b4b1-ffa197a57a64,a1a70ffe-651a-5128-a659-599647de2566,Strategy on China of the Government of the Federal Republic of Germany,Federal Government of Germany,DE,en,phase2_5\de_china_strategy_2023_en.pdf,https://www.auswaertiges-amt.de/en/aussenpolitik/regionaleschwerpunkte/asien/strategy-on-china/2608618,Page 25,,,3,7,"ment on
the basis of an ambitious offer from the Chinese
side. The EU’s Instrument for International Pro-
curement, which entered into force in summer
2022, aims to improve EU firms’ access to public
contracts in third countries such as China.
China’s data legislation provides the coun-
try’s security authorities with disproportionate
means of control and is leading to imbalances in
competition opportunities. Free and trustworthy
transnational flows of data and the fair regu-
lation of cyberspace are needed for the further
development of our economic relations. We are
also working at the bilateral level to achieve this.
The European internal market offers Chinese
firms in the transport sector far greater opportu-
nities than those granted to European suppliers
in China. The Federal Government is seeking to
deepen exchange on transport issues in order to
ensure that air and maritime routes are open and
fair. Germany and China have a common interest
in creating the parameters for economically,
ecologically and socially sustainable, resilient
and robust global logistics chains. In doing so,
the Federal Government will focus to a greater
extent on the principle of reciprocity.",,
Q14,Which sectors are targeted for expanded foreign-investment pilots in China’s 2025 action plan?,en,cross-language,phase2_5/cn_foreign_investment_action_plan_2025.html,723fe37f-9cfd-537e-b5b9-706a386402f3,a1a70ffe-651a-5128-a659-599647de2566,Strategy on China of the Government of the Federal Republic of Germany,Federal Government of Germany,DE,en,phase2_5\de_china_strategy_2023_en.pdf,https://www.auswaertiges-amt.de/en/aussenpolitik/regionaleschwerpunkte/asien/strategy-on-china/2608618,Page 16,,4,,8,"2. Germany’s strate Gy on c h I na as part of the jo I nt eu pol Icy on c h I na
16
A successful approach to China requires Europe
as a whole to bring its influence to bear. The
Federal Government is thus aligning its policy
on China with that of Europe’s. This policy is
embedded in the aims and principles of the EU’s
common policy on China and based on constant
close coordination with EU partners. We regard
this German strategy document as a means of
enhancing a coherent European policy on China.
Most aspects of Germany’s relations with China
have both a bilateral and a European dimension.
We are pursuing our interests in accordance with
the EU’s objectives. Closer coordination with
EU partners fosters a pan-European approach;
it also, for example, facilitates joint action by EU
member states in multilateral forums.
Germany’s bilateral talks with China are also
intended to complement and reinforce our EU
partners’ talks. The Federal Government will
continue to make it clear that it cannot be a ne-
gotiating partner for China on matters for which
the EU is responsible.
German-Chinese meetings and intergovern-
mental consultations are also an opportu-",,
Q14,Which sectors are targeted for expanded foreign-investment pilots in China’s 2025 action plan?,en,cross-language,phase2_5/cn_foreign_investment_action_plan_2025.html,edc363c1-f925-523c-9b16-9a129ff1bc4f,a1a70ffe-651a-5128-a659-599647de2566,Strategy on China of the Government of the Federal Republic of Germany,Federal Government of Germany,DE,en,phase2_5\de_china_strategy_2023_en.pdf,https://www.auswaertiges-amt.de/en/aussenpolitik/regionaleschwerpunkte/asien/strategy-on-china/2608618,Page 27,,,4,9,"nance target
post-2025 to a successful conclusion within the
framework of the UNFCCC. In addition, we are
committed to ensuring that China contributes
to global loss and damage financing. Develop-
ing countries are also expecting to see greater
involvement on the part of China in this regard.
We are lobbying China to bring its financial flows
into line with the Paris Agreement. China is free",,
Q14,Which sectors are targeted for expanded foreign-investment pilots in China’s 2025 action plan?,en,cross-language,phase2_5/cn_foreign_investment_action_plan_2025.html,b9fa4ed1-4262-596d-9888-2ba99c8b4163,a1a70ffe-651a-5128-a659-599647de2566,Strategy on China of the Government of the Federal Republic of Germany,Federal Government of Germany,DE,en,phase2_5\de_china_strategy_2023_en.pdf,https://www.auswaertiges-amt.de/en/aussenpolitik/regionaleschwerpunkte/asien/strategy-on-china/2608618,Page 17,,,5,10,"2. Germany’s strate Gy on c h I na as part of the jo I nt eu pol Icy on c h I na
17
an economic interests, as well as to policy fields
in which the EU as a whole is to be strengthened
as a geopolitical actor.
The Federal Government acknowledges the
important role of parliamentary positions on
China at the European and national level.
For various reasons, ratification by the Council
of the European Union of the Comprehensive
Agreement on Investment between the EU and
China that was negotiated in 2020 is not possible
at the present time.
In accordance with the conclusions adopted by
the European Council in October 2020, the Fed-
eral Government supports the establishment of
a new additional summit format with China at
the level of Heads of State and Government and
leaders of EU institutions.
It is important that EU candidate countries also
shape their approach to China in a way that does
not run contrary to pan-European interests and
EU law; we will support them in this regard.",,
Q14,Which sectors are targeted for expanded foreign-investment pilots in China’s 2025 action plan?,en,cross-language,phase2_5/cn_foreign_investment_action_plan_2025.html,9d79d66b-62f0-5f8f-91ec-cf6ec63f78c0,a1a70ffe-651a-5128-a659-599647de2566,Strategy on China of the Government of the Federal Republic of Germany,Federal Government of Germany,DE,en,phase2_5\de_china_strategy_2023_en.pdf,https://www.auswaertiges-amt.de/en/aussenpolitik/regionaleschwerpunkte/asien/strategy-on-china/2608618,Page 41,,,6,,"itary
and intelligence capabilities of actors who may
use these capabilities to undermine internation-
al peace and security, from being fueled by our
companies’ capital, expertise, and knowledge.
We acknowledge in this context that appropriate
measures that are designed to counter risks con-
nected with outbound investment could be im-
portant as a supplement to existing instruments
for targeted controls of exports and domestic
investments. The European Commission has an-
nounced it will examine whether measures can
be taken to tackle security risks in connection
with investments in third countries; the Federal
Government will constructively engage in this
EU process. The Federal Government is con-
ducting its own analyses of the matter, also with
a view to safeguarding national security, and is
liaising with industry and international and Eu-
ropean partners to this end.
While we continue to work on equipping our
toolkit in the area of economic security for
the challenges of our age, we will create clarity
for the private sector with regard to our com-
mon objectives. We will, moreover, continue to
coordinate our efforts with our partners, share",,
Q14,Which sectors are targeted for expanded foreign-investment pilots in China’s 2025 action plan?,en,cross-language,phase2_5/cn_foreign_investment_action_plan_2025.html,f5c3b9a6-c981-51cf-9876-4fe9e75dcfcf,a1a70ffe-651a-5128-a659-599647de2566,Strategy on China of the Government of the Federal Republic of Germany,Federal Government of Germany,DE,en,phase2_5\de_china_strategy_2023_en.pdf,https://www.auswaertiges-amt.de/en/aussenpolitik/regionaleschwerpunkte/asien/strategy-on-china/2608618,Page 9,,6,,,"1. Introduct Ion
9
1.2.  Aims of the Strategy on China
China has changed. As a result of this and Chi-
na’s political decisions, we need to change our
approach to China. The Federal Government
will, together in Europe and with international
partners, define new parameters under which
Germany’s interests will be upheld in its coop-
eration with China, while living up to our global
responsibility.
This strategy for our approach to China and the
challenges arising from China comprises three
dimensions: bilateral relations with China,
strengthening Germany and the EU, and interna-
tional cooperation.
Its aims are as follows:
• to present the Federal Government’s views on the status of and prospects for rela-
tions with China;
• to enable the Federal Government to assert our values and interests more effectively
in the complex relationship with China;
• to present means and instruments by which the Federal Government can work with
China, without endangering Germany’s free and democratic way of life, our sover-
eignty and prosperity, as well as our security and partnerships with others;
• to provide the framework within which our Federal Ministries can give coherence to",,
Q14,Which sectors are targeted for expanded foreign-investment pilots in China’s 2025 action plan?,en,cross-language,phase2_5/cn_foreign_investment_action_plan_2025.html,27bacce0-24a9-5d8c-9022-683d530b78e0,a1a70ffe-651a-5128-a659-599647de2566,Strategy on China of the Government of the Federal Republic of Germany,Federal Government of Germany,DE,en,phase2_5\de_china_strategy_2023_en.pdf,https://www.auswaertiges-amt.de/en/aussenpolitik/regionaleschwerpunkte/asien/strategy-on-china/2608618,Page 53,,,7,,"5. Internat Ional cooperat Ion
53
that it wanted to generate up to 600 billion US
dollars in public and private-sector investment
by the year 2027.
We encourage the European Commission to
implement Global Gateway in the pursuit of
European interests and values. Ambitious flag-
ship projects will be key in this regard. For the
purpose of implementation, we want to use the
structures of the European Investment Bank
and national development banks, as well as pri-
vate funds, to build as many high quality projects
around the world as possible.
Furthermore, the Federal Government is helping
to enhance the resilience of Germany’s partners,
for example when it comes to drafting transpar-
ent raw material and credit contracts, creat-
ing a regulatory environment for sustainable
investment that respect human rights, as well as
fighting corruption.
5.5.  Reform of the World Trade Organization
By joining the World Trade Organization (WTO),
China made a commitment to a reliable, fair and
rules-based system of trade, as well as to a mini-
mum legal framework and the progressive liber-
alisation of trade. All WTO members expect one
another to fully comply with their legal obliga-",,
Q14,Which sectors are targeted for expanded foreign-investment pilots in China’s 2025 action plan?,en,cross-language,phase2_5/cn_foreign_investment_action_plan_2025.html,eb708f2d-1e99-56b5-b27f-969392d822de,a1a70ffe-651a-5128-a659-599647de2566,Strategy on China of the Government of the Federal Republic of Germany,Federal Government of Germany,DE,en,phase2_5\de_china_strategy_2023_en.pdf,https://www.auswaertiges-amt.de/en/aussenpolitik/regionaleschwerpunkte/asien/strategy-on-china/2608618,Page 38,,7,,,"4. stren Gthen InG Germany and the eu
38
4.4.  Risks on the Chinese market
Many German companies have been successfully
doing business in China for decades. With Chi-
na’s economic growth, the share of business with
China in the international business operations of
German companies has increased steadily. The
Chinese market continues to be of great impor-
tance for many companies owing to its share of
the global market, its dynamism and innova-
tiveness and the good cooperation with people
working for German companies in China.
The Dual Circulation  industrial policy strate-
gy sets out objectives that are leading to greater
economic independence for China while at the
same time increasing asymmetrical dependen-
cies abroad. A unilateral reduction of China’s
dependence on German exports is not in Ger-
many’s interests. We are therefore committed to
removing market-distorting and discriminatory
practices in China.
The further China moves away from the norms
and rules of the rulesbased international order,
the more critical dependencies on the Chinese
market, also on the part of individual sectors
or companies, can prove to be a problem. The",,
Q14,Which sectors are targeted for expanded foreign-investment pilots in China’s 2025 action plan?,en,cross-language,phase2_5/cn_foreign_investment_action_plan_2025.html,e02eb6ee-d12b-5438-b68a-bec0f4a4b797,a1a70ffe-651a-5128-a659-599647de2566,Strategy on China of the Government of the Federal Republic of Germany,Federal Government of Germany,DE,en,phase2_5\de_china_strategy_2023_en.pdf,https://www.auswaertiges-amt.de/en/aussenpolitik/regionaleschwerpunkte/asien/strategy-on-china/2608618,Page 40,,8,,,"4. stren Gthen InG Germany and the eu
40
4.6.  Dealing with investments
With the Regulation establishing a framework
for the screening of foreign direct investments, a
legal framework for screening foreign direct
investments was created in the EU in 2019. This
Regulation envisages a cooperation mechanism
between the member states and the European
Commission. Its objective is to uphold the prin-
ciple of the freedom of foreign trade as well as
the EU’s openness for foreign direct investments
while preserving security interests in the process.
Germany’s investment screening operates within
this framework. The Federal Government may
impose conditions on or prohibit the acquisi-
tion of or holdings in domestic companies. The
decisive consideration here is whether there is
a foreseeable impairment of the public order
or security of the Federal Republic of Germany
or the EU or of essential German security in-
terests. The more important the sector affect-
ed by an investment project is for the public
order or security, the lower the threshold for
acquisitions to be screened. These screenings
apply in a non-discriminatory manner to all
third-country investors.",,
Q14,Which sectors are targeted for expanded foreign-investment pilots in China’s 2025 action plan?,en,cross-language,phase2_5/cn_foreign_investment_action_plan_2025.html,6d6d53d3-3f58-5d91-91ac-e885becf6fad,a1a70ffe-651a-5128-a659-599647de2566,Strategy on China of the Government of the Federal Republic of Germany,Federal Government of Germany,DE,en,phase2_5\de_china_strategy_2023_en.pdf,https://www.auswaertiges-amt.de/en/aussenpolitik/regionaleschwerpunkte/asien/strategy-on-china/2608618,Page 30,,,9,,"3. BI lateral relat Ions w I th c h I na
30
3.7.  The 2030 Agenda
China is a global player in the development
policy field whose engagement we are monitor-
ing closely. We are cooperating with China to
provide and protect global public goods and to
implement the 2030 Agenda for  Sustainable
Development . We are also conducting a  dialogue
on standards and practices in development co-
operation in this regard. This dialogue is being
underpinned by individual joint projects bene-
fitting third countries (known as “triangular
cooperation”). These projects must meet Official
Development Assistance (ODA) standards and
be geared towards demand. The advantages
and risks of cooperation are always  carefully
weighed up in this regard. The Sino-German
Center for Sustainable Development in Beijing is
a platform for cooperation in the development
policy context.
China is continuing to gain in importance in in-
ternational financial institutions and in region-
al development banks. We intend, also within
the framework of the reform process of multi-
lateral development banks, to use our coopera-
tion with China in these institutions in order
to work on joint solutions for financing global",,
Q14,Which sectors are targeted for expanded foreign-investment pilots in China’s 2025 action plan?,en,cross-language,phase2_5/cn_foreign_investment_action_plan_2025.html,7a3767fd-9c6d-519b-a9b2-f2acbf86a7b2,a1a70ffe-651a-5128-a659-599647de2566,Strategy on China of the Government of the Federal Republic of Germany,Federal Government of Germany,DE,en,phase2_5\de_china_strategy_2023_en.pdf,https://www.auswaertiges-amt.de/en/aussenpolitik/regionaleschwerpunkte/asien/strategy-on-china/2608618,Page 34,,9,,,"4. stren Gthen InG Germany and the eu
34
Increasing competition and systemic rivalry with
China require new efforts in Germany and the
EU to strengthen our economy, competitiveness
and technological sovereignty, as well as to pro-
tect our open societies and assert our interests
vis-à-vis China.
China is a serious competitor for German and
European business. China has already achieved
a market-leading role in a number of areas; a
range of state measures and a strongly protect-
ed market are playing an important role in this
regard. Business, science and politics are closely
connected in China’s actions.
Strategies (Made in China 2025, Dual Circulation)
and statements by the Chinese leadership (e. g.
President Xi to party committees in 2020) indi-
cate that China is seeking to create economic and
technological dependencies with a view to using
these to assert political objectives and interests.
At the same time, China, citing security interests,
is working to make itself more independent from
foreign contributions and supplies.
In view of this, unfair practices on the part of
China can have a negative impact on our  security,
sovereignty and prosperity. We must address this",,
Q14,Which sectors are targeted for expanded foreign-investment pilots in China’s 2025 action plan?,en,cross-language,phase2_5/cn_foreign_investment_action_plan_2025.html,cc190c76-d4f0-507f-824e-4b6f29149364,a1a70ffe-651a-5128-a659-599647de2566,Strategy on China of the Government of the Federal Republic of Germany,Federal Government of Germany,DE,en,phase2_5\de_china_strategy_2023_en.pdf,https://www.auswaertiges-amt.de/en/aussenpolitik/regionaleschwerpunkte/asien/strategy-on-china/2608618,Page 11,,10,,,"1. Introduct Ion
11
China’s conduct and decisions have caused the
elements of rivalry and competition in our
relations to increase in recent years. This has
prompted the Federal Government to recalibrate
its cooperation with China and its approach to
the challenges bound up with this, both bilat-
erally and in the European context. The Federal
Government places its trust in the strength of
Germany’s and Europe’s democratic basic order
and social market economy.
Systemic rivalry with China does not mean that
we cannot cooperate. On the contrary, the Feder-
al Government is seeking to cooperate with Chi-
na on the basis of fair conditions. Cooperation
with China is thus a fundamental element of the
Federal Government’s Strategy on China.
However, the Federal Government never loses
sight of the fact that differences with China
relate to the Chinese Government’s political
actions. With its huge diversity, China has made
great achievements, which are admired also in
Germany. Exchange with Chinese society is
enriching for both Germany and China. Our two
countries are linked by Chinese people in Germa-
ny and Germans in China – be it for short visits,",,
Q14,Which sectors are targeted for expanded foreign-investment pilots in China’s 2025 action plan?,en,cross-language,phase2_5/cn_foreign_investment_action_plan_2025.html,f9c2ed91-ca0e-58e1-b488-198cf78e2e87,a1a70ffe-651a-5128-a659-599647de2566,Strategy on China of the Government of the Federal Republic of Germany,Federal Government of Germany,DE,en,phase2_5\de_china_strategy_2023_en.pdf,https://www.auswaertiges-amt.de/en/aussenpolitik/regionaleschwerpunkte/asien/strategy-on-china/2608618,Page 40,,,10,,"eguarding the
defence capability of Germany and its alliance
partners and strengthening the technological
sovereignty of Germany and the EU. Fields of
sector-specific investment screening with a low
uptake threshold are particularly important. The
protection of critical infrastructures, which
include telecommunications, data, energy and
transport infrastructure in particular, also plays
an important role.
In the assessment of an expected impairment of
the public order or security, it can also be taken
into account whether this involves a media
company that contributes to public opinion and
which is characterised by a high level of topi-
cality and impact. Investment screening in this
area helps to preserve media pluralism and thus
offers protection against illegitimate interference
in political and democratic processes in Ger-
many and the EU.
The investment strategies of Chinese companies
can change, also in response to our investment
screening measures. Therefore, and owing to the
cross-border dimension of some projects, the
Federal Government will intensify the exchange
with the EU, the US and within the framework
of the G7 in particular. In so doing, we are able",,
Q15,"What transparency, technical-documentation, and copyright-policy duties apply to providers of general-purpose AI models under the EU AI Act?",en,direct,phase2_5/eu_ai_act_2024_en.pdf,4d62ef0c-b6e0-5a56-ab9d-36f5717de13e,e564bfe4-14df-59e7-8194-196f0b7042ed,Regulation (EU) 2024/1689 (Artificial Intelligence Act),European Parliament and Council of the European Union,EU,en,phase2_5\eu_ai_act_2024_en.pdf,https://eur-lex.europa.eu/legal-content/EN/TXT/?uri=CELEX:32024R1689,Page 27,,,1,1,"odel and on how compliance of cop yr ight
la w was thereby ensured, the excep tion provid ed f or g eneral-pur pose AI models from compliance with the
transparency-relate d requirements should not concer n the obligati on to produce a summar y about the cont ent used
f or model training and the obligation to put in place a policy to comply with Union cop yr ight law , in par ticular to
identify and comply with the reser vation of r ights pursuant to Ar ticle 4(3) of Directive (EU) 2019/790 of the
European Pa rliament and of the Council (
40
).
(105) General-pur pose AI models, in par ticular larg e g enerative AI models, capable of g enerating text, imag es, and other
cont ent, present unique innovation oppor tunities but also challeng es to ar tists, authors, and other creators and the
wa y their creative content is create d, distr ibut ed, used and consumed. The development and training of suc h models
require access to vast amounts of te xt, images, videos and other data. T ext and data mining te chniques ma y be used
exte nsively in this context f or the retr ieval and analysis of suc h cont ent, which ma y be protect ed by cop yr ight and",,
Q15,"What transparency, technical-documentation, and copyright-policy duties apply to providers of general-purpose AI models under the EU AI Act?",en,direct,phase2_5/eu_ai_act_2024_en.pdf,781c3658-f323-51dc-bf75-ad895bfd6ad2,e564bfe4-14df-59e7-8194-196f0b7042ed,Regulation (EU) 2024/1689 (Artificial Intelligence Act),European Parliament and Council of the European Union,EU,en,phase2_5\eu_ai_act_2024_en.pdf,https://eur-lex.europa.eu/legal-content/EN/TXT/?uri=CELEX:32024R1689,Page 26,,1,,2,", as direct download, or as physica l cop y .
These models ma y be fur ther modif ied or fine -tuned into new models. Although AI models are essential
com ponents of AI systems, they do not constitute AI systems on their own. AI models require the addition of fur ther
com ponents, such as f or exam ple a user inte rface, t o become AI syste ms. AI models are typically integrat ed into and
f or m par t of AI systems. This Regulation provid es specific r ules f or g eneral-pur pose AI models and f or
g eneral-pur pose AI models that pose syste mic r isks , which should apply also when these models are integrat ed or
f or m par t of an AI syste m. It should be understood that the obliga tions f or the providers of gene ral-pur pose AI
models should apply once the g eneral-pur pose AI models are placed on the marke t. When the provid er of
a g eneral-pur pose AI model inte grates an ow n model into its ow n AI syste m that is made ava ilable on the market or
put into ser vice, that model should be considered to be placed on the marke t and, theref ore, the obliga tions in this",,
Q15,"What transparency, technical-documentation, and copyright-policy duties apply to providers of general-purpose AI models under the EU AI Act?",en,direct,phase2_5/eu_ai_act_2024_en.pdf,75afad1a-2bf1-5a52-9fb1-a66f3aea2e62,e564bfe4-14df-59e7-8194-196f0b7042ed,Regulation (EU) 2024/1689 (Artificial Intelligence Act),European Parliament and Council of the European Union,EU,en,phase2_5\eu_ai_act_2024_en.pdf,https://eur-lex.europa.eu/legal-content/EN/TXT/?uri=CELEX:32024R1689,Page 85,,,2,3,"2. The obliga tions set out in paragraph 1, points (a) and (b), shall not apply to providers of AI models that are released
under a free and open-source licence that allo ws f or the access, usage , modif ication, and distr ibution of the model, and
whose paramet ers, including the weights, the inf or mation on the model archit ecture, and the inf or mation on model usage,
are made publicly available . This ex ception shall not apply to g eneral-pur pose AI models with systemic r isks .
3. Providers of g eneral-pur pose AI models shall cooperate as necessar y with the Commission and the national
compet ent author ities in the ex ercise of their comp etences and powers pursuant to this Regulation.
4. Providers of g eneral-pur pose AI models ma y rely on codes of practice within the meaning of Ar ticle 56 to
demonstrate complia nce with the obliga tions set out in paragraph 1 of this Ar ticle, until a har monised standard is
published. Compliance with European har monised standards grants providers the presump tion of conf or mity t o the exte nt
that those standards cover those obliga tions. Providers of g eneral-pur pose AI models who do not adhere to an approved",,
Q15,"What transparency, technical-documentation, and copyright-policy duties apply to providers of general-purpose AI models under the EU AI Act?",en,direct,phase2_5/eu_ai_act_2024_en.pdf,be427c20-f9f9-5af6-8cf2-5398bd482cc4,e564bfe4-14df-59e7-8194-196f0b7042ed,Regulation (EU) 2024/1689 (Artificial Intelligence Act),European Parliament and Council of the European Union,EU,en,phase2_5\eu_ai_act_2024_en.pdf,https://eur-lex.europa.eu/legal-content/EN/TXT/?uri=CELEX:32024R1689,Page 43,,2,,4,"conditions under which an
AI system is not to be considered to be high-r isk, the list of high-r isk AI syste ms, the provisions regarding te ch nical
documentation, the cont ent of the EU declaration of conf or mity the provisions regard ing the conf or mity assessment
procedures, the provisions establishing the high-r isk AI syste ms t o which the conf or mity assessment procedure
based on assessment of the quality management syste m and assessment of the te ch nical documentation should
apply , the threshold, bench mark s and indicators, including by supplementing those bench mark s and indicator s, in
the r ules f or the classification of general-pur pose AI models with syste mic r isk, the cr ite r ia f or the designation of
g eneral-pur pose AI models with syste mic r isk, the te ch nical documentation f or providers of g eneral-pur pose AI
models and the transparency inf or mation f or providers of g eneral-pur pose AI models. It is of par ticular imp or tance
that the Commission car r y out appropr iate consultations dur ing its preparatory wo rk , including at exper t level, and",,
Q15,"What transparency, technical-documentation, and copyright-policy duties apply to providers of general-purpose AI models under the EU AI Act?",en,direct,phase2_5/eu_ai_act_2024_en.pdf,2db2346a-a5bd-5ef7-adb4-cbb021a10a42,e564bfe4-14df-59e7-8194-196f0b7042ed,Regulation (EU) 2024/1689 (Artificial Intelligence Act),European Parliament and Council of the European Union,EU,en,phase2_5\eu_ai_act_2024_en.pdf,https://eur-lex.europa.eu/legal-content/EN/TXT/?uri=CELEX:32024R1689,Page 30,,3,,5,"im por tant with regard to general-pur pose AI models that are planned t o be released as open-source, given that, af ter
the open-source model release, necessar y measures to ensure compliance with the obliga tions under this Regulation
ma y be more diffic ult to imp lement.
(113) If the Commission becomes awar e of the f act that a general-pur pose AI model meets the requirements to classify as
a g eneral-pur pose AI model with syste mic r isk, which previously had either not been kno wn or of which the
relevant provider has f ailed to notify the Commission, the Commission should be empo wered to designate it so.
A system of qualified aler ts should ensure that the AI Offi ce is made aw are by the scientifi c panel of g eneral-pur pose
AI models that should possibly be classified as g eneral-pur pose AI models with syste mic r isk, in addition to the
monito r ing activities of the AI Off ice.
(114) The pro viders of g eneral-pur pose AI models presenting syste mic r isks should be subject, in addition t o the
oblig ations provid ed f or provid ers of g eneral-pur pose AI models, to oblig ations aimed at identifying and mitig ating",,
Q15,"What transparency, technical-documentation, and copyright-policy duties apply to providers of general-purpose AI models under the EU AI Act?",en,direct,phase2_5/eu_ai_act_2024_en.pdf,6adb624e-b344-5329-891f-6c1b64b75101,e564bfe4-14df-59e7-8194-196f0b7042ed,Regulation (EU) 2024/1689 (Artificial Intelligence Act),European Parliament and Council of the European Union,EU,en,phase2_5\eu_ai_act_2024_en.pdf,https://eur-lex.europa.eu/legal-content/EN/TXT/?uri=CELEX:32024R1689,Page 85,,,3,6,"conf or mity t o the exte nt
that those standards cover those obliga tions. Providers of g eneral-pur pose AI models who do not adhere to an approved
code of practice or do not comply with a European har monised standard shall demonstrate alt er native adequat e means of
complia nce f or assessment by the Commission.
5. For the pur pose of facilitating compliance with Annex XI, in par ticular points 2 (d) and (e) thereof, the Commission is
emp owered to adop t deleg ated acts in accordance with Ar ticle 97 to detail measurement and calculation methodologies
with a view to allowing f or comp arable and ver ifi able documentation.
6. The Commission is empo wered to adop t deleg ated acts in accordance with Ar ticle 97(2) to amend Annexes XI and XII
in light of ev olving t echnological developments.
7. Any inf or mation or documentation obtained pursuant to this Ar ticle, including trade secrets, shall be treate d in
accordance with the conf identiality obliga tions set out in Ar ticle 78.
Ar ticle 54
Author ised represent ativ es of pro viders of general-pur pose AI models",,
Q15,"What transparency, technical-documentation, and copyright-policy duties apply to providers of general-purpose AI models under the EU AI Act?",en,direct,phase2_5/eu_ai_act_2024_en.pdf,09cfaa13-38fa-5fe7-a84f-e642577fe875,e564bfe4-14df-59e7-8194-196f0b7042ed,Regulation (EU) 2024/1689 (Artificial Intelligence Act),European Parliament and Council of the European Union,EU,en,phase2_5\eu_ai_act_2024_en.pdf,https://eur-lex.europa.eu/legal-content/EN/TXT/?uri=CELEX:32024R1689,Page 110,,,4,7,"r ing in r espect of providers of g ener al-pur pose AI models
Ar ticle 88
Enf orcement of the obligations of pro viders of general-pur pose AI models
1. The Commission shall hav e ex clusive po wers t o super vise and enf orce Chapt er V , taking into account the procedural
guarantees under Ar ticle 94. The Commission shall entr ust the imp lementation of these tasks to the AI Office, without
prejudice to the powers of org anisation of the Commission and the division of compet ences between Member Stat es and
the Uni on based on the T reaties.
2. Without prejudice to Ar ticle 75(3), marke t sur veillance author ities ma y request the Commission to ex ercise the
powe rs laid do wn in this Section, where that is necessar y and propor tionate to assist with the fulfilment of their tasks under
this Regulation.
EN
OJ L, 12.7.2024
110/144 ELI: http://data.europa.eu/eli/reg/2024/1689/oj",,
Q15,"What transparency, technical-documentation, and copyright-policy duties apply to providers of general-purpose AI models under the EU AI Act?",en,direct,phase2_5/eu_ai_act_2024_en.pdf,94226c7a-67d3-55a6-a493-8a520b09978d,e564bfe4-14df-59e7-8194-196f0b7042ed,Regulation (EU) 2024/1689 (Artificial Intelligence Act),European Parliament and Council of the European Union,EU,en,phase2_5\eu_ai_act_2024_en.pdf,https://eur-lex.europa.eu/legal-content/EN/TXT/?uri=CELEX:32024R1689,Page 45,,4,,8,"(b) prohibitions of cer tain AI practices;
(c) specific requirements f or high-r isk AI systems and oblig ations f or operators of suc h systems;
(d) har monised transparency r ules f or cer tain AI systems;
(e) har monised r ules f or the placing on the marke t of general-pur pose AI models;
(f) r ules on mark et monitoring, marke t sur veillance, gove r nance and enf orcement ;
(g) measures to suppor t innovation, with a par ticular f ocus on SMEs, including star t-ups.
Ar ticle 2
Scope
1. This Regulation applies to:
(a) provid ers placing on the marke t or putting into ser vice AI syste ms or placing on the market general-pur pose AI models
in the Uni on, ir respective of whether those pro viders are established or locat ed within the Union or in a third countr y ;
(b) deplo yers of AI syste ms that have their place of establishment or are located within the Uni on;
(c) provid ers and deplo y ers of AI syste ms that hav e their place of establishment or are locate d in a third countr y , where the
output produced by the AI system is used in the Union;
(d) imp or te rs and distr ibut ors of AI systems;",,
Q15,"What transparency, technical-documentation, and copyright-policy duties apply to providers of general-purpose AI models under the EU AI Act?",en,direct,phase2_5/eu_ai_act_2024_en.pdf,137b92d3-2948-5299-a63b-712e6c05cf49,e564bfe4-14df-59e7-8194-196f0b7042ed,Regulation (EU) 2024/1689 (Artificial Intelligence Act),European Parliament and Council of the European Union,EU,en,phase2_5\eu_ai_act_2024_en.pdf,https://eur-lex.europa.eu/legal-content/EN/TXT/?uri=CELEX:32024R1689,Page 27,,,5,9,"(101) Provi ders of general-purpo se AI models hav e a par ticular role and responsibility along the AI value chain, as the
models the y provide ma y f or m the basis f or a rang e of downstream syste ms, of te n provided b y downstream
pro viders that necessitate a good understanding of the models and their capabilities, both t o enable the integration of
suc h models into their products, and to fulfil their obligations under this or other regulations. Theref ore,
propor tionate transparency measures should be laid down, including the drawi ng up and keeping up to date of
documentation, and the provision of inf or mation on the general-pur pose AI model f or its usage b y the downstream
pro viders. T echnical documentation should be prepared and kep t up to dat e by the g eneral-pur pose AI model
pro vider f or the pur pose of making it ava ilable, upon request, t o the AI Offi ce and the national compet ent
author ities. The minimal set of elements to be included in such documentation should be set out in specific annexe s
t o this Regulation. The Commission should be empo wered to amend those annexe s by means of delegat ed acts in
light of evolving t echnological developments.",,
Q15,"What transparency, technical-documentation, and copyright-policy duties apply to providers of general-purpose AI models under the EU AI Act?",en,direct,phase2_5/eu_ai_act_2024_en.pdf,f74d314a-151e-5cda-b304-ff95d005c504,e564bfe4-14df-59e7-8194-196f0b7042ed,Regulation (EU) 2024/1689 (Artificial Intelligence Act),European Parliament and Council of the European Union,EU,en,phase2_5\eu_ai_act_2024_en.pdf,https://eur-lex.europa.eu/legal-content/EN/TXT/?uri=CELEX:32024R1689,Page 26,,5,,10,"ments and designing
measures to be take n in the case of materi alisation of the r isks . The European Ar tif icial Intellig ence Off ice (AI Offi ce)
should develop a t emplat e f or a questionnaire in order to f acilitate comp liance and reduce the administrative burden
f or deplo y ers.
(97) The notion of g eneral-pur pose AI models should be clearly defined and set apar t from the notion of AI systems to
enable legal cer tainty . The def inition should be based on the ke y functional ch aracter istics of a general-pur pose AI
model, in par ticular the generality and the capability t o com petently perf or m a wide rang e of distinct tasks. These
models are typically trained on larg e amounts of data, through var ious methods, suc h as self-super vised,
unsuper vised or reinf orcement lear ning. General-pur pose AI models ma y be placed on the market in var ious wa ys,
including through librar ies, application programming interfaces (APIs), as direct download, or as physica l cop y .
These models ma y be fur ther modif ied or fine -tuned into new models. Although AI models are essential",,
Q15,"What transparency, technical-documentation, and copyright-policy duties apply to providers of general-purpose AI models under the EU AI Act?",en,direct,phase2_5/eu_ai_act_2024_en.pdf,647baac6-8032-5b23-9ef3-8e8664d17ed9,e564bfe4-14df-59e7-8194-196f0b7042ed,Regulation (EU) 2024/1689 (Artificial Intelligence Act),European Parliament and Council of the European Union,EU,en,phase2_5\eu_ai_act_2024_en.pdf,https://eur-lex.europa.eu/legal-content/EN/TXT/?uri=CELEX:32024R1689,Page 24,,,6,,"ed, and should provide
b y wr itt en agreement this provid er with the necessar y inf or mation, capabilities, tec hnical access and other assistance
based on the generally ackno wledged stat e of the ar t, in order to enable the provid er to fully comply with the
oblig ations set out in this Regulation, without com promising their ow n intellect ual proper ty r ights or trade secrets.
(89) Third par ties making accessible to the public too ls, ser vices, processes, or AI comp onents other than
g eneral-pur pose AI models, should not be mandat ed to comp ly with requirements targ eting the responsibilities
along the AI value ch ain, in par ticular to wards the provid er that has used or integrat ed them, when those t ools,
ser vices, processes, or AI comp onents are made accessible under a free and open-source licence. Developers of free
and open-source tools, ser vices, processes, or AI comp onents other than g eneral-pur pose AI models should be
encourag ed t o im plement widely adop ted documentation practices, suc h as model cards and data sheets, as a wa y to",,
Q15,"What transparency, technical-documentation, and copyright-policy duties apply to providers of general-purpose AI models under the EU AI Act?",en,direct,phase2_5/eu_ai_act_2024_en.pdf,9cbf8e8a-e8db-561f-abad-9ea750088ba0,e564bfe4-14df-59e7-8194-196f0b7042ed,Regulation (EU) 2024/1689 (Artificial Intelligence Act),European Parliament and Council of the European Union,EU,en,phase2_5\eu_ai_act_2024_en.pdf,https://eur-lex.europa.eu/legal-content/EN/TXT/?uri=CELEX:32024R1689,Page 121,,6,,,"C) No 300/2008, (EU) No 167/2013, (EU) No 168/2013,
(EU) 2018/858, (EU) 2018/1139 and (EU) 2019/2144 and Directives 2014/90/EU, (EU) 2016/797 and (EU)
2020/1828 (Ar tificial Inte lligence A ct) (OJ L, 2024/1689, 12.7.2024, ELI: http://data.europa.eu/eli/reg/
2024/1689/oj).’ .
Ar ticle 110
Amendment to Directiv e (EU) 2020/1828
In Annex I to Directive (EU) 2020/1828 of the European Parliament and of the Council (
58
), the f ollowing point is added:
‘(68) Regulation (EU) 2024/1689 of the European Parliament and of the Council of 13 June 2024 la ying down har monised
r ules on ar tificial inte lligence and amending Regulations (EC) No 300/2008, (EU) No 167/2013, (EU) No 168/2013,
(EU) 2018/858, (EU) 2018/1139 and (EU) 2019/2144 and Directives 2014/90/EU, (EU) 2016/797 and (EU)
2020/1828 (Ar tif icial Inte lligence A ct) (OJ L, 2024/1689, 12.7.2024, ELI: http://data.europa.eu/eli/reg/
2024/1689/oj).’.
Ar ticle 111
AI systems already placed on the mark et or put into ser vice and general-pur pose AI models already placed on the
marked
1. Without prejudice to the application of Ar ticle 5 as referred to in Ar ticle 113(3), point (a), AI syste ms which are",,
Q15,"What transparency, technical-documentation, and copyright-policy duties apply to providers of general-purpose AI models under the EU AI Act?",en,direct,phase2_5/eu_ai_act_2024_en.pdf,2a37cca7-d621-5a12-962b-71fa36db494c,e564bfe4-14df-59e7-8194-196f0b7042ed,Regulation (EU) 2024/1689 (Artificial Intelligence Act),European Parliament and Council of the European Union,EU,en,phase2_5\eu_ai_act_2024_en.pdf,https://eur-lex.europa.eu/legal-content/EN/TXT/?uri=CELEX:32024R1689,Page 27,,,7,,"d open-source AI components. The fact of making AI components availa ble through open
reposit or ies should not, in itself, constitute a monetisation.
(104) The provid ers of g eneral-pur pose AI models that are released under a free and open-source licence, and whose
paramet ers, including the weights, the inf or mation on the model archit ecture, and the inf or mation on model usage,
are made publicly ava ilable should be subject to ex ceptions as rega rds the transparency-related requirements
im posed on g eneral-pur pose AI models, unless they can be considered to present a systemic r isk, in which case the
circumstance that the model is transparent and accompanied by an open-source license should not be considered to
be a suffi cient reason to exclude compliance with the obligati ons under this Regulation. In any case, given that the
release of general-pur pose AI models under free and open-source licence does not necessar ily reveal substantial
inf or mation on the data set used f or the training or fine -tuning of the model and on how compliance of cop yr ight
la w was thereby ensured, the excep tion provid ed f or g eneral-pur pose AI models from compliance with the",,
Q15,"What transparency, technical-documentation, and copyright-policy duties apply to providers of general-purpose AI models under the EU AI Act?",en,direct,phase2_5/eu_ai_act_2024_en.pdf,55f4475a-cbc8-5424-84d7-f1e7f298b3bd,e564bfe4-14df-59e7-8194-196f0b7042ed,Regulation (EU) 2024/1689 (Artificial Intelligence Act),European Parliament and Council of the European Union,EU,en,phase2_5\eu_ai_act_2024_en.pdf,https://eur-lex.europa.eu/legal-content/EN/TXT/?uri=CELEX:32024R1689,Page 24,,7,,,"Regulation should apply . For example, Ar ticle 16(2) of Regulation (EU) 2017/745, establishing that cer tain ch ange s
should not be considered to be modifi cations of a device that could affe ct its comp liance with the applicable
requirements, should continue to apply to high-r isk AI syste ms that are medical devices within the meaning of that
Regulation.
(85) General-pur pose AI syste ms ma y be used as high-r isk AI syste ms by themselves or be comp onents of other high-r isk
AI syste ms. Theref ore, due to their par ticular nature and in order to ensure a f air shar ing of responsibilities along the
AI value ch ain, the provider s of such syste ms should, ir respective of whether they ma y be used as high-r isk AI
syste ms as such by other providers or as compo nents of high-r isk AI syste ms and unless provid ed other wise under
this Regulation, closely cooperate with the providers of the relevant high-r isk AI systems to enable their compliance
with the relevant obligations under this Regulation and with the compet ent author ities established under this
Regulation.",,
Q15,"What transparency, technical-documentation, and copyright-policy duties apply to providers of general-purpose AI models under the EU AI Act?",en,direct,phase2_5/eu_ai_act_2024_en.pdf,19433747-6b8a-5eaf-8c11-91ae5fbbef95,e564bfe4-14df-59e7-8194-196f0b7042ed,Regulation (EU) 2024/1689 (Artificial Intelligence Act),European Parliament and Council of the European Union,EU,en,phase2_5\eu_ai_act_2024_en.pdf,https://eur-lex.europa.eu/legal-content/EN/TXT/?uri=CELEX:32024R1689,Page 50,,8,,,"ral-pur pose AI models;
(65) ‘syst emic r isk’ means a r isk that is specif ic to the high-im pact capabilities of g eneral-pur pose AI models, having
a significant im pact on the Uni on market due t o their reac h, or due to actual or reasonably f oreseeable neg ative effe cts
on public health, safety , public secur ity , fundamental r ights, or the society as a whole, that can be propagat ed at scale
across the value ch ain;
(66) ‘g eneral-pur pose AI syste m’ means an AI syste m which is based on a g eneral-pur pose AI model and which has the
capability to ser ve a var iety of pur poses, both f or direct use as well as f or integrat ion in other AI systems;
(67) ‘f loating-point operation’ means any mathematical operation or assignment in volving f loating-point numbers, which
are a subset of the real numbers typically represente d on comput ers by an integ er of fixed precision scaled by an
inte ger exponent of a fi xe d base;
(68) ‘do wnstream pro vider ’ means a provid er of an AI system, including a g eneral-pur pose AI system, which integrat es an
AI model, rega rdless of whether the AI model is provided by themselves and ver tically integrat ed or provid ed by",,
Q15,"What transparency, technical-documentation, and copyright-policy duties apply to providers of general-purpose AI models under the EU AI Act?",en,direct,phase2_5/eu_ai_act_2024_en.pdf,362b0642-6657-59f3-a247-c25f4361a97e,e564bfe4-14df-59e7-8194-196f0b7042ed,Regulation (EU) 2024/1689 (Artificial Intelligence Act),European Parliament and Council of the European Union,EU,en,phase2_5\eu_ai_act_2024_en.pdf,https://eur-lex.europa.eu/legal-content/EN/TXT/?uri=CELEX:32024R1689,Page 117,,,8,,"nt t o this Ar ticle and of any litig ation or judicial proceedings it has initiated.
Ar ticle 101
Fin es for pro viders of general-pur pose AI models
1. The Commission ma y impose on provid ers of general-pur pose AI models fines not ex ceeding 3 % of their annual total
wo rldwide tur nove r in the preceding financial y ear or EUR 15 000 000, whichever is higher ., when the Commission finds
that the provider intent ionally or neg ligently:
(a) infr inged the relevant provisions of this Regulation;
(b) f ailed to comply with a request f or a document or f or inf or mation pursuant to Ar ticle 91, or supplied incor rect,
incom plete or misleading inf or mation;
(c) f ailed to comp ly with a measure request ed under Ar ticle 93;
OJ L, 12.7.2024
EN
ELI: http://data.europa.eu/eli/reg/2024/1689/oj 117/144",,
Q15,"What transparency, technical-documentation, and copyright-policy duties apply to providers of general-purpose AI models under the EU AI Act?",en,direct,phase2_5/eu_ai_act_2024_en.pdf,6feb9d7d-e8a8-5827-ac96-414b0ad3dc19,e564bfe4-14df-59e7-8194-196f0b7042ed,Regulation (EU) 2024/1689 (Artificial Intelligence Act),European Parliament and Council of the European Union,EU,en,phase2_5\eu_ai_act_2024_en.pdf,https://eur-lex.europa.eu/legal-content/EN/TXT/?uri=CELEX:32024R1689,Page 98,,9,,,"et ence and scientific or t echnical exper tise in the fie ld of AI;
(b) independence from any provid er of AI syste ms or general-pur pose AI models;
(c) an ability to car r y out activities dilige ntly , accurately and objectively .
The Commission, in consultation with the Board, shall determine the number of exper ts on the panel in accordance with
the required needs and shall ensure f air g ender and g eographical representation.
3. The scientifi c panel shall advise and suppor t the AI Office, in par ticular with rega rd to the f ollowing tasks:
(a) suppor ting the im plementation and enf orcement of this Regulation as regard s g eneral-pur pose AI models and systems,
in par ticular by:
(i) aler ting the AI Office of possible systemic r isks at Uni on level of general-pur pose AI models, in accordance with
Ar ticle 90;
(ii) contr ibuting t o the development of to ols and methodologies f or evaluating capabilities of g eneral-pur pose AI
models and syste ms, including through bench mark s;
(iii) pro viding advice on the classif ication of g eneral-pur pose AI models with systemic r isk;",,
Q15,"What transparency, technical-documentation, and copyright-policy duties apply to providers of general-purpose AI models under the EU AI Act?",en,direct,phase2_5/eu_ai_act_2024_en.pdf,8cbfae8c-69d1-5560-9ecc-31113187b450,e564bfe4-14df-59e7-8194-196f0b7042ed,Regulation (EU) 2024/1689 (Artificial Intelligence Act),European Parliament and Council of the European Union,EU,en,phase2_5\eu_ai_act_2024_en.pdf,https://eur-lex.europa.eu/legal-content/EN/TXT/?uri=CELEX:32024R1689,Page 86,,,9,,"a l infrastr ucture of the model.
2. Providers of g eneral-pur pose AI models with systemic r isk ma y rely on codes of practice within the meaning of
Ar ticle 56 to demonstrate comp liance with the obliga tions set out in paragraph 1 of this Ar ticle, until a har monised
standard is published. Compliance with European har monised standards grants provid ers the presump tion of conf or mity to
the extent that those standards cover those obligations. Providers of general-pur pose AI models with syste mic r isks who do
not adhere to an approved code of practice or do not comply with a European har monised standard shall demonstrate
alt er native adequate means of compliance f or assessment b y the Commission.
3. Any inf or mation or documentation obtained pursuant to this Ar ticle, including trade secrets, shall be treate d in
accordance with the conf identiality obliga tions set out in Ar ticle 78.
SECTION 4
Codes of pr actice
Ar ticle 56
Codes of practice
1. The AI Offi ce shall encourage and f acilitate the dra wing up of codes of practice at Uni on level in order to contr ibute
to the proper application of this Regulation, taking into account international approaches.",,
Q15,"What transparency, technical-documentation, and copyright-policy duties apply to providers of general-purpose AI models under the EU AI Act?",en,direct,phase2_5/eu_ai_act_2024_en.pdf,51fd6e7d-d75a-587c-b3c2-ebb24ab3dcd9,e564bfe4-14df-59e7-8194-196f0b7042ed,Regulation (EU) 2024/1689 (Artificial Intelligence Act),European Parliament and Council of the European Union,EU,en,phase2_5\eu_ai_act_2024_en.pdf,https://eur-lex.europa.eu/legal-content/EN/TXT/?uri=CELEX:32024R1689,Page 31,,10,,,"published and assessed as suitable to cover the relevant oblig ations by the AI Office, comp liance with a European
har monised standard should grant providers the presump tion of conf or mity . Provi ders of general-pur pose AI
models should fur ther more be able to demonstrate comp liance using alter native adequate means, if codes of practice
or har monised standards are not a vailable, or they choose not to rely on those.
(118) This Regulation regulate s AI systems and AI models b y imposing cer tain requirements and obliga tions f or relevant
mark et actor s that are placing them on the market, putting into ser vice or use in the Union, thereby complementing
oblig ations f or provid ers of inter mediar y ser vices that embed suc h systems or models into their ser vices regulate d by
Regulation (EU) 2022/2065. T o the extent that suc h syste ms or models are embedded into designated ver y larg e
online platf or ms or ver y larg e online search engines, the y are subject t o the r isk -manag ement framew ork provid ed
f or in Regulation (EU) 2022/2065. Consequently , the cor responding obliga tions of this Regulation should be",,
Q15,"What transparency, technical-documentation, and copyright-policy duties apply to providers of general-purpose AI models under the EU AI Act?",en,direct,phase2_5/eu_ai_act_2024_en.pdf,e7f886b6-2c3c-526c-abfa-6a93f0494610,e564bfe4-14df-59e7-8194-196f0b7042ed,Regulation (EU) 2024/1689 (Artificial Intelligence Act),European Parliament and Council of the European Union,EU,en,phase2_5\eu_ai_act_2024_en.pdf,https://eur-lex.europa.eu/legal-content/EN/TXT/?uri=CELEX:32024R1689,Page 28,,,10,,"2019/790. Any provider placing
a g eneral-pur pose AI model on the Uni on market should comply with this obligation, regard less of the jur isdiction
in which the cop yr ight-relevant acts under pinning the training of those general-pur pose AI models take place. This
is necessar y to ensure a level pla ying fie ld among provider s of gene ral-pur pose AI models where no provider should
be able t o g ain a comp etitive advantage in the Union market by applying lower cop yr ight standards than those
pro vided in the Uni on.
(107) In order to increase transparency on the data that is used in the pre-training and training of general-pur pose AI
models, including text and data protect ed by cop yr ight law , it is adequate that provid ers of suc h models draw up and
mak e publicly a vailable a sufficiently detailed summar y of the content used f or training the g eneral-pur pose AI
model. While taking into due account the need to protect trade secrets and conf idential business inf or mation, this
summar y should be g enerally comp rehensive in its scope instead of te ch nically detailed to facilitat e par ties with",,
Q16,What rights do users of connected products have to access and share product data under the EU Data Act?,en,direct,phase2_5/eu_data_act_2023_en.pdf,9c26f4c8-d059-58a7-a7e6-9ba5b2652127,2225af69-0fbb-500a-aaf3-af1d38399e31,Regulation (EU) 2023/2854 (Data Act),European Parliament and Council of the European Union,EU,en,phase2_5\eu_data_act_2023_en.pdf,https://eur-lex.europa.eu/eli/reg/2023/2854/oj/eng,Page 12,,7,1,1,"ELI: http://data.europa.eu/eli/reg/2023/2854/oj 12/71
(34) The use of a connected product or relat ed ser vice ma y , in par ticular when the user is a natural person, generat e data
that relates to the data subject. Processing of such data is subject to the r ules established under Regulation
(EU) 2016/679, including where personal and non-personal data in a dataset are inextr icably linked . The data
subject ma y be the user or another natural person. Personal data ma y only be request ed by a controller or a data
subject. A user who is the data subject is, under cer tain circumstances, entitled under Regulation (EU) 2016/679 to
access personal data concer ning that user and such r ights are unaffect ed by this Regulation. U nder this Regulation,
the user who is a natural person is fur ther entitled to access all data ge nerated by the use of a connected product,
whether personal or non-personal. Where the user is not the data subject but an ent er pr ise, including a sole trader ,
and not in cases of shared household use of the connected product, the user is considered to be a controller .",,
Q16,What rights do users of connected products have to access and share product data under the EU Data Act?,en,direct,phase2_5/eu_data_act_2023_en.pdf,bb73f9af-e762-566f-822c-97eed8cdc514,2225af69-0fbb-500a-aaf3-af1d38399e31,Regulation (EU) 2023/2854 (Data Act),European Parliament and Council of the European Union,EU,en,phase2_5\eu_data_act_2023_en.pdf,https://eur-lex.europa.eu/eli/reg/2023/2854/oj/eng,Page 11,,1,9,3,"connected products or relat ed
ser vices, stimulate inno vation on af term ark ets, but also to stimulate the development of entirely novel ser vices
making use of the data concer ned, including based on data from a var iety of connected products or relat ed ser vices.
At the same time, this Regulations aims to av oid under mining the inv estment incentives f or the type of connecte d
product from whic h the data are obtained, f or instance, by the use of data to develop a competing connected
product whic h is considered to be inte rchang eable or substitutable by users, in par ticular on the basis of the
connected product’ s c haracter istics, its pr ice and intended use. This Regulation provi des f or no prohibition on the
development of a related ser vice using data obtained under this Regulation as this w ould have an undesirable
discouraging effect on inno vation. Prohibiting the use of data accessed under this Regulation f or developing a
competing connected product prote cts data holders ’ innovati on eff or ts. Whether a connecte d product compet es
with the connected product from whic h the data or iginates depends on whether the two connecte d products are in",,
Q16,What rights do users of connected products have to access and share product data under the EU Data Act?,en,direct,phase2_5/eu_data_act_2023_en.pdf,59b7bc8b-38c0-5d5e-91a8-2267adf21ba7,2225af69-0fbb-500a-aaf3-af1d38399e31,Regulation (EU) 2023/2854 (Data Act),European Parliament and Council of the European Union,EU,en,phase2_5\eu_data_act_2023_en.pdf,https://eur-lex.europa.eu/eli/reg/2023/2854/oj/eng,Page 4,,,2,6,"xamples of such electronic
communications ser vices include, in par ticular , land-based te lephone netw orks, television cable netw orks, satelli te-
based netw ork s and near -field communication networks. Connected products are f ound in all aspects of the
econom y and society , including in pr ivate, civil or commercial infrastr ucture, vehicles, health and lifes tyle
equipment, ships, aircraf t, home equipment and consumer goods, medical and health devices or agr icultural and
industr ial machiner y . Manufacturers’ design choices, and, where relevant, U nion or national law that addresses
sector -specifi c needs and objectives or relevant decisions of compet ent author ities, should deter mine whic h data a
connected product is capable of making av ailable.
(15) The data represent the digitisation of user actions and events and should according ly be accessible to the user . The
r ules f or access to and the use of data from connecte d products and relat ed ser vices under this Regulation address
both product data and related ser vice data. Product data refe rs to data generat ed by the use of a connecte d product",,
Q16,What rights do users of connected products have to access and share product data under the EU Data Act?,en,direct,phase2_5/eu_data_act_2023_en.pdf,6a2c9cdc-eb7d-58f8-96c6-7721f79d9543,2225af69-0fbb-500a-aaf3-af1d38399e31,Regulation (EU) 2023/2854 (Data Act),European Parliament and Council of the European Union,EU,en,phase2_5\eu_data_act_2023_en.pdf,https://eur-lex.europa.eu/eli/reg/2023/2854/oj/eng,Page 5,,2,,7,"or use by an online ser vice.
(17) It is necessar y to la y down r ules regarding products that are connected to a related ser vice at the time of the
purchas e, rent or lease in such a wa y that its absence would prevent the connected product from perf or ming one or
more of its functions, or which is subsequently connected to the product by the manuf acturer or a third par ty to add
to or adapt the functionality of the connecte d product. Such relat ed ser vices inv olve the exc hange of data between
the connected product and the ser vice provider and should be understood to be explicitly linked to the operation of
the connected product’s functions, such as ser vices that, where applicable, transmit commands to the connected
product that are able to have an impact on its action or beha viour . Ser vices whic h do not have an impact on the
operation of the connected product and which do not inv olve the transmitting of data or commands to the
connected product by the ser vice provid er should not be considered to be related ser vices. Such ser vices could
OJ L, 22.12.2023 EN",,
Q16,What rights do users of connected products have to access and share product data under the EU Data Act?,en,direct,phase2_5/eu_data_act_2023_en.pdf,c40757c9-a533-5277-b629-d9b7e8206365,2225af69-0fbb-500a-aaf3-af1d38399e31,Regulation (EU) 2023/2854 (Data Act),European Parliament and Council of the European Union,EU,en,phase2_5\eu_data_act_2023_en.pdf,https://eur-lex.europa.eu/eli/reg/2023/2854/oj/eng,Page 9,,5,3,2,"ELI: http://data.europa.eu/eli/reg/2023/2854/oj 9/71
where applicable, via another data holder . Moreover , this Regulation does not prevent sect or -specif ic regulatory
requirements under U nion la w , or national law compati ble with U nion la w , which would excl ude or limit the use of
cer tain such data by the data holder on well-defined public policy grounds. This Regulation does not prevent users,
in the case of business-t o-business relations, from making data available to third par ties or data holders under an y
la wful contractual te r m, including by agreeing to limit or restr ict fur ther shar ing of such data, or from being
compen sated propor tionately , f or example in exc hange f or waiving their r ight to use or share such data. While the
notion of ‘data holder ’ g enerally does not include public sector bodies, it ma y include public under takings.
(26) T o f oste r the emergence of liquid, f air and efficient mark ets f or non-personal data, users of connected products
should be able to share data with others, including f or commercial pur poses, with minimal leg al and tec hnical",,
Q16,What rights do users of connected products have to access and share product data under the EU Data Act?,en,direct,phase2_5/eu_data_act_2023_en.pdf,f1836f31-c2b1-5ff8-a9ce-09ac16052a8d,2225af69-0fbb-500a-aaf3-af1d38399e31,Regulation (EU) 2023/2854 (Data Act),European Parliament and Council of the European Union,EU,en,phase2_5\eu_data_act_2023_en.pdf,https://eur-lex.europa.eu/eli/reg/2023/2854/oj/eng,Page 5,,3,,8,"ELI: http://data.europa.eu/eli/reg/2023/2854/oj 5/71
ser vice by the pro vider . Data g enerate d by the use of a connected product or relat ed ser vice should be underst ood to
co ver data recorded intentionall y or data which result indirectly from the user ’s action, such as data about the
connected product’ s environment or inter actions. This should include data on the use of a connected product
ge nerated by a user interface or via a related ser vice, and should not be limite d to the inf or mation that such use
too k place, but should include all data that the connected product g enerate s as a result of such use, such as data
ge nerated automat ically by sensors and data recorded by embedded applications, including applications indicating
hardware status and malfunctions. This should also include data g enerate d by the connected product or relat ed
ser vice dur ing times of inaction by the user , such as when the user c hooses not to use a connecte d product f or a
given per iod of time and instea d to kee p it in stand-b y mode or even switched off, as the status of a connected",,
Q16,What rights do users of connected products have to access and share product data under the EU Data Act?,en,direct,phase2_5/eu_data_act_2023_en.pdf,01c53318-5aa2-5c81-8989-d858ab868b50,2225af69-0fbb-500a-aaf3-af1d38399e31,Regulation (EU) 2023/2854 (Data Act),European Parliament and Council of the European Union,EU,en,phase2_5\eu_data_act_2023_en.pdf,https://eur-lex.europa.eu/eli/reg/2023/2854/oj/eng,Page 2,,,4,9,"roduct or relat ed
ser vice.
(6) Data generation is the result of the actions of at least two actors, in par ticular the designer or manufacturer of a
connected product, who ma y in many cases also be a provid er of relat ed ser vices, and the user of the connected
product or related ser vice. It gives r ise to questions of f air ness in the digital economy as the data recorded by
connected products or relat ed ser vices are an impor tant input f or af term ark et, ancillar y and other ser vices. In order
to realise the im por tant economic benefi ts of data, including by wa y of data shar ing on the basis of v oluntar y
agreements and the development of data-dr iven value creation by U nion enter pr ises, a ge neral approach to
assigning r ights regarding access to and the use of data is preferable to awar ding exclusive r ights of access and use.
This Regulation provid es f or hor izontal r ules which could be f ollowe d by U nion or national la w that addresses the
specifi c situations of the relevant sect ors.
(7) The fundamental r ight to the protection of personal data is safeguarded, in par ticular , by Regulations
(EU) 2016/679 (
6
) and (EU) 2018/1725 (
7",,
Q16,What rights do users of connected products have to access and share product data under the EU Data Act?,en,direct,phase2_5/eu_data_act_2023_en.pdf,231a44a5-23b5-54d4-bb0d-52edebf6f8d3,2225af69-0fbb-500a-aaf3-af1d38399e31,Regulation (EU) 2023/2854 (Data Act),European Parliament and Council of the European Union,EU,en,phase2_5\eu_data_act_2023_en.pdf,https://eur-lex.europa.eu/eli/reg/2023/2854/oj/eng,Page 8,,6,5,4,"ELI: http://data.europa.eu/eli/reg/2023/2854/oj 8/71
inter acts with a connecte d product via a vir tual assistant provi ded by an entity other than the manufacturer of the
connected product should also be covered by the data access r ights provi ded f or in this Regulation. Howe ver , only
the data ar ising from the inter action between the user and a connected product or relat ed ser vice through the
vir tual assistant should be covered by this Regulation. Data produced by the vir tual assistant whic h are unrelated to
the use of a connected product or relat ed ser vice are not co vered by this Regulation.
(24) Bef ore concluding a contract f or the purchas e, rent, or lease of a connected product, the seller , rentor or lessor , whic h
ma y be the manufacturer , should provide to the user inf or mation rega rding the product data which the connected
product is capable of generating , including the type, f or mat and the estimat ed volume of such data, in a clear and
compreh ensible manner . This could include inf or mation on data str uctures, data f or mats, vocabularies,",,
Q16,What rights do users of connected products have to access and share product data under the EU Data Act?,en,direct,phase2_5/eu_data_act_2023_en.pdf,6b39ed2f-9e21-5f9a-82b4-85d6b0b41264,2225af69-0fbb-500a-aaf3-af1d38399e31,Regulation (EU) 2023/2854 (Data Act),European Parliament and Council of the European Union,EU,en,phase2_5\eu_data_act_2023_en.pdf,https://eur-lex.europa.eu/eli/reg/2023/2854/oj/eng,Page 6,,4,8,5,"to whether the ser vice is
provid ed as par t of the purchase, rent or lease contract, this Regulation should apply . Neither the po wer supply , nor
the supply of the connectivity are to be inte r preted as related ser vices under this Regulation.
(18) The user of a connected product should be underst ood to be a natural or leg al person, such as a business, a consumer
or a public sect or body , that o wns a connected product, has received cer tain te mporar y r ights, f or exam ple by means
of a rental or lease agreement, to access or use data obtained from the connected product, or receives relat ed ser vices
f or the connecte d product. Those access r ights should in no wa y alter or interfe re with the r ights of data subjects
who ma y be inter acting with a connected product or a related ser vice regarding personal data generat ed by the
connected product or dur ing the pro vision of the related ser vice. The user bears the r isks and enjo ys the benefits of
using the connected product and should also enjo y access to the data it g enerate s. The user should theref ore be",,
Q16,What rights do users of connected products have to access and share product data under the EU Data Act?,en,direct,phase2_5/eu_data_act_2023_en.pdf,fed3c5f2-0bc5-5188-9b1e-f677fda92e2f,2225af69-0fbb-500a-aaf3-af1d38399e31,Regulation (EU) 2023/2854 (Data Act),European Parliament and Council of the European Union,EU,en,phase2_5\eu_data_act_2023_en.pdf,https://eur-lex.europa.eu/eli/reg/2023/2854/oj/eng,Page 38,,,6,10,"ELI: http://data.europa.eu/eli/reg/2023/2854/oj 38/71
(g) the user ’s r ight to lodg e a compl aint alleging an infr ingement of any of the provis ions of this Chapt er with the
compet ent author ity designat ed pursuant to Ar ticle 37;
(h) whether a prospective data holder is the holder of trade secrets contained in the data that is accessible from the
connected product or ge nerated dur ing the provision of a relat ed ser vice, and, where the prospective data holder is not
the trade secret holder , the identity of the trade secret holder;
(i) the duration of the contract between the user and the prospective data holder , as well as the ar rangements f or
term inating such a contract.
Ar ticle 4
The r ights and obligations of users and data holders with regard to access, use and making available product dat a
and related ser vice dat a
1. Where data cannot be directly accessed by the user from the connected product or relat ed ser vice, data holders shall
make readily available data, as well as the relevant metadata necessar y to interpr et and use those data, accessible to the user",,
Q16,What rights do users of connected products have to access and share product data under the EU Data Act?,en,direct,phase2_5/eu_data_act_2023_en.pdf,c515c99e-f850-515e-b6e8-713cf2848978,2225af69-0fbb-500a-aaf3-af1d38399e31,Regulation (EU) 2023/2854 (Data Act),European Parliament and Council of the European Union,EU,en,phase2_5\eu_data_act_2023_en.pdf,https://eur-lex.europa.eu/eli/reg/2023/2854/oj/eng,Page 7,,,7,,"ecte d products or related ser vices.
Where subsequent update s or altera tions to a connecte d product or a related ser vice, by the manufa cturer or
another par ty , lead to additional accessible data or a restr iction of initially accessible data, such c hange s should be
communicated to the user in the context of the update or alteration.
(21) Where several persons or entities are considered to be users, f or exam ple in the case of co-ownership or where an
o wner , renter or lessee shares r ights of data access or use, the design of the connected product or relat ed ser vice, or
the relevant interface, should enable each user to have access to the data they g enerate. Use of connected products
that generat e data typically requires a user account to be set up. Such an account allows the user to be identif ied by
the data holder , whic h ma y be the manufacturer . It can also be used as a means of communication and to submit
and process data access requests. Where several manuf acturers or related ser vices providers hav e sold, rent ed or
leased connected products or provid ed relat ed ser vices, integrat ed tog ether , to the same user , the user should tur n to",,
Q16,What rights do users of connected products have to access and share product data under the EU Data Act?,en,direct,phase2_5/eu_data_act_2023_en.pdf,9e9cf14a-e1c5-55dc-8c1c-f4926156ebad,2225af69-0fbb-500a-aaf3-af1d38399e31,Regulation (EU) 2023/2854 (Data Act),European Parliament and Council of the European Union,EU,en,phase2_5\eu_data_act_2023_en.pdf,https://eur-lex.europa.eu/eli/reg/2023/2854/oj/eng,Page 6,,8,,,"and machine-readable f or mat.
Product data and related ser vice data that a data holder la wfully obtains or can la wfully obtain from the connected
product or related ser vice, such as by means of the connected product design, the data holder ’s contract with the
user f or the provis ion of relat ed ser vices, and its tec hnical means of data access, without dispropor tionate eff or t, are
refer red to as ‘readily available data’ . Readily available data does not include data ge nerated by the use of a connecte d
product where the design of the connected product does not provide f or such data being stored or transmitte d
outside the component in whic h the y are ge nerated or the connected product as a whole. This Regulation should
theref ore not be underst ood to imp ose an obligation to st ore data on the central computi ng unit of a connected
OJ L, 22.12.2023 EN",,
Q16,What rights do users of connected products have to access and share product data under the EU Data Act?,en,direct,phase2_5/eu_data_act_2023_en.pdf,5ccca279-2cf5-5853-9925-001798e777b4,2225af69-0fbb-500a-aaf3-af1d38399e31,Regulation (EU) 2023/2854 (Data Act),European Parliament and Council of the European Union,EU,en,phase2_5\eu_data_act_2023_en.pdf,https://eur-lex.europa.eu/eli/reg/2023/2854/oj/eng,Page 9,,9,,,"recipients f or commercial and
non-commercial pur poses. Such data shar ing could be per f or med directly by the user , upon the request of the user
via a data holder , or through data interm ediation ser vices. Data interm ediation ser vices, as regulat ed by Regulation
(EU) 2022/868 of the European P arliament and of the Council (
22
) could facilita te a data economy by establishing
commercial relationships between users, data recipients and third par ties and ma y suppor t users in exer cising their
r ight to use data, such as ensur ing the anonym isation of personal data or aggrega tion of access to data from
multiple individual users. Where data are excl uded from a data holder ’s oblig ation to make them available to users
or third par ties, the scope of such data could be specif ied in the contract between the user and the data holder f or
the pro vision of a related ser vice so that users can easily deter mine which data are ava ilable to them f or shar ing
with data recipients or third par ties. Data holders should not make available non-personal product data to third",,
Q16,What rights do users of connected products have to access and share product data under the EU Data Act?,en,direct,phase2_5/eu_data_act_2023_en.pdf,a4176d1f-4f8f-5092-b43d-efa08d9ac880,2225af69-0fbb-500a-aaf3-af1d38399e31,Regulation (EU) 2023/2854 (Data Act),European Parliament and Council of the European Union,EU,en,phase2_5\eu_data_act_2023_en.pdf,https://eur-lex.europa.eu/eli/reg/2023/2854/oj/eng,Page 14,,,10,,"ELI: http://data.europa.eu/eli/reg/2023/2854/oj 14/71
access r ight. Such inclusion w ould also like ly limit the benefits of this Regulation f or SMEs, linked to the f air ness of
the distr ibution of data value across mark et actors. This means that an under taking that provid es core platf or m
ser vices that has been designated as a gat eke eper cannot request or be grant ed access to users’ data generat ed by the
use of a connected product or relat ed ser vice or by a vir tual assistant pursuant to this Regulation. Fur ther more, third
par ties to whom data are made av ailable at the request of the user ma y not mak e the data av ailable to a gat ek eeper .
For instance, the third par ty ma y not subcontract the ser vice provision to a g atek eeper . However , this does not
prevent third par ties from using data processing ser vices offered by a gat ekee per . Nor does it prevent those
under takings from obtaining and using the same data through other la wful means. The access r ights pro vided f or in
this Regulation contr ibute to a wider c hoice of ser vices f or consumers. As voluntary agreements between",,
Q16,What rights do users of connected products have to access and share product data under the EU Data Act?,en,direct,phase2_5/eu_data_act_2023_en.pdf,d7dcaa6e-8b93-53b4-ae83-8327b0602505,2225af69-0fbb-500a-aaf3-af1d38399e31,Regulation (EU) 2023/2854 (Data Act),European Parliament and Council of the European Union,EU,en,phase2_5\eu_data_act_2023_en.pdf,https://eur-lex.europa.eu/eli/reg/2023/2854/oj/eng,Page 9,,10,,,"are ava ilable to them f or shar ing
with data recipients or third par ties. Data holders should not make available non-personal product data to third
par ties f or commercial or non-commercial pur poses other than the fulfilment of their contract with the user ,
without prejudice to leg al requirements pursuant to U nion or national law f or a data holder to mak e data available.
Where relevant, data holders should contractually bind third par ties not to fur ther share data received from them.
(27) In sector s c haracteri sed by the concentration of a small number of manufacturers supplying connected products to
end users, there ma y only be limite d op tions available to users f or the access to and the use and shar ing of data. In
such circumstances, contracts ma y be insufficient to achieve the objective of user emp ower ment, making it difficult
f or users to obtain value from the data ge nerated by the connect ed product the y purchase, rent or lease.
Consequently , there is limited potential f or inno vative smaller businesses to offe r data-based solutions in a",,
Q17,"How does the EU Chips Act aim to strengthen semiconductor capacity, innovation, and supply-chain resilience?",en,direct,phase2_5/eu_chips_act_2023_en.pdf,0764b68b-7646-594c-ab66-0efc8ad696b5,387e17ca-0ac5-52f3-bfe2-dc874a387156,Regulation (EU) 2023/1781 (Chips Act),European Parliament and Council of the European Union,EU,en,phase2_5\eu_chips_act_2023_en.pdf,https://eur-lex.europa.eu/legal-content/EN/TXT/?uri=CELEX:32023R1781,Page 37,,1,,2,"1301/2013, (EU) No 1303/2013, (EU)
No 1304/2013, (EU) No 1309/2013, (EU) No 1316/2013, (EU) No 223/2014, (EU) No 283/2014, and Decision No 541/2014/EU
and repealing Regulation (EU, Euratom) No 966/2012 (OJ L 193, 30.7.2018, p. 1).
EN
Offi cial Jour nal of the European Uni on 18.9.2023 L 229/37",,
Q17,"How does the EU Chips Act aim to strengthen semiconductor capacity, innovation, and supply-chain resilience?",en,direct,phase2_5/eu_chips_act_2023_en.pdf,1541dc0c-553e-54e2-8ce2-254940dca5ae,af24f08a-4bb9-50db-8e97-4bab00dece2d,European Economic Security Strategy,European Commission and High Representative of the Union for Foreign Affairs and Security Policy,EU,en,phase2_5\eu_economic_security_strategy_2023_en.pdf,https://eur-lex.europa.eu/legal-content/EN/ALL/?uri=CELEX:52023JC0020,Page 8,,3,4,1,"7

Significant progress has been already achieved in this area but further necessary efforts will be
identified in the upcoming State of the Energy Union report.
The proposal for the Critical Raw Materials Act  aims at facilitating the extraction, processing
and recycling of critical raw materials  in the EU, reducing dependencies and increasing
preparedness. The European Chips Act will ensure a secure supply of semiconductors, while the
proposed Net-Zero Industry Act will help scale up manufacturing of net-zero technology in the
EU. The initiatives include effective governance mechanisms allowing timely cooperation and
exchange of information among the Commission, the Council and Member States.
These initiatives have also a direct impact on further securing supply chains and access to resources
(increasingly challenged by strategic competitors, as highlighted by the Strategic Compass for
Security and Defence) which is vital for an innovative, competitive and resilient European
Defence Tec hnological and Industrial Base . Their timely adoption is therefore of vital
importance for Europe’s economic security.",,
Q17,"How does the EU Chips Act aim to strengthen semiconductor capacity, innovation, and supply-chain resilience?",en,direct,phase2_5/eu_chips_act_2023_en.pdf,ac584a3e-d4c4-5cf1-a2ec-0fc5441a3cb5,387e17ca-0ac5-52f3-bfe2-dc874a387156,Regulation (EU) 2023/1781 (Chips Act),European Parliament and Council of the European Union,EU,en,phase2_5\eu_chips_act_2023_en.pdf,https://eur-lex.europa.eu/legal-content/EN/TXT/?uri=CELEX:32023R1781,Page 2,,,1,3,"U nion (TFEU). Those measures should not
entail the har monisation of national la ws and regulations. In this regard, the U nion should reinf orce the
competitiveness and resilience of the semiconduct or tec hnological and industr ial base, whilst strengthening the
innovati on capacity of its semiconduct or ecosystem across the U nion, reducing dependence on a limited number of
third-countr y compan ies and g eographies, and strengthening its capacity to design and produce, packag e, reuse and
recy cle advanced semiconduct ors. The Chips f or Europe Initiative (the ‘Initiative’ ) established by this Regulation
should suppor t those aims by br idging the gap between the Union’s advanced research and innovati on capabilities
and their sustainable industr ial exploitation. The Initiative should promot e capacity building to enable design,
production and systems integrat ion in next-generation semiconduct or tec hnologies, and should enhance
collaboration among ke y pla ye rs across the Union, strengthening the Union’s semiconduct or supply and value
c hains, ser ving ke y industr ial sectors and creating new mark ets.",,
Q17,"How does the EU Chips Act aim to strengthen semiconductor capacity, innovation, and supply-chain resilience?",en,direct,phase2_5/eu_chips_act_2023_en.pdf,2c6c3975-3253-5897-b83c-4ec4622aa510,af24f08a-4bb9-50db-8e97-4bab00dece2d,European Economic Security Strategy,European Commission and High Representative of the Union for Foreign Affairs and Security Policy,EU,en,phase2_5\eu_economic_security_strategy_2023_en.pdf,https://eur-lex.europa.eu/legal-content/EN/ALL/?uri=CELEX:52023JC0020,Page 7,,2,,4,"EU’s economic growth , competitiveness  and
resilience.
In recent years, the Commission has adopted several concrete proposals to increase resilience
and strengthen supply chains . The EU Industrial Strategy  identified several measures to
enhance the resilience of the Single Market, such as industrial alliances to accelerate activities in
clean tech, raw materials, processors and semiconductors, data, edge and cloud; important projects
of common European interest to pool resource s for breakthrough innovations;  promoting the
circular economy;  enhancing green and d igital skills ; and a new strategy to secure the EU’s
leadership in global standard -setting. Likewise, the energy transition in line  with the European
Green Deal and RepowerEU objectives is key to strengthen the EU’s energy  security of supply.",,
Q17,"How does the EU Chips Act aim to strengthen semiconductor capacity, innovation, and supply-chain resilience?",en,direct,phase2_5/eu_chips_act_2023_en.pdf,cb35ef1f-4453-5887-8bce-ebaea17b4001,387e17ca-0ac5-52f3-bfe2-dc874a387156,Regulation (EU) 2023/1781 (Chips Act),European Parliament and Council of the European Union,EU,en,phase2_5\eu_chips_act_2023_en.pdf,https://eur-lex.europa.eu/legal-content/EN/TXT/?uri=CELEX:32023R1781,Page 18,,,2,5,"HA VE ADOPTED THIS REGUL A TION:
CHAPTE R I
General pro visions
Ar ticle 1
Subject matter and general objectiv es
1. This Regulation establishes a framework f or strengthening the semiconductor ecosyste m at Union level, in par ticular
through the f ollowi ng measures:
(a) the establishment of the Chips f or Europe Initiative (the ‘Initiative’);
(b) setting the cr ite r ia to recognise and to suppor t integrat ed production facilities and open EU f oundr ies that are f irst-of-a-
kind facilities and that f oste r the secur ity of supply and the resilience of the Union’s semiconduct or ecosystem ;
(c) setting up a coordination mechanis m between the Member Stat es and the Commission f or mapping and monitori ng
the U nion’s semiconduct or sector as well as cr isis prevention and response to semiconduct or shor tag es and, where
relevant, consulting stak eholders from the semiconduct or sect or .
2. The f irst ge neral objective of this Regulation is to ensure the conditions necessar y f or the compet itiveness and
innovati on capacity of the U nion and to ensure the adjustment of the industr y to str uctural chang es.",,
Q17,"How does the EU Chips Act aim to strengthen semiconductor capacity, innovation, and supply-chain resilience?",en,direct,phase2_5/eu_chips_act_2023_en.pdf,2c95a77d-0474-56e3-b9fb-a535ba754b64,387e17ca-0ac5-52f3-bfe2-dc874a387156,Regulation (EU) 2023/1781 (Chips Act),European Parliament and Council of the European Union,EU,en,phase2_5\eu_chips_act_2023_en.pdf,https://eur-lex.europa.eu/legal-content/EN/TXT/?uri=CELEX:32023R1781,Page 9,,,3,6,"bles the green transition of
man y other sector s. T o attract inv estments to the Union’s semiconductor sector and contr ibut e to wards secur ity of
supply of semiconduct ors and resilience of the U nion’s semiconduct or ecosyste m, Member States ma y apply
suppor t measures, including incentives, and provide f or administrative suppor t in national per mit-granting
procedures f or integrat ed production facilities and open EU f oundr ies. This is without prejudice to the compet ence
of the Commission in the fi eld of Stat e aid under Ar ticles 107 and 108 TFEU, where relevant. T o ensure the cor rect
and efficient application of the Stat e aid r ules, in its communication of 8 Febr uar y 2022 entitled ‘ A Chips A ct f or
Europe’, the Commission has already recognised the need f or a case-by-case assessment regarding State aid grant ed
to advanced semiconduct or production fa cilities with a view to safegua rding the U nion’s secur ity of supply and
supply-ch ain resilience while generating significant positive impacts on the wider economy . Fur ther more, the",,
Q17,"How does the EU Chips Act aim to strengthen semiconductor capacity, innovation, and supply-chain resilience?",en,direct,phase2_5/eu_chips_act_2023_en.pdf,62c323b9-7590-5985-8dcd-48fde35b97e5,a1a70ffe-651a-5128-a659-599647de2566,Strategy on China of the Government of the Federal Republic of Germany,Federal Government of Germany,DE,en,phase2_5\de_china_strategy_2023_en.pdf,https://www.auswaertiges-amt.de/en/aussenpolitik/regionaleschwerpunkte/asien/strategy-on-china/2608618,Page 35,,4,,7,"4. stren Gthen InG Germany and the eu
35
4.1.  Location policy and the EU internal market
While China is Germany’s biggest single trading
partner for goods, around half of German ex-
ternal trade is conducted within the European
internal market. This share is considerably higher
still for many European partners. The European
internal market makes a very important contri-
bution to our economic clout. We are therefore
driving forward the integration and resilience of
the EU internal market, which we must further
deepen and strengthen with new initiatives.
In order to safeguard our competitiveness and
our technological and digital sovereignty, we are
supporting a location policy in the EU and in
Germany that promotes growth, research and
innovation. We will strengthen the industrial
sector’s capacity for innovation and investment
as well as its competitiveness in order to con-
tinue to play a leading role in the technological
field. A strengthened internal market able to
withstand crises, an excellent education and re-
search system, a functioning system for securing
skilled workers, an innovation-friendly environ-
ment with investments in research and devel-",,
Q17,"How does the EU Chips Act aim to strengthen semiconductor capacity, innovation, and supply-chain resilience?",en,direct,phase2_5/eu_chips_act_2023_en.pdf,9cbf8e8a-e8db-561f-abad-9ea750088ba0,e564bfe4-14df-59e7-8194-196f0b7042ed,Regulation (EU) 2024/1689 (Artificial Intelligence Act),European Parliament and Council of the European Union,EU,en,phase2_5\eu_ai_act_2024_en.pdf,https://eur-lex.europa.eu/legal-content/EN/TXT/?uri=CELEX:32024R1689,Page 121,,5,,8,"C) No 300/2008, (EU) No 167/2013, (EU) No 168/2013,
(EU) 2018/858, (EU) 2018/1139 and (EU) 2019/2144 and Directives 2014/90/EU, (EU) 2016/797 and (EU)
2020/1828 (Ar tificial Inte lligence A ct) (OJ L, 2024/1689, 12.7.2024, ELI: http://data.europa.eu/eli/reg/
2024/1689/oj).’ .
Ar ticle 110
Amendment to Directiv e (EU) 2020/1828
In Annex I to Directive (EU) 2020/1828 of the European Parliament and of the Council (
58
), the f ollowing point is added:
‘(68) Regulation (EU) 2024/1689 of the European Parliament and of the Council of 13 June 2024 la ying down har monised
r ules on ar tificial inte lligence and amending Regulations (EC) No 300/2008, (EU) No 167/2013, (EU) No 168/2013,
(EU) 2018/858, (EU) 2018/1139 and (EU) 2019/2144 and Directives 2014/90/EU, (EU) 2016/797 and (EU)
2020/1828 (Ar tif icial Inte lligence A ct) (OJ L, 2024/1689, 12.7.2024, ELI: http://data.europa.eu/eli/reg/
2024/1689/oj).’.
Ar ticle 111
AI systems already placed on the mark et or put into ser vice and general-pur pose AI models already placed on the
marked
1. Without prejudice to the application of Ar ticle 5 as referred to in Ar ticle 113(3), point (a), AI syste ms which are",,
Q17,"How does the EU Chips Act aim to strengthen semiconductor capacity, innovation, and supply-chain resilience?",en,direct,phase2_5/eu_chips_act_2023_en.pdf,ecf66a4b-0f61-5820-bbe0-c00b48be0140,387e17ca-0ac5-52f3-bfe2-dc874a387156,Regulation (EU) 2023/1781 (Chips Act),European Parliament and Council of the European Union,EU,en,phase2_5\eu_chips_act_2023_en.pdf,https://eur-lex.europa.eu/legal-content/EN/TXT/?uri=CELEX:32023R1781,Page 4,,,5,9,"ions,
including a blending facility under the InvestEU Fund established by Regulation (EU) 2021/523 of the European
P arliament and of the Council (
5
) , in close cooperation with the European Inv estment Bank Group and tog ether
with other im plementing par tners such as national promotional banks and institutions. The Chips Fund activities
should suppor t the development of a dynamic and resilient semiconductor ecosystem by provi ding oppor tunities
f or increased av ailability of funds to suppor t the growth of star t-ups and SMEs as well as inv estments across the
value c hain, including f or other compan ies in the semiconduct or value c hain. In this regard, suppor t and clear
guidance should be provid ed, in par ticular to SMEs, with the aim of assisting them in the application process. In this
conte xt, the European Innovatio n Council is expecte d to provide fur ther dedicate d suppor t through grants and
equity inv estments to high r isk, mark et creating inno vators.
(
4
) Regulation (EU) 2021/241 of the European Parliament and of the Council of 12 Febr uar y 2021 establishing the Recovery and
Resilience Facility (OJ L 57, 18.2.2021, p. 17).
(
5",,
Q17,"How does the EU Chips Act aim to strengthen semiconductor capacity, innovation, and supply-chain resilience?",en,direct,phase2_5/eu_chips_act_2023_en.pdf,5400bce3-efd0-509a-b0db-4565f866b0c0,e564bfe4-14df-59e7-8194-196f0b7042ed,Regulation (EU) 2024/1689 (Artificial Intelligence Act),European Parliament and Council of the European Union,EU,en,phase2_5\eu_ai_act_2024_en.pdf,https://eur-lex.europa.eu/legal-content/EN/TXT/?uri=CELEX:32024R1689,Page 14,,6,,10,"12, 22.8.2018, p. 1).
(
31
) Regulation (EU) 2019/2144 of the European Parliament and of the Council of 27 November 2019 on type-approval requirements
f or motor vehicles and their trailers, and systems, components and separate tec hnical units int ended f or such vehicles, as reg ards
their ge neral safety and the protection of vehicle occupants and vulnerable road users, amending Regulation (EU) 2018/858 of the
European Parl iament and of the Council and repealing Regulations (EC) No 78/2009, (EC) No 79/2009 and (EC) No 661/2009 of
the European Parl iament and of the Council and Commission Regulations (EC) No 631/2009, (EU) No 406/2010, (EU)
No 672/2010, (EU) No 1003/2010, (EU) No 1005/2010, (EU) No 1008/2010, (EU) No 1009/2010, (EU) No 19/2011, (EU)
No 109/2011, (EU) No 458/2011, (EU) No 65/2012, (EU) No 130/2012, (EU) No 347/2012, (EU) No 351/2012, (EU)
No 1230/2012 and (EU) 2015/166 (OJ L 325, 16.12.2019, p. 1).",,
Q17,"How does the EU Chips Act aim to strengthen semiconductor capacity, innovation, and supply-chain resilience?",en,direct,phase2_5/eu_chips_act_2023_en.pdf,f7ac5e25-2b3c-5160-8bb1-d2295b756058,387e17ca-0ac5-52f3-bfe2-dc874a387156,Regulation (EU) 2023/1781 (Chips Act),European Parliament and Council of the European Union,EU,en,phase2_5\eu_chips_act_2023_en.pdf,https://eur-lex.europa.eu/legal-content/EN/TXT/?uri=CELEX:32023R1781,Page 1,,,6,,"ition: from smar tphones and cars,
through cr itical applications and infrastr uctures in health, energy , communications and automation to most other
industr y sectors . As semiconductors are central to the digital econom y , they are po wer ful enablers f or the
sustainability and green transition, contr ibuting thus to the objectives of the Commission communication of
11 December 2019 on ‘ The European Green Deal’. While semiconduct ors are essential to the functioning of toda y’s
econom y and society as well as defence and secur ity , the Union has witnessed unprecedent ed disr uptions in their
supply , the consequences of whic h are signif icant. The cur rent disr upti ons hav e exposed long-lasting vulnerabilities
in this respect, in par ticular a strong third-countr y dependency in manuf actur ing and design of c hips. Member
State s are pr imar ily responsible f or maintaining a strong industr ial, competiti ve, sustainable base in the U nion
promoting innovation across a full range of chips.
(2) A framew ork f or increasing the U nion’s resilience in the fi eld of semiconduct or tec hnologies should be established,",,
Q17,"How does the EU Chips Act aim to strengthen semiconductor capacity, innovation, and supply-chain resilience?",en,direct,phase2_5/eu_chips_act_2023_en.pdf,3f9ee4a5-dde1-5f90-99b4-11ea556e23da,a1a70ffe-651a-5128-a659-599647de2566,Strategy on China of the Government of the Federal Republic of Germany,Federal Government of Germany,DE,en,phase2_5\de_china_strategy_2023_en.pdf,https://www.auswaertiges-amt.de/en/aussenpolitik/regionaleschwerpunkte/asien/strategy-on-china/2608618,Page 37,,7,,,"rojects with
China in which knowledge drain is likely are
not supported or only supported when suitable
conditions are imposed. We will further devel-
op existing funding regulations for handling
knowledge and patents once the projects have
been completed.
In order to strengthen the European economy
in the digital sphere, the Federal Government
is promoting conditions that foster innovation
(fleshing out the European Chips Act and the
EU’s Artificial Intelligence Act). We are strength-
ening sustainable design and production capac-
ities for highly innovative technologies. We are
building a European open source ecosystem and
are working to achieve the rapid creation of a
Europe-wide mobility data sphere in accordance
with data protection regulations. We are imple-
menting the national Digital Strategy in a swift
and ambitious manner.
In its Made in China 2025 strategy, the Chinese
Government has made it clear that it seeks global
market and technological dominance in sectors
that are very important for Germany and the EU
or in which Germany and the EU long enjoyed
technological dominance. China is promoting
technological development with state funds. In",,
Q17,"How does the EU Chips Act aim to strengthen semiconductor capacity, innovation, and supply-chain resilience?",en,direct,phase2_5/eu_chips_act_2023_en.pdf,e97714c9-c1bb-5d54-a8b7-a75ff84d78b8,387e17ca-0ac5-52f3-bfe2-dc874a387156,Regulation (EU) 2023/1781 (Chips Act),European Parliament and Council of the European Union,EU,en,phase2_5\eu_chips_act_2023_en.pdf,https://eur-lex.europa.eu/legal-content/EN/TXT/?uri=CELEX:32023R1781,Page 1,,,7,,"s a full range of chips.
(2) A framew ork f or increasing the U nion’s resilience in the fi eld of semiconduct or tec hnologies should be established,
reinf orcing the U nion’s semiconduct or ecosystem by reducing dependencies, enhancing digital sovereignty ,
stimulating investment, strengthening the capabilities, secur ity , adap tability and resilience of the Union’s
semiconduct or supply c hain, and increasing cooperation among the Member State s, the Commission and
internati onal strateg ic par tners.
(
1
) OJ C 365, 23.9.2022, p. 34.
(
2
) OJ C 498, 30.12.2022, p. 94.
(
3
) P osition of the European Parliament of 11 July 2023 (not yet published in the Offi cial Jour nal) and decision of the Council of 25 July
2023.
EN
Offi cial Jour nal of the European Uni on 18.9.2023 L 229/1",,
Q17,"How does the EU Chips Act aim to strengthen semiconductor capacity, innovation, and supply-chain resilience?",en,direct,phase2_5/eu_chips_act_2023_en.pdf,39d2640e-e06f-53e4-be8a-56d89dc2f3da,e564bfe4-14df-59e7-8194-196f0b7042ed,Regulation (EU) 2024/1689 (Artificial Intelligence Act),European Parliament and Council of the European Union,EU,en,phase2_5\eu_ai_act_2024_en.pdf,https://eur-lex.europa.eu/legal-content/EN/TXT/?uri=CELEX:32024R1689,Page 125,,8,,,"e tec hnical units intended
f or suc h vehicles, as rega rds their g eneral safety and the prot ection of vehicle occupants and vulnerable road users,
amending Regulation (EU) 2018/858 of the European Parliament and of the Council and repealing Regulations (EC)
No 78/2009, (EC) No 79/2009 and (EC) No 661/2009 of the European Parliament and of the Council and
Commission Regulations (EC) No 631/2009, (EU) No 406/2010, (EU) No 672/2010, (EU) No 1003/2010,
(EU) No 1005/2010, (EU) No 1008/2010, (EU) No 1009/2010, (EU) No 19/2011, (EU) No 109/2011, (EU)
No 458/2011, (EU) No 65/2012, (EU) No 130/2012, (EU) No 347/2012, (EU) No 351/2012, (EU) No 1230/2012
and (EU) 2015/166 (OJ L 325, 16.12.2019, p. 1);
20. Regulation (EU) 2018/1139 of the European Parliament and of the Council of 4 July 2018 on common r ules in the
fie ld of civil aviat ion and establishing a European Uni on A viation Saf ety Ag ency , and amending Regulations (EC)
No 2111/2005, (EC) No 1008/2008, (EU) No 996/2010, (EU) No 376/2014 and Directives 2014/30/EU and
2014/53/EU of the European Pa rliament and of the Council, and repealing Regulations (EC) No 552/2004 and (EC)",,
Q17,"How does the EU Chips Act aim to strengthen semiconductor capacity, innovation, and supply-chain resilience?",en,direct,phase2_5/eu_chips_act_2023_en.pdf,d23c9e20-d04b-5d3d-a479-6267ec7e2310,387e17ca-0ac5-52f3-bfe2-dc874a387156,Regulation (EU) 2023/1781 (Chips Act),European Parliament and Council of the European Union,EU,en,phase2_5\eu_chips_act_2023_en.pdf,https://eur-lex.europa.eu/legal-content/EN/TXT/?uri=CELEX:32023R1781,Page 2,,,8,,"ity of supply of semiconduct ors and
resilience of the semiconductor ecosyste m can be best addressed through Union har monising la w on the basis of
Ar ticle 114 TFEU. A sing le coherent regulatory framew ork har monising cer tain conditions f or operators to car r y
out specific projects that contr ibute to the secur ity of supply and resilience of the Uni on’s semiconduct or ecosystem
is necessar y . Ad ditionally , a coordinat ed mechani sm f or monitori ng, strateg ic mapping, cr isis prevention and
response should be established to address shor tag es of supply and prevent obstacles to the unity of the intern al
mark et, av oiding differ ences in response among Member Stat es.
(6) Strengthening the U nion’s cr itical infrastr ucture and secur ity as well as its tec hnological leadership requires both
leading-edge and mature chips, in par ticular f or future-proofing strategic sector s.
(7) The achi evement of those objectives should be suppor ted by a go ver nance mechanism. At Union level, this
Regulation should establish a European Semiconductor Board, compo sed of representatives of the Member Stat es",,
Q17,"How does the EU Chips Act aim to strengthen semiconductor capacity, innovation, and supply-chain resilience?",en,direct,phase2_5/eu_chips_act_2023_en.pdf,788bbd08-b53d-5645-8330-95a9491a1ba0,387e17ca-0ac5-52f3-bfe2-dc874a387156,Regulation (EU) 2023/1781 (Chips Act),European Parliament and Council of the European Union,EU,en,phase2_5\eu_chips_act_2023_en.pdf,https://eur-lex.europa.eu/legal-content/EN/TXT/?uri=CELEX:32023R1781,Page 20,,,9,,"lowi ng five operational objectives:
(a) operational objective 1: building up advanced design capacities f or inte grated semiconductor tec hnologies;
(b) operational objective 2: enhancing existing and developing new advanced pilot lines across the U nion to enable
development and deplo yment of cutting-edg e semiconductor tec hnologies and next-generation semiconduct or
tec hnologies;
(c) operational objective 3: building advanced tec hnology and engineer ing capacities f or accelerating the innovative
development of cutting-edg e quantum chips and associated semiconduct or tec hnologies;
(d) operational objective 4: establishing a netw ork of compet ence centres across the Union by enhancing existing or
creating new facilities;
(e) operational objective 5: under taking activities, to be descr ibed collectively as ‘Chips Fund’ activities, to f acilitate access
to debt financing and equity , including by providing clear guidance, in par ticular f or star t-ups, scale-ups, SMEs and
small mid-caps in the semiconduct or value chain, through a blending facility under the Inv estEU Fund and via the
European Inno vation Council.",,
Q17,"How does the EU Chips Act aim to strengthen semiconductor capacity, innovation, and supply-chain resilience?",en,direct,phase2_5/eu_chips_act_2023_en.pdf,db694617-f98f-5684-85e4-d87d9c461553,387e17ca-0ac5-52f3-bfe2-dc874a387156,Regulation (EU) 2023/1781 (Chips Act),European Parliament and Council of the European Union,EU,en,phase2_5\eu_chips_act_2023_en.pdf,https://eur-lex.europa.eu/legal-content/EN/TXT/?uri=CELEX:32023R1781,Page 16,,9,,,"of these author ities as well as
official s and civil ser vants of other author ities of the Member State s should ensure the conf identiality of
(
25
) Commission Recommendation (EU) 2022/210 of 8 Febr uar y 2022 on a common Union toolbo x to address semiconductor shor tages
and an EU mechanism f or monit or ing the semiconductor ecosystem (OJ L 35, 17.2.2022, p. 17).
(
26
) Commission Decision (EU, Euratom) 2015/443 of 13 March 2015 on Secur ity in the Commission (OJ L 72, 17.3.2015, p. 41).
EN
Offi cial Jour nal of the European Uni on L 229/16 18.9.2023",,
Q17,"How does the EU Chips Act aim to strengthen semiconductor capacity, innovation, and supply-chain resilience?",en,direct,phase2_5/eu_chips_act_2023_en.pdf,4e8a1ab7-52aa-54e3-a827-3db61c38180b,af24f08a-4bb9-50db-8e97-4bab00dece2d,European Economic Security Strategy,European Commission and High Representative of the Union for Foreign Affairs and Security Policy,EU,en,phase2_5\eu_economic_security_strategy_2023_en.pdf,https://eur-lex.europa.eu/legal-content/EN/ALL/?uri=CELEX:52023JC0020,Page 10,,10,,,"s, including measures to restrict or exclude high -risk
suppliers. On 15 June 2023, the Commission urged Member States that have not yet fully applied
these measures to high-risk suppliers to do so without delay.
The proposed Cyber Resilience Act will also play an important role in securing the supply chain
for the EU’s critical infrastructure. Cyber risk assessments and scenarios are also being developed
specifically for the electronic communication infrastructure and energy sectors and will serve to
guide actions supported under the proposed Cyber Solidarity Act, notably the coordinated testing
of critical entities.

Better EU coordination on export controls of dual-use items
Some strategic technologies are of dual use nature and require specific attention.  Under
section 2 above, the EU will identify a list of technologies critical to economic security and assess
their risks collectively. While subject to a multilateral and EU framework, decisions on the",,
Q17,"How does the EU Chips Act aim to strengthen semiconductor capacity, innovation, and supply-chain resilience?",en,direct,phase2_5/eu_chips_act_2023_en.pdf,aa1bc8d9-2668-52d6-9b8b-bca8c8b26d7f,387e17ca-0ac5-52f3-bfe2-dc874a387156,Regulation (EU) 2023/1781 (Chips Act),European Parliament and Council of the European Union,EU,en,phase2_5\eu_chips_act_2023_en.pdf,https://eur-lex.europa.eu/legal-content/EN/TXT/?uri=CELEX:32023R1781,Page 20,,,10,,"(23) ‘production capacity’ means the maximum poten tial output of a f acility ;
(24) ‘trade secret’ means a trade secret as def ined in Ar ticle 2, point (1), of Directive (EU) 2016/943.
CHAPTER II
Chips fo r Europe Initiativ e
Ar ticle 3
Est ablishment of the Initiativ e
1. The Initiative is established f or the duration of the Multiannual Financial Framew ork 2021–2027, established by
Council Regulation (EU, Eurat om) 2020/2093 (
30
) .
2. The Initiative shall be suppor ted by funding from Hor izon Europe and the Digital Europe Programme, and in
par ticular Specific Objective 6 of the Digital Europe Programme, f or a maximum indicative amount of EUR 1,725 billion
and EUR 1,575 billion, respectively . That funding shall be im plemented in accordance with Regulations (EU) 2021/694
and (EU) 2021/695.
Ar ticle 4
Objectiv es of the Initiativ e
1. The ge neral objective of the Initiative is to achi eve large-scale te chnological capacity building and suppor t relat ed
research and inno vation activities throughout the U nion’s semiconductor value c hain to enable development and",,
Q18,"What are the main pillars of the European Economic Security Strategy, and which categories of risk does it identify?",en,direct,phase2_5/eu_economic_security_strategy_2023_en.pdf,6af2d71c-49e5-54f3-b18c-86754c97df82,af24f08a-4bb9-50db-8e97-4bab00dece2d,European Economic Security Strategy,European Commission and High Representative of the Union for Foreign Affairs and Security Policy,EU,en,phase2_5\eu_economic_security_strategy_2023_en.pdf,https://eur-lex.europa.eu/legal-content/EN/ALL/?uri=CELEX:52023JC0020,Page 5,,,1,1,"cern that operate civil-military fusion strategies.
To reach these objectives , we need a clear -eyed view of the risks and their evolution over time.
That is why the Commission and Member States will deepen their analysis of critical supply
chains, stress test them and establish the level of risk.
The Commission  and the High Representative  have identified the following broad and non -
exhaustive categories of risks to economic security namely risks related to: (1) resilience of supply
chains; (2) physical and cyber security of  critical infrastructure; (3) technology security and
technology leakage ; and (4) weaponisation of economic dependencies  or economic coercion.
These risks can occur along the entire value chain, from knowledge creation and basic research to
commercialisation and manufacturing at scale.

The types of risks that European economies face

Risks to the resilience of supply chains, including energy security – Risks of price surges, the
unavailability or scarcity of critical products , or inputs in the EU, including but not limited to
those linked to the Green Transition, those needed for a stable and diversified energy supply and
pharmaceuticals.",,
Q18,"What are the main pillars of the European Economic Security Strategy, and which categories of risk does it identify?",en,direct,phase2_5/eu_economic_security_strategy_2023_en.pdf,dd66d5a8-33d4-5df6-a272-71a0fa19f023,e564bfe4-14df-59e7-8194-196f0b7042ed,Regulation (EU) 2024/1689 (Artificial Intelligence Act),European Parliament and Council of the European Union,EU,en,phase2_5\eu_ai_act_2024_en.pdf,https://eur-lex.europa.eu/legal-content/EN/TXT/?uri=CELEX:32024R1689,Page 83,,1,,2,"eral-pur pose AI model presenting syste mic r isk s of
which it has not been notified, it ma y decide to designate it as a model with syste mic r isk.
2. The provid er of a general-pur pose AI model that meets the condition refer red t o in Ar ticle 51(1), point (a), ma y
present, with its notif ication, suff iciently substantiate d arguments to demonstrate that, ex ceptiona lly , although it meets that
requirement, the g eneral-pur pose AI model does not present, due to its specif ic ch aracteristics , syste mic r isk s and theref ore
should not be classif ied as a general-pur pose AI model with systemic r isk.
OJ L, 12.7.2024
EN
ELI: http://data.europa.eu/eli/reg/2024/1689/oj 83/144",,
Q18,"What are the main pillars of the European Economic Security Strategy, and which categories of risk does it identify?",en,direct,phase2_5/eu_economic_security_strategy_2023_en.pdf,002aa9d8-f348-5dbc-bec5-3e380c4056fc,e564bfe4-14df-59e7-8194-196f0b7042ed,Regulation (EU) 2024/1689 (Artificial Intelligence Act),European Parliament and Council of the European Union,EU,en,phase2_5\eu_ai_act_2024_en.pdf,https://eur-lex.europa.eu/legal-content/EN/TXT/?uri=CELEX:32024R1689,Page 89,,2,,3,"with Ar ticle 62(1), point (c). The Commission shall proactively coordinate with
national compet ent author ities, where relevant.
OJ L, 12.7.2024
EN
ELI: http://data.europa.eu/eli/reg/2024/1689/oj 89/144",,
Q18,"What are the main pillars of the European Economic Security Strategy, and which categories of risk does it identify?",en,direct,phase2_5/eu_economic_security_strategy_2023_en.pdf,b1772353-6c9e-556a-8937-4c4a15e227a6,af24f08a-4bb9-50db-8e97-4bab00dece2d,European Economic Security Strategy,European Commission and High Representative of the Union for Foreign Affairs and Security Policy,EU,en,phase2_5\eu_economic_security_strategy_2023_en.pdf,https://eur-lex.europa.eu/legal-content/EN/ALL/?uri=CELEX:52023JC0020,Page 5,,,2,4,"4

This Communication lays the groundwork for a discussion on economic security with Member
States and the European Parliament with a vi ew to creating a common framework to de-risk and
protect the Union’s economic security. This Communication will help to define the strategy that
should guide the common assessment of risks,  the use of existing tools and the identification of
possible gaps in the EU’s economic security arsenal  for which we will develop a common
response.
2. Identifying the risks to European economic security
The aim of this strategy is to protect the EU’s economic security and reinforce the resilience of
our economy, while working to ensure that we maintain and grow our technological edge. This
means investing in EU competitiveness, diversifying supply chains, and responding to practices
such as economic coercion. It aims to prevent the leakage of sensitive emerging technologies, as
well as other dual-use items, to destinations of concern that operate civil-military fusion strategies.
To reach these objectives , we need a clear -eyed view of the risks and their evolution over time.",,
Q18,"What are the main pillars of the European Economic Security Strategy, and which categories of risk does it identify?",en,direct,phase2_5/eu_economic_security_strategy_2023_en.pdf,012a7420-1609-5af7-a0a6-66f37840305e,7ac8bab9-bf9f-53ae-b5cc-4d30b3a42eca,德国联邦政府的中国战略,德国联邦政府,DE,zh,phase2_5\de_china_strategy_2023_zh.pdf,https://www.auswaertiges-amt.de/en/aussenpolitik/regionaleschwerpunkte/asien/strategy-on-china/2608618,Page 7,,3,,5,"7
1.
导言
1.1. 德中关系　 .................................................. 　8
1.2. 中国战略的目标 　  ............................................ 　8
1.3. 伙伴、竞争者和制度性对手 　 ................................... 　9
1.4. 我们的价值观和利益 　  ....................................... 　10",,
Q18,"What are the main pillars of the European Economic Security Strategy, and which categories of risk does it identify?",en,direct,phase2_5/eu_economic_security_strategy_2023_en.pdf,748cf6ee-c660-5f3f-a579-bc8ca6a88a76,af24f08a-4bb9-50db-8e97-4bab00dece2d,European Economic Security Strategy,European Commission and High Representative of the Union for Foreign Affairs and Security Policy,EU,en,phase2_5\eu_economic_security_strategy_2023_en.pdf,https://eur-lex.europa.eu/legal-content/EN/ALL/?uri=CELEX:52023JC0020,Page 7,,,3,6,"6

 Risks of weaponis ation of economic dependencies or economic coercion,  to be assessed
including in the context of the recently agreed upon EU anti-coercion instrument.

With a view to maintaining a coherent , targeted, and up-to-date approach to economic security,
the Council should review, based on input from the Commission and, where appropriate, the High
Representative, the overall progress on risk assessment in these four areas every six months, and
report yearly to the European Council.

Moreover, the High Representative, together with the Member States, will enhance th e Single
Intelligence Analysis Capability (SIAC) in order to increase its ability to detect threats to the EU
economic security.
3. Putting the economic security strategy into action

To mitigate these risks, the EU Economic Security Strategy is based on:
1) Promoting the EU ’s competitiveness and growth , strengthening the Single Market,
supporting a strong and resilient economy, and fostering the EU’s research, technological
and industrial base.
2) Protecting economic security through a range of policies and tools, including targeted new
instruments where needed.",,
Q18,"What are the main pillars of the European Economic Security Strategy, and which categories of risk does it identify?",en,direct,phase2_5/eu_economic_security_strategy_2023_en.pdf,02a9b78a-eff4-56fb-af88-76c24dcf3927,50c9f3d3-f5ab-5f8f-8191-bd601d25cd73,“十四五”数字经济发展规划,中华人民共和国国务院,CN,zh,phase2_5\cn_digital_economy_14th_fyp_2021.html,https://www.miit.gov.cn/xwdt/szyw/art/2022/art_4ecc233a663b44329d0863e60b51192b.html,,国务院关于印发“十四五”数字经济发展规划的通知,4,,7,"生活服务领域的应用，拓展创新、生产、供应链等资源共享新空间。发展基于数字技术的智能经济，加快优化智能化产品和服务运营，培育智慧销售、无人配送、智能制造、反向定制等新增长点。完善多元价值传递和贡献分配体系，有序引导多样化社交、短视频、知识分享等新型就业创业平台发展。
（四）营造繁荣有序的产业创新生态。
发挥数字经济领军企业的引领带动作用，加强资源共享和数据开放，推动线上线下相结合的创新协同、产能共享、供应链互通。鼓励开源社区、开发者平台等新型协作平台发展，培育大中小企业和社会开发者开放协作的数字产业创新生态，带动创新型企业快速壮大。以园区、行业、区域为整体推进产业创新服务平台建设，强化技术研发、标准制修订、测试评估、应用培训、创业孵化等优势资源汇聚，提升产业创新服务支撑水平。
七、持续提升公共服务数字化水平
（一）提高“互联网+政务服务”效能。
全面提升全国一体化政务服务平台功能，加快推进政务服务标准化、规范化、便利化，持续提升政务服务数字化、智能化水平，实现利企便民高频服务事项“一网通办”。建立健全政务数据共享协调机制，加快数字身份统一认证和电子证照、电子签章、电子公文等互信互认，推进发票电子化改革，促进政务数据共享、流程优化和业务协同。推动政务服务线上线下整体联动、全流程在线、向基层深度拓展，提升服务便利化、共享化水平。开展政务数据与业务、服务深度融合创新，增强基于大数据的事项办理需求预测能力，打造主动式、多层次创新服务场景。聚焦公共卫生、社会安全、应急管理等领域，深化数字技术应用，实现重大突发公共事件的快速响应和联动处置。
（二）提升社会服务数字化普惠水平。
加快推动文化教育、医疗健康、会展旅游、体育健身等领域公共服务资源数字化供给和网络化服务，促进优质资源共享复用。充分运用新型数字技术，强化就业、养老、儿童福利、托育、家政等民生领域供需对接，进一步优化资源配置。发展智慧广电网络，加快推进全国有线电视网络整合和升级改造。深入开展电信普遍服务试点，提升农村及偏远地区网络覆盖水平。加强面向革命老区、民族地区、边疆地区、脱贫地区的远程服务，拓展教育、医疗、社保、对口帮扶等服务内容，助力基本公共服务均等化。加强信息无障碍建设，提升面向特殊群体的数字化社会服务能力。促进社会服务和数字平台深度融合，探索多领域跨界合作，推动医养结合、文教结合、体医结合、文旅融合。
（三）推动数字城乡融合发展。",,
Q18,"What are the main pillars of the European Economic Security Strategy, and which categories of risk does it identify?",en,direct,phase2_5/eu_economic_security_strategy_2023_en.pdf,5f732f0c-42b0-518f-a8ff-deb7c5f353b1,af24f08a-4bb9-50db-8e97-4bab00dece2d,European Economic Security Strategy,European Commission and High Representative of the Union for Foreign Affairs and Security Policy,EU,en,phase2_5\eu_economic_security_strategy_2023_en.pdf,https://eur-lex.europa.eu/legal-content/EN/ALL/?uri=CELEX:52023JC0020,Page 3,,,4,8,"otect ing ourselves from economic security risks; and (3)
partnering with the broadest possible range of countries who share our concerns or interests
on economic security.

The priorities of an EU Economic Security Strategy
- Promoting our own competitiveness by making our economy and supply chains more resilient
bolstering innovation and industrial capacity, while preserving our social market economy .
This can be achieved by deepening the Single Market, investing in the economy of the future
through sound macroeconomic and cohesion policies, NextGenerationEU, investing in human
capital including by upskilling the European workforce. It will require diversifying sources of
supply and export markets, or fostering the research and industrial base in strategic areas such
as advanced semi-conductors, quantum computing, biotechnology, net-zero industries, clean
energy or critical raw materials.
- Protecting ourselves from commonly identified economic security risks, by better deploying
the tools we already have in place, such as on trade defence, foreign subsidies, 5G/6G security,
Foreign Direct Investment screening and export controls, as well as the new instrument to",,
Q18,"What are the main pillars of the European Economic Security Strategy, and which categories of risk does it identify?",en,direct,phase2_5/eu_economic_security_strategy_2023_en.pdf,09fd1c9c-652d-576c-ada7-e9c29b8ac9b7,4ef73b7e-ac82-5b3d-b5ec-ec5b0639f4ad,2025年稳外资行动方案,商务部、国家发展和改革委员会（国务院办公厅转发）,CN,zh,phase2_5\cn_foreign_investment_action_plan_2025.html,https://www.mofcom.gov.cn/zcfb/zgdwjjmywg/art/2025/art_4a3fe49da8854e60ba50b51950e1429d.html,,国务院办公厅关于转发商务部、国家发展改革委《2025年稳外资行动方案》的通知,5,,9,"传，推动政策落地。重大事项及时请示报告。
商务热点
商务部惠企政策专题
学习宣传贯彻党的二十大精神
消费品以旧换新
国家层面海外综合服务平台
商务帮扶
提振消费专项行动 政策集成和综合解读专栏
优化营商环境-国际贸易专题
外贸促进
外资企业问题诉求收集办理
电子商务公共服务
国际消费中心城市培育建设
稳外贸稳外资政策措施
丝路电商——电子商务国际合作
《区域全面经济伙伴关系协定》（RCEP）
中国国际进口博览会
市场运行与流通发展服务平台
2025年度网站工作年度报表
机构子站专题
中日经济高层对话
农产品贸易专题
出口商品技术指南",,
Q18,"What are the main pillars of the European Economic Security Strategy, and which categories of risk does it identify?",en,direct,phase2_5/eu_economic_security_strategy_2023_en.pdf,83906104-8b88-5d72-8562-b52a77adfe1a,af24f08a-4bb9-50db-8e97-4bab00dece2d,European Economic Security Strategy,European Commission and High Representative of the Union for Foreign Affairs and Security Policy,EU,en,phase2_5\eu_economic_security_strategy_2023_en.pdf,https://eur-lex.europa.eu/legal-content/EN/ALL/?uri=CELEX:52023JC0020,Page 3,,,5,10,"2

While the European Union has done a lot to respond to specific challenges in recent years, it
now needs a comprehensive  strategic approach to economic security , de-risking and
promoting its technological edge in critical sectors. The aim is to provide a framework for a
robust assessment and management of risks to economic security at EU, national and business
level while preserving and increasing our economic dynamism. This is all the more important to
put in place at a time when these risks are both evolving rapidly and merging with national security
concerns. A prime example of this is the speed with which critical new technologies are emerging
and blurring the boundaries between the civil and military sectors.
The starting point for this strategy is taking a clear-eyed look at the risks and acknowledging
the inherent tensions that exist between bolstering our economic security, and ensuring that the
European Union continues to benefit from an open economy.
The EU is one of the most  attractive destinations for global companies and for investment . Our
economies thrive  on open and  rules-based trade and investmen t, on secure cross-border",,
Q18,"What are the main pillars of the European Economic Security Strategy, and which categories of risk does it identify?",en,direct,phase2_5/eu_economic_security_strategy_2023_en.pdf,0b8de56f-eee5-5729-b349-bba40f6f0d5c,7ac8bab9-bf9f-53ae-b5cc-4d30b3a42eca,德国联邦政府的中国战略,德国联邦政府,DE,zh,phase2_5\de_china_strategy_2023_zh.pdf,https://www.auswaertiges-amt.de/en/aussenpolitik/regionaleschwerpunkte/asien/strategy-on-china/2608618,Page 49,,6,,,"5. 国际合作
49
实质性和具有法律约束力的行为准则。这
一重要的国际货物与原材料运输航道的稳
定、安全和开放不应受到军事力量投射以
及单方面和违反国际法行为的损害。
　　德国政府密切关注东中国海的局势。
　　中国在北极和南极加强战略存在，投
资经济和科学资源， 同时也发展军事能力。
德国希望北极和南极保持其无冲突地区的
状态。该地区的 任何活动 必须以国际法、
特别是《联合国海洋法公约》和南极条约
为基准。
　　中国在太空和网络空间的能力和活动
日益发展。德国与其伙伴共同分析中国在
这些领域的能力和行为，并就其对德国自
身安全利益的影响与伙伴加以协调。我们
支持国际法在这些领域的适用。
　　德国政府密切关注海底光缆、中国的
北斗全球卫星导航系统、以及数据中心等
数字基础设施的扩建。中国的 数字基础设
施常常伴随着中国技术标准、中国国家媒
体内容以及中国的 IT 服务提供商。我们
慎重看待可能用于压迫、监视和审查的软
件。除了国家层面的措施，我们会与伙伴
协调提供这些技术的替代方案，并推动欧
洲标准在全球范围内得到接受。
5.8. 军备控制和建立互信的措施
　　德国致力于与中国在所有军备控制问
题、防扩散政策问题以及合作安全议题进
行全面交流。 为加强地区和全球安全架构，
中国应广泛参与合作安全、防扩散、多边
军控以及建立信任和透明度的措施。
　　德国希望中国通过预先通知 军事演习
并邀请国际观察员的方式来降低误解风
险，提升透明度。欧洲安全与合作组织的
高标准可为此提供良好借鉴。
　　在常规领域，德国支持东盟主导的在
印太地区 建立互信 和军事 透明度 的倡议。
我们希望欧盟更多地参与以东盟为中心的
地区对话架构。同时，我们向整个地区提
供裁军、军控、提升透明度和建立互信措
施的合作。这一合作提议同样明确适用于
中国。我们欢迎中国完成了《武器贸易条
约》的批准程序。
　　中国自己表示，要在 新型和颠覆性技
术研发的军事利用方面追求全球领导地
位。我们呼吁中国在多边框架内积极参与
制定要求高且具有约束力的标准，以负责
任的方式处理包括人工智能在内的这些技
术。",,
Q18,"What are the main pillars of the European Economic Security Strategy, and which categories of risk does it identify?",en,direct,phase2_5/eu_economic_security_strategy_2023_en.pdf,9753bb77-49be-5cfb-8281-433b09f308fd,af24f08a-4bb9-50db-8e97-4bab00dece2d,European Economic Security Strategy,European Commission and High Representative of the Union for Foreign Affairs and Security Policy,EU,en,phase2_5\eu_economic_security_strategy_2023_en.pdf,https://eur-lex.europa.eu/legal-content/EN/ALL/?uri=CELEX:52023JC0020,Page 4,,,6,,"re links
throughout the world through Global Gateway.
The fundamental principles for any measures on economic security flowing from this strategy will
be: proportionality to ensure that our tools are in line with the level of the risk and limit any negative
unintended spill-over effects on the European and global economy, and precision to define exactly
which goods, sectors or core industries are targeted and ensure that measures respond to the risks
themselves.

This strategy builds on the work already started at European level , taking a critical look at the
Union resilience and vulnerabilities in order to make  the European economy and industry more
competitive and resilient  and strengthen our open strategic autonomy. This ranges from bigger
investment in the green and digital transitions through NextGenerationEU and the crowding-in of
more private investments  to the pillars of the EU industrial policy such as the  Acts on Chips,
Critical Raw Materials and Net Zero Industry. This was reaffirmed by the Versailles Declaration,
in which Leaders agreed on the need to strengthen European resilience and sovereignty in areas",,
Q18,"What are the main pillars of the European Economic Security Strategy, and which categories of risk does it identify?",en,direct,phase2_5/eu_economic_security_strategy_2023_en.pdf,0d6d53f6-4019-5489-892f-573094e945fc,7bfce756-cb53-55d0-bb79-5aa128f1a796,生成式人工智能服务管理暂行办法,国家互联网信息办公室等七部门,CN,zh,phase2_5\cn_genai_interim_measures_2023.html,https://www.cac.gov.cn/2023-07/13/c_1690898327029107.htm,,生成式人工智能服务管理暂行办法_中央网络安全和信息化委员会办公室,7,,,"害国家形象，煽动分裂国家、破坏国家统一和社会稳定，宣扬恐怖主义、极端主义，宣扬民族仇恨、民族歧视，暴力、淫秽色情，以及虚假有害信息等法律、行政法规禁止的内容；
（二）在算法设计、训练数据选择、模型生成和优化、提供服务等过程中，采取有效措施防止产生民族、信仰、国别、地域、性别、年龄、职业、健康等歧视；
（三）尊重知识产权、商业道德，保守商业秘密，不得利用算法、数据、平台等优势，实施垄断和不正当竞争行为；
（四）尊重他人合法权益，不得危害他人身心健康，不得侵害他人肖像权、名誉权、荣誉权、隐私权和个人信息权益；
（五）基于服务类型特点，采取有效措施，提升生成式人工智能服务的透明度，提高生成内容的准确性和可靠性。
第二章 技术发展与治理
第五条
鼓励生成式人工智能技术在各行业、各领域的创新应用，生成积极健康、向上向善的优质内容，探索优化应用场景，构建应用生态体系。
支持行业组织、企业、教育和科研机构、公共文化机构、有关专业机构等在生成式人工智能技术创新、数据资源建设、转化应用、风险防范等方面开展协作。
第六条
鼓励生成式人工智能算法、框架、芯片及配套软件平台等基础技术的自主创新，平等互利开展国际交流与合作，参与生成式人工智能相关国际规则制定。
推动生成式人工智能基础设施和公共训练数据资源平台建设。促进算力资源协同共享，提升算力资源利用效能。推动公共数据分类分级有序开放，扩展高质量的公共训练数据资源。鼓励采用安全可信的芯片、软件、工具、算力和数据资源。
第七条
生成式人工智能服务提供者（以下称提供者）应当依法开展预训练、优化训练等训练数据处理活动，遵守以下规定：
（一）使用具有合法来源的数据和基础模型；
（二）涉及知识产权的，不得侵害他人依法享有的知识产权；
（三）涉及个人信息的，应当取得个人同意或者符合法律、行政法规规定的其他情形；
（四）采取有效措施提高训练数据质量，增强训练数据的真实性、准确性、客观性、多样性；
（五）《中华人民共和国网络安全法》、《中华人民共和国数据安全法》、《中华人民共和国个人信息保护法》等法律、行政法规的其他有关规定和有关主管部门的相关监管要求。
第八条
在生成式人工智能技术研发过程中进行数据标注的，提供者应当制定符合本办法要求的清晰、具体、可操作的标注规则；开展数据标注质量评估，抽样核验标注内容的准确性；对标注人员进行必要培训，提升尊法守法意识，监督指导标注人员规范开展标注工作。
第三章 服务规范
第九条
提供者应当依法承担网络信息内容生产者责任，履行网络信息安全义务。涉及个人信息的，依法承担个人信息处理者责任，履行个人信息保护义务。
提供者应当与注册其服务的生成式人工智能服务使用者（以下称使用者）签订服务协议，明确双方权利义务。
第十条",,
Q18,"What are the main pillars of the European Economic Security Strategy, and which categories of risk does it identify?",en,direct,phase2_5/eu_economic_security_strategy_2023_en.pdf,3e1910ea-d2d7-5047-985c-21791f5884d8,af24f08a-4bb9-50db-8e97-4bab00dece2d,European Economic Security Strategy,European Commission and High Representative of the Union for Foreign Affairs and Security Policy,EU,en,phase2_5\eu_economic_security_strategy_2023_en.pdf,https://eur-lex.europa.eu/legal-content/EN/ALL/?uri=CELEX:52023JC0020,Page 6,,,7,,"ecurity; and the secure treatment of sensitive information

On this basis, the Commission proposes to identify and assess, collectively with EU Member
States and with inputs from private stakeholders,  risks to the EU’s economic security  that
threaten its key interests within clearly defined parameters, taking into account the  evolving
geopolitical context and, where appropriate, stakeholders’ views . This should be a dynamic and
continuous process.

For this purpose, the Commission proposes the following process, to be carried out with Member
States and, where appropriate, in coordination with the High Representative:

 Risks to the resilience of supply chains, to be assessed by the Commission, by deepening
the EU’s strategic dependencies analysis, with a particular focus on dependencies that are
more likely to be weaponised for geopolitical purposes.
 Risks to the physical and cyber security of critical infrastructure, to continue to be assessed
in line with the Council Recommendation of 8 December 2022.
 Risks related to technology security and technology leakage, to be assessed on the basis of",,
Q18,"What are the main pillars of the European Economic Security Strategy, and which categories of risk does it identify?",en,direct,phase2_5/eu_economic_security_strategy_2023_en.pdf,0fc629a8-a255-53b1-90fc-42126380dab6,7ac8bab9-bf9f-53ae-b5cc-4d30b3a42eca,德国联邦政府的中国战略,德国联邦政府,DE,zh,phase2_5\de_china_strategy_2023_zh.pdf,https://www.auswaertiges-amt.de/en/aussenpolitik/regionaleschwerpunkte/asien/strategy-on-china/2608618,Page 50,,8,,,"50
6.
对华政策的协调与中国能力",,
Q18,"What are the main pillars of the European Economic Security Strategy, and which categories of risk does it identify?",en,direct,phase2_5/eu_economic_security_strategy_2023_en.pdf,84f6fc43-6480-525f-a6f9-9e45b8225dde,af24f08a-4bb9-50db-8e97-4bab00dece2d,European Economic Security Strategy,European Commission and High Representative of the Union for Foreign Affairs and Security Policy,EU,en,phase2_5\eu_economic_security_strategy_2023_en.pdf,https://eur-lex.europa.eu/legal-content/EN/ALL/?uri=CELEX:52023JC0020,Page 4,,,8,,"try. This was reaffirmed by the Versailles Declaration,
in which Leaders agreed on the need to strengthen European resilience and sovereignty in areas
like energy, health and pharmaceutical products, food security and defense capabilities . This
strategy also responds to the concerns of citizens as expressed in the context of the Conference on
the Future of Europe.
Implementing this strategy will require joined-up action across internal and external policies. It
will also require buy-in beyond policy makers at European and national level. The private sector
will be an essential partner and is already advanced in its work on de -risking. Global asset
managers have radically changed their allocations of capital in response to  growing and
increasingly complex risks that exist within the global economy. Seeking resilient, diversified
supply chains that enhance economic security will be a core part of a long -term business strategy
that protects not only shareholders’ interests but also the general interest. Identifying the main risks
and designing policy responses should tap into the knowledge of E uropean companies that are
already working to mitigate many of these threats.",,
Q18,"What are the main pillars of the European Economic Security Strategy, and which categories of risk does it identify?",en,direct,phase2_5/eu_economic_security_strategy_2023_en.pdf,0ff369db-f0be-5c05-b99f-2e85857b3f17,50c9f3d3-f5ab-5f8f-8191-bd601d25cd73,“十四五”数字经济发展规划,中华人民共和国国务院,CN,zh,phase2_5\cn_digital_economy_14th_fyp_2021.html,https://www.miit.gov.cn/xwdt/szyw/art/2022/art_4ecc233a663b44329d0863e60b51192b.html,,国务院关于印发“十四五”数字经济发展规划的通知,9,,,"流通。鼓励市场主体探索数据资产定价机制，推动形成数据资产目录，逐步完善数据定价体系。规范数据交易管理，培育规范的数据交易平台和市场主体，建立健全数据资产评估、登记结算、交易撮合、争议仲裁等市场运营体系，提升数据交易效率。严厉打击数据黑市交易，营造安全有序的市场环境。
（三）创新数据要素开发利用机制。
适应不同类型数据特点，以实际应用需求为导向，探索建立多样化的数据开发利用机制。鼓励市场力量挖掘商业数据价值，推动数据价值产品化、服务化，大力发展专业化、个性化数据服务，促进数据、技术、场景深度融合，满足各领域数据需求。鼓励重点行业创新数据开发利用模式，在确保数据安全、保障用户隐私的前提下，调动行业协会、科研院所、企业等多方参与数据价值开发。对具有经济和社会价值、允许加工利用的政务数据和公共数据，通过数据开放、特许开发、授权应用等方式，鼓励更多社会力量进行增值开发利用。结合新型智慧城市建设，加快城市数据融合及产业生态培育，提升城市数据运营和开发利用水平。
五、大力推进产业数字化转型
（一）加快企业数字化转型升级。
引导企业强化数字化思维，提升员工数字技能和数据管理能力，全面系统推动企业研发设计、生产加工、经营管理、销售服务等业务数字化转型。支持有条件的大型企业打造一体化数字平台，全面整合企业内部信息系统，强化全流程数据贯通，加快全价值链业务协同，形成数据驱动的智能决策能力，提升企业整体运行效率和产业链上下游协同效率。实施中小企业数字化赋能专项行动，支持中小企业从数字化转型需求迫切的环节入手，加快推进线上营销、远程协作、数字化办公、智能生产线等应用，由点及面向全业务全流程数字化转型延伸拓展。鼓励和支持互联网平台、行业龙头企业等立足自身优势，开放数字化资源和能力，帮助传统企业和中小企业实现数字化转型。推行普惠性“上云用数赋智”服务，推动企业上云、上平台，降低技术和资金壁垒，加快企业数字化转型。
（二）全面深化重点产业数字化转型。",,
Q18,"What are the main pillars of the European Economic Security Strategy, and which categories of risk does it identify?",en,direct,phase2_5/eu_economic_security_strategy_2023_en.pdf,7a30be5f-55ba-58e8-827f-d00ee62e35e2,af24f08a-4bb9-50db-8e97-4bab00dece2d,European Economic Security Strategy,European Commission and High Representative of the Union for Foreign Affairs and Security Policy,EU,en,phase2_5\eu_economic_security_strategy_2023_en.pdf,https://eur-lex.europa.eu/legal-content/EN/ALL/?uri=CELEX:52023JC0020,Page 12,,,9,,"integrate economic security risks in their due diligence
and risk management processes. Moreover, in some areas this Communication identifies the need
to strengthen or develop new tools to match today’s risks.
3.3 Partnering on economic security
The EU cannot achieve economic security on its own . Neither can its policy response be
unilateral. The global economy will remain integrated and interconnected, and effective EU
action depends on cooperation and coordination with others.  Transparency and cooperation are
essential to ensuring that economic security policies do not have unwanted consequences on third
countries, particular ly on the most vulnerable ones . De-risking supply chains and mitigating
disturbances involves diversification of supply and access to a diverse set of import and export
markets. Moreover, the EU’s vulnerabilities linked to critical dependencies in strategic sectors are",,
Q18,"What are the main pillars of the European Economic Security Strategy, and which categories of risk does it identify?",en,direct,phase2_5/eu_economic_security_strategy_2023_en.pdf,11262ef3-8348-5b69-9456-4115a3772a67,50c9f3d3-f5ab-5f8f-8191-bd601d25cd73,“十四五”数字经济发展规划,中华人民共和国国务院,CN,zh,phase2_5\cn_digital_economy_14th_fyp_2021.html,https://www.miit.gov.cn/xwdt/szyw/art/2022/art_4ecc233a663b44329d0863e60b51192b.html,,国务院关于印发“十四五”数字经济发展规划的通知,10,,,"持续推进绿色数字中心建设，加快推进数据中心节能改造，持续提升数据中心可再生能源利用水平。推动智能计算中心有序发展，打造智能算力、通用算法和开发平台一体化的新型智能基础设施，面向政务服务、智慧城市、智能制造、自动驾驶、语言智能等重点新兴领域，提供体系化的人工智能服务。
（三）有序推进基础设施智能升级。
稳步构建智能高效的融合基础设施，提升基础设施网络化、智能化、服务化、协同化水平。高效布局人工智能基础设施，提升支撑“智能＋”发展的行业赋能能力。推动农林牧渔业基础设施和生产装备智能化改造，推进机器视觉、机器学习等技术应用。建设可靠、灵活、安全的工业互联网基础设施，支撑制造资源的泛在连接、弹性供给和高效配置。加快推进能源、交通运输、水利、物流、环保等领域基础设施数字化改造。推动新型城市基础设施建设，提升市政公用设施和建筑智能化水平。构建先进普惠、智能协作的生活服务数字化融合设施。在基础设施智能升级过程中，充分满足老年人等群体的特殊需求，打造智慧共享、和睦共治的新型数字生活。
四、充分发挥数据要素作用
（一）强化高质量数据要素供给。
支持市场主体依法合规开展数据采集，聚焦数据的标注、清洗、脱敏、脱密、聚合、分析等环节，提升数据资源处理能力，培育壮大数据服务产业。推动数据资源标准体系建设，提升数据管理水平和数据质量，探索面向业务应用的共享、交换、协作和开放。加快推动各领域通信协议兼容统一，打破技术和协议壁垒，努力实现互通互操作，形成完整贯通的数据链。推动数据分类分级管理，强化数据安全风险评估、监测预警和应急处置。深化政务数据跨层级、跨地域、跨部门有序共享。建立健全国家公共数据资源体系，统筹公共数据资源开发利用，推动基础公共数据安全有序开放，构建统一的国家公共数据开放平台和开发利用端口，提升公共数据开放水平，释放数据红利。
（二）加快数据要素市场化流通。
加快构建数据要素市场规则，培育市场主体、完善治理体系，促进数据要素市场流通。鼓励市场主体探索数据资产定价机制，推动形成数据资产目录，逐步完善数据定价体系。规范数据交易管理，培育规范的数据交易平台和市场主体，建立健全数据资产评估、登记结算、交易撮合、争议仲裁等市场运营体系，提升数据交易效率。严厉打击数据黑市交易，营造安全有序的市场环境。
（三）创新数据要素开发利用机制。",,
Q18,"What are the main pillars of the European Economic Security Strategy, and which categories of risk does it identify?",en,direct,phase2_5/eu_economic_security_strategy_2023_en.pdf,5b5978c9-b95b-5e7a-8f5d-13ed6e369008,af24f08a-4bb9-50db-8e97-4bab00dece2d,European Economic Security Strategy,European Commission and High Representative of the Union for Foreign Affairs and Security Policy,EU,en,phase2_5\eu_economic_security_strategy_2023_en.pdf,https://eur-lex.europa.eu/legal-content/EN/ALL/?uri=CELEX:52023JC0020,Page 14,,,10,,"ritical role an effective WTO plays in minimising
the risk of arbitrary behaviour and narrowing the scope of possible trade restrictions.

Next steps

The Commission and the High Representative, within their respective competences, will:

 develop with Member States a framework for assessing risks  affecting the EU ’s
economic security; this includes establishing  a list of technologies which are critical
to economic security  and assess their risks  with a view to devising appropriate
mitigating measures.",,
Q19,德国对华战略如何区分“去风险”与“脱钩”，并如何描述中国的伙伴、竞争者和制度性对手三重角色？,zh,parallel-document,phase2_5/de_china_strategy_2023_zh.pdf|phase2_5/de_china_strategy_2023_en.pdf,75b74255-34a7-555a-8ae8-c5a30f3322e7,7ac8bab9-bf9f-53ae-b5cc-4d30b3a42eca,德国联邦政府的中国战略,德国联邦政府,DE,zh,phase2_5\de_china_strategy_2023_zh.pdf,https://www.auswaertiges-amt.de/en/aussenpolitik/regionaleschwerpunkte/asien/strategy-on-china/2608618,Page 9,,1,2,1,"1. 导言
9
　　为德国政府各部提供一个框架，使政
府各部在对华政策上保持一致性。
　　为加强德国、欧盟及其他方面的利益
攸关方对华策略的协调性提供蓝本。
　　本中国战略中提出的各项计划除已获
得相应财政经费的项目外，德国联邦政府
将以优先处理的方式纳入联邦政府相应的
单项计划中。鉴于目前的公共财政压力相
当大，我们争取完成战略中的任务时不为
联邦预算增加额外负担。
1.3. 伙伴、竞争者和制度性对手
　　中国对世界秩序中的所有核心问题都
有重大影响。 德国政府寻求与中国的合作，
尤其是因为中国是应对关键性全球挑战不
可或缺的力量：中国是世界最大的二氧化
碳排放国。没有中国，气候危机不可能克
服。中国的行为对维护生物多样性和保护
环境具有决定性影响。中国同时也是世界
最大的可再生能源生产国。德国政府鼓励
中国承担起相应的全球责任，因为中国在
气候和环境政策领域的决策影响整个世
界。
　　在可持续发展、全球卫生、大流行疾
病预防和提供其他全球公共产品等领域，
中国可以是关键性的行动方。德国政府愿
意把握合作的机遇。
　　经贸关系仍为与中国的双边合作的要
素之一。德国致力于增加这种合作的公平
性、可持续性和对等性。中国是德国最大
的单一贸易伙伴。不过中国对欧洲的依赖
度不断下降，而德国对中国的依赖度在近
年来则有所增加。
　　德国接受与中国展开 竞争。德国和欧
洲也与许多其它伙伴展开竞争。基于公平
规则的竞争对大家都有益处。我们无意妨
碍中国的经济进步和发展。尽管如此，降
低风险（De-risking）仍迫在眉睫。而对
两国国民经济脱钩（De-coupling）我们
则持拒绝态度。
　　制度性对立体现在德中在重要的领域
中对国际秩序的原则所持的观念不同。德
国政府忧虑地注意到，中国谋求按照其一
党制的利益对国际秩序施加影响，甚至对
基于规则的秩序中的根本原则也加以相对
化，如人权的地位。中国领导人在中共
二十大会议上强调了其关于全球影响的诉
求。
　　中国加强与俄罗斯关系的决定对德国
的安全政策有直接的影响。在 印太，中国
对地区统治地位的要求越来越锋芒毕露，
并且质疑国际法的根本原则。
　　中国有目的地利用其经济实力实现 政
治目标。中国采取的粗莽的行为方式令其
与很多邻国和伙伴的关系明显恶化。
　　中国集经济、技术、军事和政治实力",,
Q19,德国对华战略如何区分“去风险”与“脱钩”，并如何描述中国的伙伴、竞争者和制度性对手三重角色？,zh,parallel-document,phase2_5/de_china_strategy_2023_zh.pdf|phase2_5/de_china_strategy_2023_en.pdf,7fefbf3d-b32a-574a-9ddc-0e6813774ef7,7ac8bab9-bf9f-53ae-b5cc-4d30b3a42eca,德国联邦政府的中国战略,德国联邦政府,DE,zh,phase2_5\de_china_strategy_2023_zh.pdf,https://www.auswaertiges-amt.de/en/aussenpolitik/regionaleschwerpunkte/asien/strategy-on-china/2608618,Page 30,,,1,5,"4. 巩固德国和欧盟
30
　　与中国不断增加的经济竞争以及制度
性对立的出现要求 德国和欧盟做出新的努
力，加强我们的经济、竞争能力和技术自
主，保护我们的开放型社会，在与中国的
竞争中实现自己的利益。
　　中国是德国和欧盟经济中不容小觑的
竞争者。中国在某些领域已经拥有 市场领
先地位。众多的国家措施和强力保护的市
场在这一过程中起了重要作用。经济、科
学和政治在中国的行为中紧密相连。
　　中国的战略 （ “中国制造 2050” 、 “双循
环” ）和中国领导层的言论（如习主席在
2020 年党代会上的讲话）暗示，中国谋
求制造经济和技术 依赖，并借此贯彻其政
治目标和利益。但同时，中国以安全利益
为由不断争取摆脱对来自国外的参与和零
部件供应的依赖。
　　中国的 不公平做法 会对我们的安全、
主权和繁荣造成负面影响。我们必须在德
国和欧盟层面以适当的措施应对这一威
胁。
　　除改善德国和欧盟的经济框架条件
外，还有必要 “去风险 ” ：减少关键领域
的依赖、 在经济决策中增加地缘政治视角、
加强我们的抵御力。 为达到去风险的目的，
我们会采取多种措施，详见后文。我们
认为去风险可以很好地补充我们的自身优
势：即政治、经济和社会制度的开放性。
4.1. 区位政策和欧盟单一市场
　　在货物贸易方面，中国虽为德国最大
的单一贸易伙伴，但德国一半左右的外贸
发生在欧盟单一市场内部。就许多欧盟伙
伴而言，这个比例还要高得多。 欧盟单一
市场对于我们的经济能力具有非常重要的
意义。因此我们努力推动欧盟单一市场的
整合和韧力的增强。我们需要新的举措以
深化和强化单一市场。
　　为保障我们的竞争力及技术和数字主
权，我们提倡为德国和欧盟提出有助于增
长、研究和创新的 区位政策。我们将加强
产业领域的创新、投资和竞争能力以保持
技术领先地位。一个得到增强的、经得住
考验的单一市场，一个出色的教育和科学
体系，一个有效的吸引和保留专业人才的
机制、一个重视研发投资并鼓励创新的环
境，再配以高效的基础设施和行政管理：
我们可以依靠这些为未来做好准备，不只
是在与中国的经济竞争当中。资本市场联
盟和银行业联盟对于为欧盟范围内的必要
投资提供便利至关重要。
　　经济的 数字和绿色转型 具有关键作
用。为此有必要建立起欧盟的生产和再加
工能力。我们会为此提供支持。
　　不断扩大的欧盟 循环经济不仅会使生
态获益，而且会加强欧盟的经济韧力。我",,
Q19,德国对华战略如何区分“去风险”与“脱钩”，并如何描述中国的伙伴、竞争者和制度性对手三重角色？,zh,parallel-document,phase2_5/de_china_strategy_2023_zh.pdf|phase2_5/de_china_strategy_2023_en.pdf,8bf89521-0145-55e4-8389-8927cdb480a3,7ac8bab9-bf9f-53ae-b5cc-4d30b3a42eca,德国联邦政府的中国战略,德国联邦政府,DE,zh,phase2_5\de_china_strategy_2023_zh.pdf,https://www.auswaertiges-amt.de/en/aussenpolitik/regionaleschwerpunkte/asien/strategy-on-china/2608618,Page 19,,2,,6,"3. 与中国的双边关系
19
我们的目标是在合作的过程中实现具体的
改善并促使中方进一步开放。
　　我们要继续开展具有特殊意义的 对话
机制，如外长级战略对话、高级别财金对
话、高级别安全对话、人权对话、法治国
家对话和关于未来工作的对话。2023 年
还将增加气候和转型对话。
　　人权对话在近年来已很少举行，成果
也不如预期。另外，中国对法治国家的不
同理解给双边法律关系带来了挑战。我们
争取将人权对话与 法治国家对话一起重新
做出安排。人权和法治国家事务属于跨领
域问题，原则上包括在我们所有的对话机
制中。我们要努力在全球范围内加强女性
和边缘化群体的权利、增加他们能够获得
的资源和代表性。我们努力将对女性的保
护和支持以及女性的参与作为跨领域议题
贯穿于我们与中国的关系中。儿童和边缘
群体的权利、能够获得的资源和代表性也
是这项政策的一部分。
　　中国作为联合国安理会的常任理事国
对世界和平与安全负有特殊的责任。在应
对外部挑战和安全政策方面的挑战时，我
们谋求与中国开展建设性合作。在外长级
战略对话中，我们聚焦于具有特殊的双边
和国际意义的议题。其中包括《维也纳外
交关系公约》和《维也纳领事关系公约》
中规定的相互尊重。我们会就此与我们的
欧盟伙伴密切协调。
　　关于地区议题（亚太地区、阿富汗、
伊朗、近中东、非洲）和跨领域议题（国
际法、联合国、军控、网络）的 专业对话
可以作为与中国进行协调的补充，还可借
以探讨合作的可能。未来德中两国的驻外
代表机构应在其所在地更多地开展交流。
　　德国政府还利用双边对话机制要求中
国遵守基于《海洋法公约》和 2016 年根
据《海洋法公约》就南中国海所做的具有
约束力的仲裁裁决的 国际法义务。该地区
也涉及德国和欧盟的利益，因为这里的各
种挑战相互重叠，包括维护国际法和安全
以及对外贸、气候保护和生物多样性保护
的需求。我们将长久维护《海洋法公约》
赋予所有国家的权利和自由，并通过海洋
航行宣示这一主张。
　　另外我们还利用双边对话机制敦促中
国接纳应依法遣返的本国公民 。这是习惯
国际法中所有国家应尽的义务。
　　我们将继续开展两国 国防部和武装力
量之间的交流， 以加强相互理解和透明度，
避免误解和误判。
　　德国政府对保持既有的和设定其他的
磋商机制持开放态度，前提是有助于实际
完成已经议定的目标。
　　除与中国开展双边合作外，我们同样
重视与中国开展 多边合作。在这方面，重
要的是寻求对话，以争取他方对我们立场
的理解，并在可能的情况下共同为相关建
议和行动提供支持。中国是联合国行动重
要的部队派遣国，还拥有全球性的联系网
络。 这些都可以成为我们展开合作的基础。
在此我们致力于在联合国“妇女、和平与
安全”第 1325 号决议的基础上，在寻找
解决方案时进一步着眼于女性权益。",,
Q19,德国对华战略如何区分“去风险”与“脱钩”，并如何描述中国的伙伴、竞争者和制度性对手三重角色？,zh,parallel-document,phase2_5/de_china_strategy_2023_zh.pdf|phase2_5/de_china_strategy_2023_en.pdf,ba5ab228-5539-5cff-b2d7-e2ff3dc63ec5,7ac8bab9-bf9f-53ae-b5cc-4d30b3a42eca,德国联邦政府的中国战略,德国联邦政府,DE,zh,phase2_5\de_china_strategy_2023_zh.pdf,https://www.auswaertiges-amt.de/en/aussenpolitik/regionaleschwerpunkte/asien/strategy-on-china/2608618,Page 8,,8,3,2,"1. 导言
8
1.1. 德中关系
　　通过实施改革开放政策和加强国际政
经合作，中国走上了一条经济迅猛增长、
贫困显著减少和繁荣令人瞩目之路。与此
同时，中国的政治和社会也实现了有限的
开放。
　　政治、经济和社会领域的 交流和开放
令中欧双方获益匪浅。
　　与持续增加的繁荣和成功减贫形成反
差的是公民权利和政治权利 的退步。不受
欢迎的意见遭到查禁，批评者遭受迫害，
进入自由的互联网和国际媒体的通道被阻
断，自由报道并不存在。正因如此，德中
交流也发生了变化：中国为外界接触其公
民社会、传媒、科研机构和政府部门设置
了障碍。
　　中国经济战略的目标是在降低自身对
国外依赖的同时加大国际生产链对中国的
依赖。而与个别放宽措施形成反差的是在
其他重要领域使进入中国市场的条件更加
严苛。 这也体现在我们的双边经贸往来中。
　　在外交领域，中国在实现其自身利益
时越来越明显地采取攻势，并试图以多种
途径改造现有的基于规则的国际秩序。此
举对欧洲和全球安全都产生了影响。
　　尽管如此，中国在 全球挑战面前仍是
一个必不可少的伙伴。
　　在这一背景下，德国政府将中国同时
视为伙伴、竞争者和制度性对手。 我们的
中国战略坚实地立足于欧盟共同的对华政
策的基础之上。
1.2. 中国战略的目标
　　中国发生了变化。这一现实以及中国
的政治决策使我们不得不 对与中国的交往
做出调整。德国政府将与欧盟和国际伙伴
一道设定新的框架，不仅使德国的利益在
与中国的合作中得到保障，同时也与我们
肩负的全球责任相符。
　　这份关于如何与中国交往以及来自中
国的挑战的战略包含 三个层面：对华双边
关系、巩固德国与欧盟、国际合作。
　　中国战略所追求的目标如下 :
　　阐明德国政府就对华关系的现状和前
景的看法。
　　使德国政府在复杂的对华关系中更好
地实现我们的价值观和利益。
　　展示德国政府与中国保持合作的途径
和工具，同时避免我们自由民主的生活方
式、我们的主权、繁荣、与第三方的伙伴
关系以及我们的安全受到影响。",,
Q19,德国对华战略如何区分“去风险”与“脱钩”，并如何描述中国的伙伴、竞争者和制度性对手三重角色？,zh,parallel-document,phase2_5/de_china_strategy_2023_zh.pdf|phase2_5/de_china_strategy_2023_en.pdf,d59fecc0-babf-56d8-8947-e6adf8ad8460,7ac8bab9-bf9f-53ae-b5cc-4d30b3a42eca,德国联邦政府的中国战略,德国联邦政府,DE,zh,phase2_5\de_china_strategy_2023_zh.pdf,https://www.auswaertiges-amt.de/en/aussenpolitik/regionaleschwerpunkte/asien/strategy-on-china/2608618,Page 10,,3,,7,"1. 导言
10
于一身。中国的国防开支仅次于美国：按
舰船和潜艇数量计算，中国现在就已经拥
有全球最大的海军。
　　中国的行为和决策导致 对立和竞争的
因素近年来在我们的关系中有所 增加。这
也导致德国政府在双边和欧盟框架下重新
校正与中国的合作和交往以及处理这些挑
战的方式。德国政府信赖本国和欧洲民主
的基本制度和社会市场经济的优势。
　　与中国存在制度性对立并不意味着没
有合作的可能。相反 ： 德国政府寻求合作，
公平条件下的合作。因此与中国的合作是
德国的中国战略中的一个基本要素。
　　德国政府清晰地意识到，与中国的分
歧仅与中国政府的政治行为相关。中国凭
借极其丰富的多样性取得了伟大的成绩，
在德国也备受钦慕。 与中国社会的交流 对
德中两国而言都是一种充实。无论是短期
访问、数年的逗留还是跨越几代的融入当
地的移民——在德国的中国人和在中国的
德国人将两国联系在一起。尽可能广泛地
开展公民社会交流理应构成双边关系的基
础。
1.4. 我们的价值观和利益
　　我们可以信赖自由民主的基本制度和
社会经济的力量 。 《基本法》在有助于政
治稳定的同时也提供了必要的灵活性，以
便应对一个变化的世界向我们提出的新挑
战。得益于社会市场经济，德意志联邦共
和国自 1949 年成立以来已发展成为世界
上最强大的经济体之一。融入欧盟和北约
使德国获得了外交政策的稳定。欧盟和一
体化市场既是欧洲的政治和经济继续成功
的保障，也保障欧洲在与世界其他地区的
竞争中经受得住考验。
　　欧洲的统一和自主 ：加强欧盟的团结、
巩固欧洲统一以及单一市场的完整性是德
国政府遵循的极为重要的政治原则，在德
国塑造遍布世界的伙伴关系时也会同样得
到重视。因此，我们以欧盟的视角制定中
国战略并加强与欧盟伙伴的协调。我们要
在加强社会、经济和学术韧力的同时保持
我们体制的开放性。深化和强化欧盟单一
市场是我们的竞争力和创新力的保障，归
根结底也是我们繁荣和自主的保障。
　　以联合国宪章、普世人权、国际法和
维护联合国体系为出发点 捍卫基于规则的
国际秩序： 基于规则的国际秩序是大、中、
小国之间公平的利益平衡的基础，也是和
谐共处的前提。其特点是包容和不针对任
何一方，且为与每个尊重这些原则的国家
提供合作可能。该秩序的核心是联合国及
其专门机构。
　　遵守国际法：遵守国际法的准则和承",,
Q19,德国对华战略如何区分“去风险”与“脱钩”，并如何描述中国的伙伴、竞争者和制度性对手三重角色？,zh,parallel-document,phase2_5/de_china_strategy_2023_zh.pdf|phase2_5/de_china_strategy_2023_en.pdf,f6217598-8bfa-5454-b7da-8b1eaa57128c,7ac8bab9-bf9f-53ae-b5cc-4d30b3a42eca,德国联邦政府的中国战略,德国联邦政府,DE,zh,phase2_5\de_china_strategy_2023_zh.pdf,https://www.auswaertiges-amt.de/en/aussenpolitik/regionaleschwerpunkte/asien/strategy-on-china/2608618,Page 33,,7,7,3,"4. 巩固德国和欧盟
33
4.4. 中国市场的风险
　　数十年来，众多德国企业在中国取得
了优秀业绩。随着中国经济增长，对华业
务在德企对外业务中的比重持续提高。由
于中国在全球市场的占比、由于中国市场
所具的活力与创新能力、也由于德企中方
工作人员的良好合作， 中国市场对许多企
业仍然意义重大。
　　中国的“双循环”产业战略以在加强
中国经济独立性的同时提高外国对中国的
不均衡依赖为目标。中国单方面减少对德
国出口的依赖，这不符合德国的利益。因
此，我们力求减少中国采取的扭曲市场和
歧视性做法。
　　中国越是远离基于规则的国际秩序中
的规范规则，对中国市场的深度 依赖就可
能变得越发棘手，包括 个别行业 或企业。
德国政府与企业和行业联合会展开对话，
提高它们对这一问题的认识。避免风险过
大以及激励迅速减少风险既符合国民经济
利益，也符合企业利益。德国政府着力对
德中经济关系进行去风险化。
　　企业决策必须充分顾及 地缘政治风
险。集中风险的成本必须更多地由企业内
部承担，以此避免一旦发生地缘政治危机
时不得不动用国家财力救助的情况。 因此，
我们力求借助市场工具，改变激励机制，
使德国企业更有意愿降低对市场和出口的
单方面依赖。
　　每家公司在单个国家的 投资担保上限
为 30 亿欧元。该普遍上限同样适用于中
国。战略意义特殊的情况可以例外。
　　联邦给予投资担保的关键前提在于投
资项目遵守国际公认的可持续性、环境、
劳动和社会标准，以及在供应链中避免强
迫劳动和童工。因此，我们将对出口担保
进行深入审查。
　　国家出口信用担保构成促进外贸的核
心工具：该担保使德国出口厂商免遭出于
政治或经济原因造成应收款项的损失。避
免发生非自愿的技术转让同为审查对象。
敏感的军民两用技术及可能用于监视和压
迫的技术尤其如此。原则上，我们也考虑
国家出口支持措施在多大程度上会加剧企
业过度的经济依赖。
　　德国政府将继续强化与中国相关的风
险意识并加强与企业的交流。德国政府期
待企业在现有的风险管理程序中针对与中
国相关的发展趋势、数据和风险进行具体
评估。 对于那些中国风险敞口过大的企业，
德国政府将与之加强内部交流，及时识别
集中风险。德国政府还将对是否需要进一
步完善现有措施作出评估。",,
Q19,德国对华战略如何区分“去风险”与“脱钩”，并如何描述中国的伙伴、竞争者和制度性对手三重角色？,zh,parallel-document,phase2_5/de_china_strategy_2023_zh.pdf|phase2_5/de_china_strategy_2023_en.pdf,1479e1d4-f3ad-561f-869f-e51a1be7d19c,7ac8bab9-bf9f-53ae-b5cc-4d30b3a42eca,德国联邦政府的中国战略,德国联邦政府,DE,zh,phase2_5\de_china_strategy_2023_zh.pdf,https://www.auswaertiges-amt.de/en/aussenpolitik/regionaleschwerpunkte/asien/strategy-on-china/2608618,Page 1,,,4,8,"德国联邦政府的
中国战略",,
Q19,德国对华战略如何区分“去风险”与“脱钩”，并如何描述中国的伙伴、竞争者和制度性对手三重角色？,zh,parallel-document,phase2_5/de_china_strategy_2023_zh.pdf|phase2_5/de_china_strategy_2023_en.pdf,31f07392-1581-557e-8fbd-2dd6c60e6b8b,7ac8bab9-bf9f-53ae-b5cc-4d30b3a42eca,德国联邦政府的中国战略,德国联邦政府,DE,zh,phase2_5\de_china_strategy_2023_zh.pdf,https://www.auswaertiges-amt.de/en/aussenpolitik/regionaleschwerpunkte/asien/strategy-on-china/2608618,Page 42,,4,,9,"5. 国际合作
42
　　积极维护德国的 外交和对外经贸关系
构成了本战略的重要组成部分。德国模式
以开放和国际化见长。德国愿与世界所有
国家维持良好的关系并在可能的情况下加
强这样的关系。这一原则尤其适用于那些
与德国一样愿意捍卫基于规则的国际秩序
的国家。加强这样的国际秩序构成了我们
对外政策的核心。
　　为此，高层接触必不可少。我们要确
保德国更多地关注国际上的伙伴。德国政
府也向欧盟及其成员国提出了相应的呼
吁。在就德国和我们的伙伴共同关心的领
域提出具体的合作建议的同时，应更加主
动地开展访问外交，使两者齐头并进。我
们在与遍布全球的伙伴进行合作时，与中
国的相处和竞争只是探讨的诸多议题之
一。
　　中国利用其壮大后的政治、军事和经
济实力，在世界各大洲与国际组织中追求
自身利益，按中国的构想改变现有的基于
规则的国际秩序。 中美进入地缘政治角逐，
其焦点在于印太地区。中国大规模扩充常
规武器与核武军备， 使诸多邻国感到不安。
　　中国发出的“一带一路”倡议、 “全
球发展倡议”和“全球安全倡议”等 政治
倡议，为中国在各大洲的政治和地缘经济
关系树立框架。这些框架意在建立遍及全
球的网络，而中国则处于网络的中心。
　　这一点凸显于 一带一路倡议。基础设
施建设贷款加重了一些国家不可持续的债
务，增强了政治依赖。
　　众多国家越来越多地转向中国，对我
们政策的有效性构成影响，包括在联合国
的政策。这种转向常常是因为 缺乏别的选
择。我们对伙伴的投入不足、未立足当地
或对我们提供的项目宣传不力，使中国占
得先机。我们要着力改变上述情况，因为
多样化同样符合我们的利益。
　　与此同时，德国政府提出的合作建议
并非意在推动新的集团对抗或要求他国作
出非此即彼的抉择。我们希望赢得自愿与
德国和欧盟开展更密切的合作的伙伴。
5.1. 全球伙伴关系
　　我们对外政策的根基在于与最紧密的
伙伴进行协调，这同样构成德中相处和德
国对华政策的基础。 跨大西洋联盟及与美
国的包括在七国集团框架内的密切和互信
的伙伴关系，对欧盟和德国具有突出的意
义。
　　诸毗邻国家构成了德国全球伙伴关系
的起始点：我们与 西巴尔干和东欧诸国的
关系尤为丰富紧密。西巴尔干和东欧诸国
的重大关切值得关注，中国施加影响的方
式增多也是一个原因。德国政府期待这些
国家在加入欧盟的进程中，使其对外和安",,
Q19,德国对华战略如何区分“去风险”与“脱钩”，并如何描述中国的伙伴、竞争者和制度性对手三重角色？,zh,parallel-document,phase2_5/de_china_strategy_2023_zh.pdf|phase2_5/de_china_strategy_2023_en.pdf,cc749472-c64e-5555-be8e-5e8a5edb1c4e,7ac8bab9-bf9f-53ae-b5cc-4d30b3a42eca,德国联邦政府的中国战略,德国联邦政府,DE,zh,phase2_5\de_china_strategy_2023_zh.pdf,https://www.auswaertiges-amt.de/en/aussenpolitik/regionaleschwerpunkte/asien/strategy-on-china/2608618,Page 14,,6,9,4,"2. 欧盟共同对华政策框架下德国的中国战略
14
　　成功处理与中国的关系要求投入整个
欧盟的分量。因此德国的对华政策坚定地
以欧盟为导向。这些政策与欧盟共同的对
华政策中的各项目标和根本原则相融合，
是与欧盟伙伴不断密切协商的结果。我们
也将这份阐述德国战略的文件视为对加强
欧盟的对华政策的一致性所做的贡献。
　　在我们对华关系的方方面面中，多数
都同时包含双边和欧盟这两个维度。我们
在追求自己的利益时会与 欧盟设定的目标
保持一致。与欧盟伙伴加强沟通有益于以
欧盟为整体的策略，也便于欧盟成员国在
多边机制中共同采取行动。
　　德中两国的双边对话也是欧盟伙伴与
中国对话的补充和加强。德国政府会继续
阐明，对于那些权限属于欧盟的问题，德
国不可能是中国的谈判伙伴。
　　德中交往和政府磋商也是推进欧盟对
华关系纲领的一个机会。我们会在政府磋
商的筹备过程中进行欧盟范围内的磋商。
我们也会向欧盟伙伴通报政府磋商的结
果。我们将审视，在哪些双边会谈中邀请
个别欧盟伙伴或欧盟机构参与进来会有所
助益。
　　只有其诉求得到全体成员国支持的、
行动一致的欧盟才能在与中国的合作中取
得成果，在与中国的经济竞争和制度性对
立中经受得住考验。因此欧盟内部密切、
透明的协商具有重大意义。欧盟在共同外
交和安全政策方面必须提高决策效率，包
括更多地采用特定多数表决制。
　　我们将积极支持欧盟对外行动署争取
成员国合意的努力，以就关键议题提出富
有雄心的声明。如果事关严重侵犯人权或
破坏基于规则的国际秩序的行为，欧盟不
能沉默。我们还与欧盟之外的伙伴一起就
敏感议题发表意见。 我们会坚持这种做法。
　　正因为与中国有着密切的、千丝万缕
的联系，德国在贯彻实现 欧洲的经济利益
时负有特殊的责任。我们将更多地利用我
们国家间的对话机制讨论欧盟范围的经济
利益。
　　一致性也来自 团结和利益平衡。我们
将向那些蒙受经济或其他压力的成员国家
展示团结。我们不仅在欧盟、而且在联合
国和世贸组织等框架中展示这样的团结。
　　我们希望在欧盟内部就处理对华关系
和欧中合作方面加强 协调。我们赞同在欧
洲理事会和理事会组合中更多地进行相关
辩论，促进对欧盟利益的共同理解，改善
对华行动的一致性。这一点尤其适用于捍
卫基于规则的国际秩序、保护人权、维护
欧盟的经济利益以及那些欧盟作为地缘政
治行为体在整体上需要得到加强的政治领
域。
　　德国政府认同 议会在对华政策立场方
面的重要作用，无论是在欧盟还是在国内
层面上。
　　2020 年达成协议的欧中投资协定 出
于多种原因目前无法获得欧盟理事会的批
准。
　　按照欧洲理事会 2020 年 10 月得出
的结论，我们支持在国家和政府首脑及欧
盟机构最高领导的层面上增设一个 新的对",,
Q19,德国对华战略如何区分“去风险”与“脱钩”，并如何描述中国的伙伴、竞争者和制度性对手三重角色？,zh,parallel-document,phase2_5/de_china_strategy_2023_zh.pdf|phase2_5/de_china_strategy_2023_en.pdf,b312d3b0-3d01-586e-a8a5-52097279f7a8,7ac8bab9-bf9f-53ae-b5cc-4d30b3a42eca,德国联邦政府的中国战略,德国联邦政府,DE,zh,phase2_5\de_china_strategy_2023_zh.pdf,https://www.auswaertiges-amt.de/en/aussenpolitik/regionaleschwerpunkte/asien/strategy-on-china/2608618,Page 22,,,5,10,"3. 与中国的双边关系
22
3.4. 双边经济关系
　　经济关系是我们的双边交流中一个重
要的层面。中国仍将是德国经济界的一个
重要市场。德国也是中资企业的一个重要
的销售市场。
　　中国在 1990 年代和 2000 年代初期
的经济政策的特点是对市场友好的 “改革
开放”政策。自那以后，政治利益的贯彻
变得越来越重要。加强中国共产党的控制
被置于首位。这在新冠病毒全球大流行病
期间体现得尤为突出。
　　与中国脱钩并不是德国政府的目的。
我们要保持与中国 纵横交错 的经济联系。
但是我们要减少关键领域的 依赖性，以降
低由此带来的风险。疫情暴露了我们的依
赖度，医药技术和药品便是实例。在稀土
和用于能源转型的半成品等领域同样存在
着危险的依赖性。中国以前就在与别国交
往中利用过这种依赖性。台湾海峡的局势
暴露了供应链的脆弱， 特别是半导体领域。
降低风险（De-risking）及多元化的措施
将在第四和第五章做出阐述。
　　在中国，德国企业继续处于劣势，原
因在于对市场准入的限制、被排除在政府
采购项目之外、不平等的竞争条件（如政
府补贴） 、歧视性的行政规定、强制性的
专业知识和技术转让、对知识产权保护不
足，还有产品仿冒。部分做法不符合世贸
组织的法律规定。这些情况首先对德国中
小企业而言是一项挑战。因此德国政府将
不断要求中方就市场环境进行全面的结构
改良。在如何处理这些歧视方面，德国政
府为德国企业提供政治支持。
　　我们将继续开展 德中经济顾问委员会
的工作。
　　欧洲企业对政府采购的参与在中国受
到严重的限制，而欧洲采购市场的大门对
中资企业却是敞开的。我们敦促中国拿出
一项富有雄心的方案加入世贸组织的《政
府采购协定》 。2022 年夏生效的欧盟“国
际采购工具”旨在改善欧盟企业在中国等
第三国获得公共采购订单的可能性。
　　中国的数据立法 为其安全部门提供了
过度的控制权，导致了竞争机会的不均。
继续发展我们的经济关系要求自由的、值
得信赖的、跨越国境的数据流通以及对网
络空间的公平监管。我们也会在双边框架
下争取达到这一目的。
　　欧洲单一市场为中国 货运行业企业所
提供的可能性远远超过中国为欧洲厂商提
供的条件。为使航空和航海交通保持开放
和公平，德国政府要深化交通政策领域的
专业对话。为打造一个经济、社会和生态
可持续的、有韧力和牢固的全球物流链提
供框架条件， 这一点符合我们的共同利益。
在此我们将更多地注意对等的基本原则。
　　与其他经济领域相比， 金融和服务产
业的交流还有许多拓展的潜力。德国政府
主张对等和为欧盟国家的银行保险业及其",,
Q19,德国对华战略如何区分“去风险”与“脱钩”，并如何描述中国的伙伴、竞争者和制度性对手三重角色？,zh,parallel-document,phase2_5/de_china_strategy_2023_zh.pdf|phase2_5/de_china_strategy_2023_en.pdf,feb10d86-e3c8-5b06-8eaf-5476f08ec083,7ac8bab9-bf9f-53ae-b5cc-4d30b3a42eca,德国联邦政府的中国战略,德国联邦政府,DE,zh,phase2_5\de_china_strategy_2023_zh.pdf,https://www.auswaertiges-amt.de/en/aussenpolitik/regionaleschwerpunkte/asien/strategy-on-china/2608618,Page 47,,5,,,"5. 国际合作
47
5.6. 联合国
　　联合国体系是基于规则的国际秩序的
核心。在联合国内处理与中国的关系，包
括寻求与中国的合作，是德国政府的中国
战略的重要组成部分。这样的考量尤以中
国的份量和影响及其作为安理会常任理事
国的责任为依据。
　　联合国依存于其成员国的积极参与。
中国在联合国及其专门机构中日益活跃，
从竞选公职、派遣专家、为维和任务部署
部队直至发起全球性倡议等。德国希望把
握此契机，寻求目标明确地与中国展开 多
边合作 和对话，为我们的立场争取理解，
并在可能的情况下共同支持倡议。德国政
府以此效力于联合国的目标、 联合国宪章、
以及现有的改革进程，如针对维和措施的
改革等。
　　中国为联合国系统的自愿捐款 并不符
合其世界经济地位。
　　德国政府注意到，中国在联合国将其
自身利益置于多边原则之上，并试图通过
新倡议按照自己的设想重塑现有的联合国
政策和纲领。
　　在此背景下，我们与欧洲和国际伙
伴共同审视中国的 全球发展倡议 及其与
2030 年可持续发展议程的关系。德国不
是中国全球发展倡议的成员，但德国政府
就与中国进行务实合作以推动 2030 年议
程的实施保持开放态度。
　　中国在世界范围内积极宣传的 全球安
全倡议可能会按中国的秩序观念改变全球
安全话语。德国政府坚持通过遵守联合国
宪章捍卫全球安全。
　　我们推行积极的人事政策，致力于使
合格候选人的成功征聘不取决于其原籍国
家，并与欧盟和其他伙伴国进行协调。这
也包括积极为来自欧盟和七国集团自己的
候选人进行宣传。我们尊重区域组织内的
适当比例。我们要求所有申请联合国职位
的候选人尊重联合国原则，将其原籍国家
的利益置于联合国系统之后，并信守中立
原则。
　　尊重人权是联合国体系的三大支柱之
一。我们将继续与伙伴一起在 联合国人权
理事会和大会第三委员会，必要时还会在
安全理事会和专门机构就中国的人权状况
发表意见。德国政府关注现有的人权标准
不受削弱以及现有人权公约的批准和实
施——正如我们自己所践行的那样。
　　在欧盟一个中国政策的框架下，德国
支持台湾在国际组织中进行务实合作。此
外，我们还向联合国秘书处倡议，将台湾
的公民社会纳入联合国及其专门机构的活
动中。
　　在提出自己的决议倡议时，我们将更
及时和更实质性地考虑非洲、亚洲和拉丁
美洲等全球伙伴的利益，寻求他们的积极
合作， 为符合联合国宪章的表述争取多数。
德国政府确定若干可以与中国发起三方倡",,
Q19,德国对华战略如何区分“去风险”与“脱钩”，并如何描述中国的伙伴、竞争者和制度性对手三重角色？,zh,parallel-document,phase2_5/de_china_strategy_2023_zh.pdf|phase2_5/de_china_strategy_2023_en.pdf,012a7420-1609-5af7-a0a6-66f37840305e,7ac8bab9-bf9f-53ae-b5cc-4d30b3a42eca,德国联邦政府的中国战略,德国联邦政府,DE,zh,phase2_5\de_china_strategy_2023_zh.pdf,https://www.auswaertiges-amt.de/en/aussenpolitik/regionaleschwerpunkte/asien/strategy-on-china/2608618,Page 7,,,6,,"7
1.
导言
1.1. 德中关系　 .................................................. 　8
1.2. 中国战略的目标 　  ............................................ 　8
1.3. 伙伴、竞争者和制度性对手 　 ................................... 　9
1.4. 我们的价值观和利益 　  ....................................... 　10",,
Q19,德国对华战略如何区分“去风险”与“脱钩”，并如何描述中国的伙伴、竞争者和制度性对手三重角色？,zh,parallel-document,phase2_5/de_china_strategy_2023_zh.pdf|phase2_5/de_china_strategy_2023_en.pdf,5d1748ad-e4d2-536a-884a-1301165b9c25,7ac8bab9-bf9f-53ae-b5cc-4d30b3a42eca,德国联邦政府的中国战略,德国联邦政府,DE,zh,phase2_5\de_china_strategy_2023_zh.pdf,https://www.auswaertiges-amt.de/en/aussenpolitik/regionaleschwerpunkte/asien/strategy-on-china/2608618,Page 5,,,8,,"5
1. 导言　 ........................................................ 　6
2. 欧盟共同对华政策框架下德国的中国战略 　 ........................ 　12
3. 与中国的双边关系　 ........................................... 　16
4. 巩固德国和欧盟　 ............................................. 　28
5. 国际合作　 ................................................... 　40
6. 对华政策的协调与中国能力 　  ................................... 　50",,
Q19,德国对华战略如何区分“去风险”与“脱钩”，并如何描述中国的伙伴、竞争者和制度性对手三重角色？,zh,parallel-document,phase2_5/de_china_strategy_2023_zh.pdf|phase2_5/de_china_strategy_2023_en.pdf,cd7c2bf5-aed8-59fd-9df2-b7f00ff2593d,7ac8bab9-bf9f-53ae-b5cc-4d30b3a42eca,德国联邦政府的中国战略,德国联邦政府,DE,zh,phase2_5\de_china_strategy_2023_zh.pdf,https://www.auswaertiges-amt.de/en/aussenpolitik/regionaleschwerpunkte/asien/strategy-on-china/2608618,Page 48,,9,,,"5. 国际合作
48
议的主题，以明确和扩大中国、欧盟和第 三方之间的交集。
5.7. 安全政策
　　我们越来越多地将中国视为地缘政治
中重要的安全政策行动者，其能力建设和
行为也触及欧洲安全利益。印度—太平洋
地区的局势发展可能会对欧洲—大西洋地
区的安全产生直接影响。
　　中国的军备扩充囊括其核武库及包含
海军在内的所有兵种。这种军备扩充及其
相关行为使印太地区的国家感到不安。为
了加强区域和全球安全构架，中国理应全
面参与多边军控机制。
　　德国欢迎中国重申核战争不可能打
赢、也绝不能发动的立场。
　　德国的安全依赖欧盟的行动能力及其
内部团结、跨大西洋联盟的稳固、我们与
法国的深厚友谊以及与美国紧密而充满信
任的伙伴关系。中国与美国的对抗关系与
上述利益相抵牾。
　　中国与俄罗斯的关系 ，尤其自俄罗斯
入侵乌克兰以来，对德国的安全政策有直
接的影响。在 2022 年 2 月 4 日的共同声
明中，中国和俄罗斯承诺在所有领域明显
加强合作。他们反对北约进一步扩大，并
要求在其周边拥有地区势力范围。
　　俄罗斯入侵乌克兰是对 《联合国宪章》
的彻底违背。中国不仅未能令人信服地捍
卫乌克兰的主权和领土完整，而且拥趸俄
罗斯针对北约的叙事。我们将与中国继续
对话，敦促其表明反对俄罗斯侵略战争的
立场。
　　联合国安全理事会常任理事国对维护
和捍卫《联合国宪章》具有特殊责任。我
们看到，密切的俄中合作使得这一责任难
以履行。德国期待中国以具体行动证实其
对主权、领土完整和《联合国宪章》原则
的承诺。
　　如果中国加强与俄罗斯的 军备合作 ，
特别是如果中国在俄罗斯侵略战争的背景
下向其供应武器，欧盟与中国以及我们两
国的双边关系将直接受到影响。
　　2022 年欧盟制定了战略指南，北约
制定了战略概念。 欧盟和北约之间就对华
政策进行密切协调不可或缺。与此同时，
两个组织在与中国的安全政策问题对话中
均发挥着重要角色。
　　台湾海峡的安全对于该地区及更广泛
区域的和平与稳定至关重要。德国主张缓
和局势。改变台湾海峡现状的前提是和平
和协商一致。军事升级将会影响德国和欧
洲的利益。
　　由于领土争端未解和军事化加剧， 南
中国海局势紧张。我们支持中国与东盟成
员国制定符合《联合国海洋法公约》的、",,
Q19,德国对华战略如何区分“去风险”与“脱钩”，并如何描述中国的伙伴、竞争者和制度性对手三重角色？,zh,parallel-document,phase2_5/de_china_strategy_2023_zh.pdf|phase2_5/de_china_strategy_2023_en.pdf,345c7c0d-f6e8-545f-94ed-e815b97cf306,7ac8bab9-bf9f-53ae-b5cc-4d30b3a42eca,德国联邦政府的中国战略,德国联邦政府,DE,zh,phase2_5\de_china_strategy_2023_zh.pdf,https://www.auswaertiges-amt.de/en/aussenpolitik/regionaleschwerpunkte/asien/strategy-on-china/2608618,Page 20,,10,,,"3. 与中国的双边关系
20
3.2. 议会和民间交往
　　议会和民间交往以及文化和教育交流
是我们与所有国家的双边关系中的核心成
分，对双边关系的广度、深度和稳定性都
有重要影响。议会之间的交流和对话是与
中国的政府间关系的重要补充。
　　我们支持与中国的 议会交往，也乐于
推动这种交往的发展。我们致力于让所有
感兴趣的德国联邦议会和欧洲议会议员都
能前往中国旅行，主张取消针对个别议员
的入境禁令。
　　德国政府致力于使 政治基金会的工作
条件得到改善。这些基金会与台湾的合作
符合我们的一个中国政策。
　　市际和州省伙伴关系 是双边关系的重
要支撑，为双边合作作出了具体的贡献。
它还有助于增加相互理解、推动德中公民
社会交流。德国政府欢迎这些伙伴关系，
也会就此与各联邦州保持密切协调。
　　德中对话论坛是公民社会交流的一个
平台。那里讨论的议题与双方合作的重点
相符，我们愿意让它继续下去。
　　我们致力于在尊重文化自由的基础上
开展紧密的 文化合作 。德国文化推广机
构——特别是歌德学院及其语言学习中
心——的工作条件明显逊于中国在德国的
文化中心。中国文化中心的活动内容完全
不受德国政府机构的任何控制。而德国的
科学、资助和传播机构却在中国面临越来
越多的审查和行政干预。2005 年签署的
《德意志联邦共和国和中华人民共和国 文
化合作协定》是我们解决不断增加的不平
衡的参照点。
　　中国媒体在德国和德国媒体在中国的
工作条件之间也存在着巨大的不平衡。我
们将继续为派遣驻华德国记者提供支持。
我们致力于让“德国之声”的内容可以重
新获准在中国传播，就像中国媒体的内容
可以在德国传播。我们要继续开展双边媒
体对话，并以推动改善德国媒体在中国的
工作条件为目标。
　　德国政府重视双向人际交流，尤其是
前往对方国家旅行和逗留。我们为此提供
现代化的签证程序， 加速和简化申请手续。
我们利用对话的平台争取中方也使签证办
理手续便利化。
　　为加强双边关系、扩充“中国能力” ，
我们支持高校和科研机构间的合作，支持
学生和研究人员的 流动、支持职业教育、
青年和专业人员交流以及青少年福利事业
交流。 我们还争取为受训生提供交流机会。
　　德国联邦政府欢迎两大基督教派的 海
外社区在中国的活动，高度评价它们在与
中国基督教徒的对话中做出的贡献。",,
Q19,德国对华战略如何区分“去风险”与“脱钩”，并如何描述中国的伙伴、竞争者和制度性对手三重角色？,zh,parallel-document,phase2_5/de_china_strategy_2023_zh.pdf|phase2_5/de_china_strategy_2023_en.pdf,3fa8f1e7-2e2d-52ae-8d0f-14b1ea47c778,7ac8bab9-bf9f-53ae-b5cc-4d30b3a42eca,德国联邦政府的中国战略,德国联邦政府,DE,zh,phase2_5\de_china_strategy_2023_zh.pdf,https://www.auswaertiges-amt.de/en/aussenpolitik/regionaleschwerpunkte/asien/strategy-on-china/2608618,Page 12,,,10,,"12
2.
欧盟共同对华政策框架下
德国的中国战略",,
Q20,"How does Germany’s China Strategy define China as partner, competitor and systemic rival, and how does it distinguish de-risking from decoupling?",en,parallel-document,phase2_5/de_china_strategy_2023_en.pdf|phase2_5/de_china_strategy_2023_zh.pdf,fcb237ad-b8f0-5823-8542-9279dcd669c7,a1a70ffe-651a-5128-a659-599647de2566,Strategy on China of the Government of the Federal Republic of Germany,Federal Government of Germany,DE,en,phase2_5\de_china_strategy_2023_en.pdf,https://www.auswaertiges-amt.de/en/aussenpolitik/regionaleschwerpunkte/asien/strategy-on-china/2608618,Page 10,,1,1,1,"main an im-
portant element of bilateral cooperation with
China. The Federal Government is committed to
ensuring that this cooperation becomes fairer,
more sustainable and more reciprocal. China
is Germany’s largest single trading partner, but
whereas China’s dependencies on Europe are
constantly declining, Germany’s dependencies
on China have taken on greater significance
in recent years.
Germany accepts competition with China.
Germany and Europe also compete with many
other partners. Everyone benefits from compe-
tition when it is based on fair rules. It is not our
intention to impede China’s economic progress
and development. At the same time, de-risking is
urgently needed. However, we are not pursuing a
decoupling of our economies.
This systemic rivalry is reflected in the fact that
Germany and China have different concepts of
the principles governing the international order
in important areas. The Federal Government is
observing with concern how China is endeavour-
ing to influence the international order in line
with the interests of its single-party system and
thus to relativise the foundations of the rules-
based international order, such as the status
of human rights.",,
Q20,"How does Germany’s China Strategy define China as partner, competitor and systemic rival, and how does it distinguish de-risking from decoupling?",en,parallel-document,phase2_5/de_china_strategy_2023_en.pdf|phase2_5/de_china_strategy_2023_zh.pdf,2256d395-f548-513c-8d17-ac250af258ed,a1a70ffe-651a-5128-a659-599647de2566,Strategy on China of the Government of the Federal Republic of Germany,Federal Government of Germany,DE,en,phase2_5\de_china_strategy_2023_en.pdf,https://www.auswaertiges-amt.de/en/aussenpolitik/regionaleschwerpunkte/asien/strategy-on-china/2608618,Page 34,,,2,6,".
In view of this, unfair practices on the part of
China can have a negative impact on our  security,
sovereignty and prosperity. We must address this
threat in Germany and at European level with
suitable means.
In addition to improving the regulatory frame-
work in Germany and Europe, de-risking is
necessary. This refers to reducing dependencies
in critical areas, keeping geopolitical aspects
in mind when taking economic decisions, and
increasing our resilience. De-risking involves a
range of different measures, which are ex-
plained below. We consider de-risking to be an
expedient supplement to our actual strength,
namely the openness of our political, economic
and social system.",,
Q20,"How does Germany’s China Strategy define China as partner, competitor and systemic rival, and how does it distinguish de-risking from decoupling?",en,parallel-document,phase2_5/de_china_strategy_2023_en.pdf|phase2_5/de_china_strategy_2023_zh.pdf,bc8d9ebf-ecfc-51cd-b94f-0e71e2cd93a2,a1a70ffe-651a-5128-a659-599647de2566,Strategy on China of the Government of the Federal Republic of Germany,Federal Government of Germany,DE,en,phase2_5\de_china_strategy_2023_en.pdf,https://www.auswaertiges-amt.de/en/aussenpolitik/regionaleschwerpunkte/asien/strategy-on-china/2608618,Page 10,,2,,7,"1. Introduct Ion
10
1.3.  Partner, competitor, systemic rival
China exerts a crucial influence on all key issues
relating to our world order. The Federal Govern-
ment is seeking to cooperate with China, partic-
ularly as an essential actor in solving key global
challenges. China is the biggest emitter of CO2
worldwide. It will not be possible to overcome
the climate crisis without China. Its actions are
decisive for the preservation of biological diversi-
ty and the environment. At the same time, China
is the biggest producer of renewable energies.
The Federal Government is encouraging China
to live up to its global responsibility as China’s
climate and environmental policy decisions have
an impact on the entire world.
China can be a crucial actor in sustainable de-
velopment, global health and the prevention
of pandemics, as well as for the provision of
further global public goods. The Federal Gov-
ernment will seize the opportunities afforded
by cooperation.
Economic and trade relations remain an im-
portant element of bilateral cooperation with
China. The Federal Government is committed to
ensuring that this cooperation becomes fairer,",,
Q20,"How does Germany’s China Strategy define China as partner, competitor and systemic rival, and how does it distinguish de-risking from decoupling?",en,parallel-document,phase2_5/de_china_strategy_2023_en.pdf|phase2_5/de_china_strategy_2023_zh.pdf,cc190c76-d4f0-507f-824e-4b6f29149364,a1a70ffe-651a-5128-a659-599647de2566,Strategy on China of the Government of the Federal Republic of Germany,Federal Government of Germany,DE,en,phase2_5\de_china_strategy_2023_en.pdf,https://www.auswaertiges-amt.de/en/aussenpolitik/regionaleschwerpunkte/asien/strategy-on-china/2608618,Page 11,,4,4,2,"1. Introduct Ion
11
China’s conduct and decisions have caused the
elements of rivalry and competition in our
relations to increase in recent years. This has
prompted the Federal Government to recalibrate
its cooperation with China and its approach to
the challenges bound up with this, both bilat-
erally and in the European context. The Federal
Government places its trust in the strength of
Germany’s and Europe’s democratic basic order
and social market economy.
Systemic rivalry with China does not mean that
we cannot cooperate. On the contrary, the Feder-
al Government is seeking to cooperate with Chi-
na on the basis of fair conditions. Cooperation
with China is thus a fundamental element of the
Federal Government’s Strategy on China.
However, the Federal Government never loses
sight of the fact that differences with China
relate to the Chinese Government’s political
actions. With its huge diversity, China has made
great achievements, which are admired also in
Germany. Exchange with Chinese society is
enriching for both Germany and China. Our two
countries are linked by Chinese people in Germa-
ny and Germans in China – be it for short visits,",,
Q20,"How does Germany’s China Strategy define China as partner, competitor and systemic rival, and how does it distinguish de-risking from decoupling?",en,parallel-document,phase2_5/de_china_strategy_2023_en.pdf|phase2_5/de_china_strategy_2023_zh.pdf,2bd54453-e138-5f70-91ae-84739c94ec5e,a1a70ffe-651a-5128-a659-599647de2566,Strategy on China of the Government of the Federal Republic of Germany,Federal Government of Germany,DE,en,phase2_5\de_china_strategy_2023_en.pdf,https://www.auswaertiges-amt.de/en/aussenpolitik/regionaleschwerpunkte/asien/strategy-on-china/2608618,Page 7,,,3,8,"7
1.

Introduction
1.1.  German-Chinese relations   .............................................  8
1.2.  Aims of the Strategy on China   ..........................................  9
1.3.  Partner, competitor, systemic rival   .....................................  10
1.4.  Our values and interests   ..............................................  11",,
Q20,"How does Germany’s China Strategy define China as partner, competitor and systemic rival, and how does it distinguish de-risking from decoupling?",en,parallel-document,phase2_5/de_china_strategy_2023_en.pdf|phase2_5/de_china_strategy_2023_zh.pdf,f5c3b9a6-c981-51cf-9876-4fe9e75dcfcf,a1a70ffe-651a-5128-a659-599647de2566,Strategy on China of the Government of the Federal Republic of Germany,Federal Government of Germany,DE,en,phase2_5\de_china_strategy_2023_en.pdf,https://www.auswaertiges-amt.de/en/aussenpolitik/regionaleschwerpunkte/asien/strategy-on-china/2608618,Page 9,,3,9,3,"1. Introduct Ion
9
1.2.  Aims of the Strategy on China
China has changed. As a result of this and Chi-
na’s political decisions, we need to change our
approach to China. The Federal Government
will, together in Europe and with international
partners, define new parameters under which
Germany’s interests will be upheld in its coop-
eration with China, while living up to our global
responsibility.
This strategy for our approach to China and the
challenges arising from China comprises three
dimensions: bilateral relations with China,
strengthening Germany and the EU, and interna-
tional cooperation.
Its aims are as follows:
• to present the Federal Government’s views on the status of and prospects for rela-
tions with China;
• to enable the Federal Government to assert our values and interests more effectively
in the complex relationship with China;
• to present means and instruments by which the Federal Government can work with
China, without endangering Germany’s free and democratic way of life, our sover-
eignty and prosperity, as well as our security and partnerships with others;
• to provide the framework within which our Federal Ministries can give coherence to",,
Q20,"How does Germany’s China Strategy define China as partner, competitor and systemic rival, and how does it distinguish de-risking from decoupling?",en,parallel-document,phase2_5/de_china_strategy_2023_en.pdf|phase2_5/de_china_strategy_2023_zh.pdf,7a3767fd-9c6d-519b-a9b2-f2acbf86a7b2,a1a70ffe-651a-5128-a659-599647de2566,Strategy on China of the Government of the Federal Republic of Germany,Federal Government of Germany,DE,en,phase2_5\de_china_strategy_2023_en.pdf,https://www.auswaertiges-amt.de/en/aussenpolitik/regionaleschwerpunkte/asien/strategy-on-china/2608618,Page 34,,8,6,4,"4. stren Gthen InG Germany and the eu
34
Increasing competition and systemic rivalry with
China require new efforts in Germany and the
EU to strengthen our economy, competitiveness
and technological sovereignty, as well as to pro-
tect our open societies and assert our interests
vis-à-vis China.
China is a serious competitor for German and
European business. China has already achieved
a market-leading role in a number of areas; a
range of state measures and a strongly protect-
ed market are playing an important role in this
regard. Business, science and politics are closely
connected in China’s actions.
Strategies (Made in China 2025, Dual Circulation)
and statements by the Chinese leadership (e. g.
President Xi to party committees in 2020) indi-
cate that China is seeking to create economic and
technological dependencies with a view to using
these to assert political objectives and interests.
At the same time, China, citing security interests,
is working to make itself more independent from
foreign contributions and supplies.
In view of this, unfair practices on the part of
China can have a negative impact on our  security,
sovereignty and prosperity. We must address this",,
Q20,"How does Germany’s China Strategy define China as partner, competitor and systemic rival, and how does it distinguish de-risking from decoupling?",en,parallel-document,phase2_5/de_china_strategy_2023_en.pdf|phase2_5/de_china_strategy_2023_zh.pdf,0edb4a30-8803-59e7-9fea-dee569268056,a1a70ffe-651a-5128-a659-599647de2566,Strategy on China of the Government of the Federal Republic of Germany,Federal Government of Germany,DE,en,phase2_5\de_china_strategy_2023_en.pdf,https://www.auswaertiges-amt.de/en/aussenpolitik/regionaleschwerpunkte/asien/strategy-on-china/2608618,Page 25,,,5,9,"3. BI lateral relat Ions w I th c h I na
25
exerted by the CCP is in the foreground in this
regard. This became clear especially during the
COVID-19 pandemic.
The Federal Government is not seeking to engage
in any decoupling with China. We want to pre-
serve our close economic ties with the country.
However, we want to become less dependent in
critical sectors in order to reduce the risks they
entail. The pandemic revealed our dependencies,
e. g. in the field of medical technology and me-
dicinal products. There are also critical depen-
dencies in other important sectors, such as rare
earths and preliminary products that we need for
the energy transition, and China has exploited
other countries’ dependencies in the past. The
situation in the Taiwan Strait shows how vul-
nerable supply chains are, particularly as regards
semiconductors. De-risking and diversification
measures are explained in Chapters 4 and 5.
German companies continue to face disadvan-
tages in China, including as a result of restricted
market access and investment opportunities,
exclusion from public procurement, and unequal
competition e. g. through public subsidies, reg-",,
Q20,"How does Germany’s China Strategy define China as partner, competitor and systemic rival, and how does it distinguish de-risking from decoupling?",en,parallel-document,phase2_5/de_china_strategy_2023_en.pdf|phase2_5/de_china_strategy_2023_zh.pdf,723fe37f-9cfd-537e-b5b9-706a386402f3,a1a70ffe-651a-5128-a659-599647de2566,Strategy on China of the Government of the Federal Republic of Germany,Federal Government of Germany,DE,en,phase2_5\de_china_strategy_2023_en.pdf,https://www.auswaertiges-amt.de/en/aussenpolitik/regionaleschwerpunkte/asien/strategy-on-china/2608618,Page 16,,6,10,5,"2. Germany’s strate Gy on c h I na as part of the jo I nt eu pol Icy on c h I na
16
A successful approach to China requires Europe
as a whole to bring its influence to bear. The
Federal Government is thus aligning its policy
on China with that of Europe’s. This policy is
embedded in the aims and principles of the EU’s
common policy on China and based on constant
close coordination with EU partners. We regard
this German strategy document as a means of
enhancing a coherent European policy on China.
Most aspects of Germany’s relations with China
have both a bilateral and a European dimension.
We are pursuing our interests in accordance with
the EU’s objectives. Closer coordination with
EU partners fosters a pan-European approach;
it also, for example, facilitates joint action by EU
member states in multilateral forums.
Germany’s bilateral talks with China are also
intended to complement and reinforce our EU
partners’ talks. The Federal Government will
continue to make it clear that it cannot be a ne-
gotiating partner for China on matters for which
the EU is responsible.
German-Chinese meetings and intergovern-
mental consultations are also an opportu-",,
Q20,"How does Germany’s China Strategy define China as partner, competitor and systemic rival, and how does it distinguish de-risking from decoupling?",en,parallel-document,phase2_5/de_china_strategy_2023_en.pdf|phase2_5/de_china_strategy_2023_zh.pdf,75aa8c09-05df-58f2-9d56-ca2d628e80a3,a1a70ffe-651a-5128-a659-599647de2566,Strategy on China of the Government of the Federal Republic of Germany,Federal Government of Germany,DE,en,phase2_5\de_china_strategy_2023_en.pdf,https://www.auswaertiges-amt.de/en/aussenpolitik/regionaleschwerpunkte/asien/strategy-on-china/2608618,Page 8,,5,,10,"to make it less
dependent on other countries, while making
international production chains more depen-
dent on China. While some liberalisation steps
have been taken, the conditions for access to
the Chinese market in other important sectors
have been tightened. This is reflected in our
bilateral trade.
In terms of foreign policy, China is pursuing
its own interests far more assertively and is at-
tempting in various ways to reshape the existing
rules-based international order. This is having an
impact on European and global security.
At the same time, China is an essential partner as
regards global challenges.
Against this backdrop, China is  simultaneously a
partner, competitor and systemic rival for the
Federal Government. Our Strategy on  China is
firmly rooted in the common policy on China
of the EU.",,
Q20,"How does Germany’s China Strategy define China as partner, competitor and systemic rival, and how does it distinguish de-risking from decoupling?",en,parallel-document,phase2_5/de_china_strategy_2023_en.pdf|phase2_5/de_china_strategy_2023_zh.pdf,096a56d9-6b95-5bdc-8017-e964d7c05e2c,a1a70ffe-651a-5128-a659-599647de2566,Strategy on China of the Government of the Federal Republic of Germany,Federal Government of Germany,DE,en,phase2_5\de_china_strategy_2023_en.pdf,https://www.auswaertiges-amt.de/en/aussenpolitik/regionaleschwerpunkte/asien/strategy-on-china/2608618,Page 60,,,7,,"State Secretaries, coor-
dination efforts will be conducted on a regular
basis between the Ministries.
The Federal Government will regularly report on
the implementation of the Strategy on China. Its
evaluations of the Strategy will involve the Ger-
man Bundestag and other key stakeholders.
These key stakeholders particularly include the
Länder. During regular meetings between the
Federation and the Länder, we will place topics
relating to China that also concern the Länder on
the agenda. The Federal Government supports
these meetings through exchanges and addition-
al measures at the level of experts.
The Federal Government will establish a contin-
uous exchange with business associations, com-
panies and trade unions on the implementation
of the Strategy on China, so as to consistently
develop German-Chinese business relations.
We support universities, the German Rectors’
Conference, non-university research institu-
tions and the Alliance of Science Organisations
in Germany in their efforts to deal with Chinese
institutions in a coordinated way. We support the
networking at European level of German science
organisations. We are continuing our intermin-",,
Q20,"How does Germany’s China Strategy define China as partner, competitor and systemic rival, and how does it distinguish de-risking from decoupling?",en,parallel-document,phase2_5/de_china_strategy_2023_en.pdf|phase2_5/de_china_strategy_2023_zh.pdf,32abbe8e-194a-5239-b754-351781dcfb92,a1a70ffe-651a-5128-a659-599647de2566,Strategy on China of the Government of the Federal Republic of Germany,Federal Government of Germany,DE,en,phase2_5\de_china_strategy_2023_en.pdf,https://www.auswaertiges-amt.de/en/aussenpolitik/regionaleschwerpunkte/asien/strategy-on-china/2608618,Page 54,,7,,,"5. Internat Ional cooperat Ion
54
5.6.  United Nations
The United Nations system is at the very core of
the rules-based international order. Dealing with
China in the UN, as well as seeking to cooperate
with China, are key aspects of the Federal Gov-
ernment’s Strategy on China. This is particularly
true in view of China’s clout and influence, but
also considering its responsibility as a Permanent
Member of the Security Council.
The UN runs on the engagement of its mem-
ber countries. China is becoming increasingly
active in the UN and its specialised agencies,
by nominating candidates, seconding expert
personnel, and providing troops for UN-led
peace missions, as well as by launching global
initiatives. Germany wants to respond to this
engagement by specifically seeking multilateral
cooperation with China, as well as by engaging
in dialogue, promoting understanding for our
positions and, where possible, supporting joint
initiatives. The Federal Government will there-
by be advancing the aims of the United Nations
and the UN Charter, as well as those of existing
reform processes, e.  g. with regard to peace -
keeping operations.
China’s voluntary contributions to the UN",,
Q20,"How does Germany’s China Strategy define China as partner, competitor and systemic rival, and how does it distinguish de-risking from decoupling?",en,parallel-document,phase2_5/de_china_strategy_2023_en.pdf|phase2_5/de_china_strategy_2023_zh.pdf,eb708f2d-1e99-56b5-b27f-969392d822de,a1a70ffe-651a-5128-a659-599647de2566,Strategy on China of the Government of the Federal Republic of Germany,Federal Government of Germany,DE,en,phase2_5\de_china_strategy_2023_en.pdf,https://www.auswaertiges-amt.de/en/aussenpolitik/regionaleschwerpunkte/asien/strategy-on-china/2608618,Page 38,,,8,,"4. stren Gthen InG Germany and the eu
38
4.4.  Risks on the Chinese market
Many German companies have been successfully
doing business in China for decades. With Chi-
na’s economic growth, the share of business with
China in the international business operations of
German companies has increased steadily. The
Chinese market continues to be of great impor-
tance for many companies owing to its share of
the global market, its dynamism and innova-
tiveness and the good cooperation with people
working for German companies in China.
The Dual Circulation  industrial policy strate-
gy sets out objectives that are leading to greater
economic independence for China while at the
same time increasing asymmetrical dependen-
cies abroad. A unilateral reduction of China’s
dependence on German exports is not in Ger-
many’s interests. We are therefore committed to
removing market-distorting and discriminatory
practices in China.
The further China moves away from the norms
and rules of the rulesbased international order,
the more critical dependencies on the Chinese
market, also on the part of individual sectors
or companies, can prove to be a problem. The",,
Q20,"How does Germany’s China Strategy define China as partner, competitor and systemic rival, and how does it distinguish de-risking from decoupling?",en,parallel-document,phase2_5/de_china_strategy_2023_en.pdf|phase2_5/de_china_strategy_2023_zh.pdf,8bcc526b-8620-5c57-b908-5629d372129a,a1a70ffe-651a-5128-a659-599647de2566,Strategy on China of the Government of the Federal Republic of Germany,Federal Government of Germany,DE,en,phase2_5\de_china_strategy_2023_en.pdf,https://www.auswaertiges-amt.de/en/aussenpolitik/regionaleschwerpunkte/asien/strategy-on-china/2608618,Page 26,,9,,,"e CO2 emissions.
Numerous permits for new coal-fired  power
plants are continuing to be issued in China.
Despite announcing that it does not intend to
finance any new coal-fired power plants overseas,
China remains the world’s biggest financer of
coal also abroad. The Federal Government there-
fore intends to conduct an intensive dialogue
with China on phasing out coal. Moreover, we
are seeking an exchange with China on how cli-
mate protection measures can be designed in a
socially just way.
Climate and environmental protection require
cooperation in science and research as well as the
deployment of green technologies around the
world. According to the International Renew-
able Energy Agency (IRENA), China had installed
almost half of the world’s generation capacity in
the area of renewable energies in 2022. China is",,
Q20,"How does Germany’s China Strategy define China as partner, competitor and systemic rival, and how does it distinguish de-risking from decoupling?",en,parallel-document,phase2_5/de_china_strategy_2023_en.pdf|phase2_5/de_china_strategy_2023_zh.pdf,c0bc9e55-7256-5b12-a460-02f3406c0a8b,a1a70ffe-651a-5128-a659-599647de2566,Strategy on China of the Government of the Federal Republic of Germany,Federal Government of Germany,DE,en,phase2_5\de_china_strategy_2023_en.pdf,https://www.auswaertiges-amt.de/en/aussenpolitik/regionaleschwerpunkte/asien/strategy-on-china/2608618,Page 60,,10,,,"6. coord I nat I n G pol Icy and B u I ldI n G expert I se on c h I na
60
6.1.  Coordination
Germany’s political system is characterised by
diversity, as well as a variety of levels and remits
of authority. The Chinese political system, by
contrast, is built on centralised control of all
levels and spheres; relations with Germany, too,
are steered in a centralised way. To obtain its ob-
jectives, China pursues efforts in Germany on all
levels – Federal, Land and municipal – by lobby-
ing state and non-state actors.
So that Germany’s diversity and decentralised
structure does not place us at a disadvantage in
our dealings with China, the Federal Govern-
ment aims to increase, within current structures,
coordination regarding its policy on China.
For the purpose of managing and implement-
ing the Strategy on China, regular meetings on
China are being established at the level of State
Secretaries. This format will also ensure that we
maintain appropriate strategic situational aware-
ness. Below the level of State Secretaries, coor-
dination efforts will be conducted on a regular
basis between the Ministries.
The Federal Government will regularly report on",,
Q21,Compare China’s interim rules for public generative-AI services with the EU AI Act’s obligations for general-purpose AI model providers.,en,comparative,phase2_5/cn_genai_interim_measures_2023.html|phase2_5/eu_ai_act_2024_en.pdf,362b0642-6657-59f3-a247-c25f4361a97e,e564bfe4-14df-59e7-8194-196f0b7042ed,Regulation (EU) 2024/1689 (Artificial Intelligence Act),European Parliament and Council of the European Union,EU,en,phase2_5\eu_ai_act_2024_en.pdf,https://eur-lex.europa.eu/legal-content/EN/TXT/?uri=CELEX:32024R1689,Page 117,,,1,1,"nt t o this Ar ticle and of any litig ation or judicial proceedings it has initiated.
Ar ticle 101
Fin es for pro viders of general-pur pose AI models
1. The Commission ma y impose on provid ers of general-pur pose AI models fines not ex ceeding 3 % of their annual total
wo rldwide tur nove r in the preceding financial y ear or EUR 15 000 000, whichever is higher ., when the Commission finds
that the provider intent ionally or neg ligently:
(a) infr inged the relevant provisions of this Regulation;
(b) f ailed to comply with a request f or a document or f or inf or mation pursuant to Ar ticle 91, or supplied incor rect,
incom plete or misleading inf or mation;
(c) f ailed to comp ly with a measure request ed under Ar ticle 93;
OJ L, 12.7.2024
EN
ELI: http://data.europa.eu/eli/reg/2024/1689/oj 117/144",,
Q21,Compare China’s interim rules for public generative-AI services with the EU AI Act’s obligations for general-purpose AI model providers.,en,comparative,phase2_5/cn_genai_interim_measures_2023.html|phase2_5/eu_ai_act_2024_en.pdf,39d12de0-3484-5243-aad3-ae46d82ec1a3,a1a70ffe-651a-5128-a659-599647de2566,Strategy on China of the Government of the Federal Republic of Germany,Federal Government of Germany,DE,en,phase2_5\de_china_strategy_2023_en.pdf,https://www.auswaertiges-amt.de/en/aussenpolitik/regionaleschwerpunkte/asien/strategy-on-china/2608618,Page 28,,1,,2,"extent.
The Federal Government is committed to ensur-
ing that China plays a bigger role in supporting
multilateral funds for overcoming global chal-
lenges in the future. We are calling on China, in
its capacity as a creditor, to offer debt-for-climate
swaps and debt-for-nature swaps.
At Germany’s initiative, the EU tabled a motion
in 2016 in the Commission for the Conservation of
Antarctic Marine Living Resources for establishing
a marine protected area in the Weddell Sea. The
Federal Government is actively lobbying for Chi-
na to lend its support to this motion.
The International Treaty on Plant Genetic Re -
sources for Food and Agriculture  entered into
force in 2004 and is thus the first legally binding
agreement for implementing the CBD. We are
calling for China’s rapid accession to this treaty.
China is the world’s biggest producer of plastics
and is responsible for a substantial proportion
of plastic litter pollution of the environment
worldwide. We are seeking a dialogue with
China on the negative impacts of a non-sus-
tainable use of plastic and its impacts on litter
pollution around the world. Cooperation and
intensive exchange with China are also essential",,
Q21,Compare China’s interim rules for public generative-AI services with the EU AI Act’s obligations for general-purpose AI model providers.,en,comparative,phase2_5/cn_genai_interim_measures_2023.html|phase2_5/eu_ai_act_2024_en.pdf,723fe37f-9cfd-537e-b5b9-706a386402f3,a1a70ffe-651a-5128-a659-599647de2566,Strategy on China of the Government of the Federal Republic of Germany,Federal Government of Germany,DE,en,phase2_5\de_china_strategy_2023_en.pdf,https://www.auswaertiges-amt.de/en/aussenpolitik/regionaleschwerpunkte/asien/strategy-on-china/2608618,Page 16,,2,,3,"2. Germany’s strate Gy on c h I na as part of the jo I nt eu pol Icy on c h I na
16
A successful approach to China requires Europe
as a whole to bring its influence to bear. The
Federal Government is thus aligning its policy
on China with that of Europe’s. This policy is
embedded in the aims and principles of the EU’s
common policy on China and based on constant
close coordination with EU partners. We regard
this German strategy document as a means of
enhancing a coherent European policy on China.
Most aspects of Germany’s relations with China
have both a bilateral and a European dimension.
We are pursuing our interests in accordance with
the EU’s objectives. Closer coordination with
EU partners fosters a pan-European approach;
it also, for example, facilitates joint action by EU
member states in multilateral forums.
Germany’s bilateral talks with China are also
intended to complement and reinforce our EU
partners’ talks. The Federal Government will
continue to make it clear that it cannot be a ne-
gotiating partner for China on matters for which
the EU is responsible.
German-Chinese meetings and intergovern-
mental consultations are also an opportu-",,
Q21,Compare China’s interim rules for public generative-AI services with the EU AI Act’s obligations for general-purpose AI model providers.,en,comparative,phase2_5/cn_genai_interim_measures_2023.html|phase2_5/eu_ai_act_2024_en.pdf,c82f47ea-d1d5-5f15-b666-5c6c595e928f,e564bfe4-14df-59e7-8194-196f0b7042ed,Regulation (EU) 2024/1689 (Artificial Intelligence Act),European Parliament and Council of the European Union,EU,en,phase2_5\eu_ai_act_2024_en.pdf,https://eur-lex.europa.eu/legal-content/EN/TXT/?uri=CELEX:32024R1689,Page 41,,,2,4,"uc h cases, the procedure regarding mutual assistance in cross-border
cases in Chapt er VI of Regulation (EU) 2019/1020 should apply mutatis mutandis.
(162) T o mak e best use of the centralised Uni on exper tise and synergies at Uni on level, the po wers of super vision and
enf orcement of the obliga tions on provid ers of g eneral-pur pose AI models should be a comp etence of the
Commission. The AI Office should be able to car r y out all necessar y actions t o monitor the effe ctive im plementation
of this Regulation as rega rds general-pur pose AI models. It should be able to in vestigat e possible infr ingements of
the r ules on providers of general-pur pose AI models both on its ow n initiative, f ollowing the results of its
monito r ing activities, or upon request from market sur veillance author ities in line with the conditions set out in this
Regulation. T o suppor t effe ctive monitoring of the AI Offi ce, it should provide f or the possibility that downstream
pro viders lodg e complaints about possible infr ing ements of the r ules on provid ers of g eneral-pur pose AI models and
syste ms.",,
Q21,Compare China’s interim rules for public generative-AI services with the EU AI Act’s obligations for general-purpose AI model providers.,en,comparative,phase2_5/cn_genai_interim_measures_2023.html|phase2_5/eu_ai_act_2024_en.pdf,781c3658-f323-51dc-bf75-ad895bfd6ad2,e564bfe4-14df-59e7-8194-196f0b7042ed,Regulation (EU) 2024/1689 (Artificial Intelligence Act),European Parliament and Council of the European Union,EU,en,phase2_5\eu_ai_act_2024_en.pdf,https://eur-lex.europa.eu/legal-content/EN/TXT/?uri=CELEX:32024R1689,Page 26,,3,,5,", as direct download, or as physica l cop y .
These models ma y be fur ther modif ied or fine -tuned into new models. Although AI models are essential
com ponents of AI systems, they do not constitute AI systems on their own. AI models require the addition of fur ther
com ponents, such as f or exam ple a user inte rface, t o become AI syste ms. AI models are typically integrat ed into and
f or m par t of AI systems. This Regulation provid es specific r ules f or g eneral-pur pose AI models and f or
g eneral-pur pose AI models that pose syste mic r isks , which should apply also when these models are integrat ed or
f or m par t of an AI syste m. It should be understood that the obliga tions f or the providers of gene ral-pur pose AI
models should apply once the g eneral-pur pose AI models are placed on the marke t. When the provid er of
a g eneral-pur pose AI model inte grates an ow n model into its ow n AI syste m that is made ava ilable on the market or
put into ser vice, that model should be considered to be placed on the marke t and, theref ore, the obliga tions in this",,
Q21,Compare China’s interim rules for public generative-AI services with the EU AI Act’s obligations for general-purpose AI model providers.,en,comparative,phase2_5/cn_genai_interim_measures_2023.html|phase2_5/eu_ai_act_2024_en.pdf,b9eaacf4-1aff-5187-a0b2-0ad530b49332,e564bfe4-14df-59e7-8194-196f0b7042ed,Regulation (EU) 2024/1689 (Artificial Intelligence Act),European Parliament and Council of the European Union,EU,en,phase2_5\eu_ai_act_2024_en.pdf,https://eur-lex.europa.eu/legal-content/EN/TXT/?uri=CELEX:32024R1689,Page 28,,,3,6,"mining, under cer tain conditions. Und er these r ules, r ightsholders ma y choose to reser ve their r ights over their
w ork s or other subject matter to prevent te xt and data mining, unless this is done f or the pur poses of scientific
researc h. Where the r ights to op t out has been expressly reser ved in an appropr iate manner , provid ers of
g eneral-pur pose AI models need to obtain an author isation from r ightsholders if the y want to car r y out t ext and
data mining ove r suc h w ork s.
(106) Provi ders that place g eneral-pur pose AI models on the Union market should ensure com pliance with the relevant
oblig ations in this Regulation. T o that end, providers of g eneral-pur pose AI models should put in place a policy to
com ply with Uni on law on cop yr ight and related r ights, in par ticular to identify and com ply with the reser vation of
r ights expressed b y r ightsholders pursuant to Ar ticle 4(3) of Directive (EU) 2019/790. Any provider placing
a g eneral-pur pose AI model on the Uni on market should comply with this obligation, regard less of the jur isdiction",,
Q21,Compare China’s interim rules for public generative-AI services with the EU AI Act’s obligations for general-purpose AI model providers.,en,comparative,phase2_5/cn_genai_interim_measures_2023.html|phase2_5/eu_ai_act_2024_en.pdf,874f3467-3aa7-589c-bbd6-ca932d393000,e564bfe4-14df-59e7-8194-196f0b7042ed,Regulation (EU) 2024/1689 (Artificial Intelligence Act),European Parliament and Council of the European Union,EU,en,phase2_5\eu_ai_act_2024_en.pdf,https://eur-lex.europa.eu/legal-content/EN/TXT/?uri=CELEX:32024R1689,Page 29,,4,,7,"AI model with systemic r isks .
A g eneral-pur pose AI model that meets the applicable threshold f or high-imp act capabilities should be presumed to
be a g eneral-pur pose AI models with syste mic r isk. The provid er should notify the AI Offi ce at the latest tw o weeks
af te r the requirements are met or it becomes kno wn that a general-pur pose AI model will meet the requirements
that lead to the presump tion. This is especially relevant in relation to the threshold of f loating point operations
because training of gene ral-pur pose AI models take s considerable planning which includes the upfront allocation of
com pute resources and, theref ore, provid ers of g eneral-pur pose AI models are able to kno w if their model w ould
meet the threshold bef ore the training is complet ed. In the cont ext of that notif ication, the provid er should be able to
demonstrat e that, because of its specif ic ch aracter istics, a g eneral-pur pose AI model ex ceptionally does not present
syste mic r isks , and that it thus should not be classified as a g eneral-pur pose AI model with syste mic r isk s. That",,
Q21,Compare China’s interim rules for public generative-AI services with the EU AI Act’s obligations for general-purpose AI model providers.,en,comparative,phase2_5/cn_genai_interim_measures_2023.html|phase2_5/eu_ai_act_2024_en.pdf,e7f886b6-2c3c-526c-abfa-6a93f0494610,e564bfe4-14df-59e7-8194-196f0b7042ed,Regulation (EU) 2024/1689 (Artificial Intelligence Act),European Parliament and Council of the European Union,EU,en,phase2_5\eu_ai_act_2024_en.pdf,https://eur-lex.europa.eu/legal-content/EN/TXT/?uri=CELEX:32024R1689,Page 28,,,4,8,"2019/790. Any provider placing
a g eneral-pur pose AI model on the Uni on market should comply with this obligation, regard less of the jur isdiction
in which the cop yr ight-relevant acts under pinning the training of those general-pur pose AI models take place. This
is necessar y to ensure a level pla ying fie ld among provider s of gene ral-pur pose AI models where no provider should
be able t o g ain a comp etitive advantage in the Union market by applying lower cop yr ight standards than those
pro vided in the Uni on.
(107) In order to increase transparency on the data that is used in the pre-training and training of general-pur pose AI
models, including text and data protect ed by cop yr ight law , it is adequate that provid ers of suc h models draw up and
mak e publicly a vailable a sufficiently detailed summar y of the content used f or training the g eneral-pur pose AI
model. While taking into due account the need to protect trade secrets and conf idential business inf or mation, this
summar y should be g enerally comp rehensive in its scope instead of te ch nically detailed to facilitat e par ties with",,
Q21,Compare China’s interim rules for public generative-AI services with the EU AI Act’s obligations for general-purpose AI model providers.,en,comparative,phase2_5/cn_genai_interim_measures_2023.html|phase2_5/eu_ai_act_2024_en.pdf,2db2346a-a5bd-5ef7-adb4-cbb021a10a42,e564bfe4-14df-59e7-8194-196f0b7042ed,Regulation (EU) 2024/1689 (Artificial Intelligence Act),European Parliament and Council of the European Union,EU,en,phase2_5\eu_ai_act_2024_en.pdf,https://eur-lex.europa.eu/legal-content/EN/TXT/?uri=CELEX:32024R1689,Page 30,,,5,9,"im por tant with regard to general-pur pose AI models that are planned t o be released as open-source, given that, af ter
the open-source model release, necessar y measures to ensure compliance with the obliga tions under this Regulation
ma y be more diffic ult to imp lement.
(113) If the Commission becomes awar e of the f act that a general-pur pose AI model meets the requirements to classify as
a g eneral-pur pose AI model with syste mic r isk, which previously had either not been kno wn or of which the
relevant provider has f ailed to notify the Commission, the Commission should be empo wered to designate it so.
A system of qualified aler ts should ensure that the AI Offi ce is made aw are by the scientifi c panel of g eneral-pur pose
AI models that should possibly be classified as g eneral-pur pose AI models with syste mic r isk, in addition to the
monito r ing activities of the AI Off ice.
(114) The pro viders of g eneral-pur pose AI models presenting syste mic r isks should be subject, in addition t o the
oblig ations provid ed f or provid ers of g eneral-pur pose AI models, to oblig ations aimed at identifying and mitig ating",,
Q21,Compare China’s interim rules for public generative-AI services with the EU AI Act’s obligations for general-purpose AI model providers.,en,comparative,phase2_5/cn_genai_interim_measures_2023.html|phase2_5/eu_ai_act_2024_en.pdf,5392bdc8-3fae-55b2-add8-2d529b6a2e3b,e564bfe4-14df-59e7-8194-196f0b7042ed,Regulation (EU) 2024/1689 (Artificial Intelligence Act),European Parliament and Council of the European Union,EU,en,phase2_5\eu_ai_act_2024_en.pdf,https://eur-lex.europa.eu/legal-content/EN/TXT/?uri=CELEX:32024R1689,Page 84,,5,,10,"ional law .
SECTION 2
Oblig ations f or providers of g ener al-pur pose AI models
Ar ticle 53
Obligations for pro viders of general-pur pose AI models
1. Providers of g eneral-pur pose AI models shall:
(a) dra w up and keep up-to-da te the te chnical documentation of the model, including its training and testing process and
the results of its evaluation, which shall contain, at a minimum, the inf or mation set out in Annex XI f or the pur pose of
provid ing it, upon request, to the AI Office and the national compet ent author ities;
(b) dra w up, keep up-to-da te and mak e a vailable inf or mation and documentation t o provid ers of AI syste ms who inte nd to
integrat e the g eneral-pur pose AI model into their AI systems. Without prejudice to the need t o obser ve and prot ect
intellect ual proper ty r ights and confidential business inf or mation or trade secrets in accordance with Union and
national law , the inf or mation and documentation shall:
(i) enable provider s of AI syste ms to hav e a good understanding of the capabilities and limitations of the
g eneral-pur pose AI model and to comply with their obligations pursuant to this Regulation; and",,
Q21,Compare China’s interim rules for public generative-AI services with the EU AI Act’s obligations for general-purpose AI model providers.,en,comparative,phase2_5/cn_genai_interim_measures_2023.html|phase2_5/eu_ai_act_2024_en.pdf,19433747-6b8a-5eaf-8c11-91ae5fbbef95,e564bfe4-14df-59e7-8194-196f0b7042ed,Regulation (EU) 2024/1689 (Artificial Intelligence Act),European Parliament and Council of the European Union,EU,en,phase2_5\eu_ai_act_2024_en.pdf,https://eur-lex.europa.eu/legal-content/EN/TXT/?uri=CELEX:32024R1689,Page 50,,6,,,"ral-pur pose AI models;
(65) ‘syst emic r isk’ means a r isk that is specif ic to the high-im pact capabilities of g eneral-pur pose AI models, having
a significant im pact on the Uni on market due t o their reac h, or due to actual or reasonably f oreseeable neg ative effe cts
on public health, safety , public secur ity , fundamental r ights, or the society as a whole, that can be propagat ed at scale
across the value ch ain;
(66) ‘g eneral-pur pose AI syste m’ means an AI syste m which is based on a g eneral-pur pose AI model and which has the
capability to ser ve a var iety of pur poses, both f or direct use as well as f or integrat ion in other AI systems;
(67) ‘f loating-point operation’ means any mathematical operation or assignment in volving f loating-point numbers, which
are a subset of the real numbers typically represente d on comput ers by an integ er of fixed precision scaled by an
inte ger exponent of a fi xe d base;
(68) ‘do wnstream pro vider ’ means a provid er of an AI system, including a g eneral-pur pose AI system, which integrat es an
AI model, rega rdless of whether the AI model is provided by themselves and ver tically integrat ed or provid ed by",,
Q21,Compare China’s interim rules for public generative-AI services with the EU AI Act’s obligations for general-purpose AI model providers.,en,comparative,phase2_5/cn_genai_interim_measures_2023.html|phase2_5/eu_ai_act_2024_en.pdf,75afad1a-2bf1-5a52-9fb1-a66f3aea2e62,e564bfe4-14df-59e7-8194-196f0b7042ed,Regulation (EU) 2024/1689 (Artificial Intelligence Act),European Parliament and Council of the European Union,EU,en,phase2_5\eu_ai_act_2024_en.pdf,https://eur-lex.europa.eu/legal-content/EN/TXT/?uri=CELEX:32024R1689,Page 85,,,6,,"2. The obliga tions set out in paragraph 1, points (a) and (b), shall not apply to providers of AI models that are released
under a free and open-source licence that allo ws f or the access, usage , modif ication, and distr ibution of the model, and
whose paramet ers, including the weights, the inf or mation on the model archit ecture, and the inf or mation on model usage,
are made publicly available . This ex ception shall not apply to g eneral-pur pose AI models with systemic r isks .
3. Providers of g eneral-pur pose AI models shall cooperate as necessar y with the Commission and the national
compet ent author ities in the ex ercise of their comp etences and powers pursuant to this Regulation.
4. Providers of g eneral-pur pose AI models ma y rely on codes of practice within the meaning of Ar ticle 56 to
demonstrate complia nce with the obliga tions set out in paragraph 1 of this Ar ticle, until a har monised standard is
published. Compliance with European har monised standards grants providers the presump tion of conf or mity t o the exte nt
that those standards cover those obliga tions. Providers of g eneral-pur pose AI models who do not adhere to an approved",,
Q21,Compare China’s interim rules for public generative-AI services with the EU AI Act’s obligations for general-purpose AI model providers.,en,comparative,phase2_5/cn_genai_interim_measures_2023.html|phase2_5/eu_ai_act_2024_en.pdf,51fd6e7d-d75a-587c-b3c2-ebb24ab3dcd9,e564bfe4-14df-59e7-8194-196f0b7042ed,Regulation (EU) 2024/1689 (Artificial Intelligence Act),European Parliament and Council of the European Union,EU,en,phase2_5\eu_ai_act_2024_en.pdf,https://eur-lex.europa.eu/legal-content/EN/TXT/?uri=CELEX:32024R1689,Page 31,,,7,,"published and assessed as suitable to cover the relevant oblig ations by the AI Office, comp liance with a European
har monised standard should grant providers the presump tion of conf or mity . Provi ders of general-pur pose AI
models should fur ther more be able to demonstrate comp liance using alter native adequate means, if codes of practice
or har monised standards are not a vailable, or they choose not to rely on those.
(118) This Regulation regulate s AI systems and AI models b y imposing cer tain requirements and obliga tions f or relevant
mark et actor s that are placing them on the market, putting into ser vice or use in the Union, thereby complementing
oblig ations f or provid ers of inter mediar y ser vices that embed suc h systems or models into their ser vices regulate d by
Regulation (EU) 2022/2065. T o the extent that suc h syste ms or models are embedded into designated ver y larg e
online platf or ms or ver y larg e online search engines, the y are subject t o the r isk -manag ement framew ork provid ed
f or in Regulation (EU) 2022/2065. Consequently , the cor responding obliga tions of this Regulation should be",,
Q21,Compare China’s interim rules for public generative-AI services with the EU AI Act’s obligations for general-purpose AI model providers.,en,comparative,phase2_5/cn_genai_interim_measures_2023.html|phase2_5/eu_ai_act_2024_en.pdf,5de30ff5-ec96-55a4-a29c-e06a9b7f06a2,a1a70ffe-651a-5128-a659-599647de2566,Strategy on China of the Government of the Federal Republic of Germany,Federal Government of Germany,DE,en,phase2_5\de_china_strategy_2023_en.pdf,https://www.auswaertiges-amt.de/en/aussenpolitik/regionaleschwerpunkte/asien/strategy-on-china/2608618,Page 42,,7,,,"e in-
dividuals, companies and organisations at home
and abroad to cooperate with Chinese authori-
ties and intelligence services. The use of critical
components in accordance with the Act on the
Federal Office for Information Security  is being
assessed in order to counteract an impairment
of Germany’s public order or security. Section
9b of the Act on the Federal Office for Informa-
tion Security stipulates that operators of critical
infrastructures have an obligation to disclose
the planned first use of a critical component (IT
products pursuant to the Act) and that its use
may be prohibited in the interests of the public
order. We aim to have at our disposal the ca-
pacities to build, maintain and develop these net-
works in the EU.
The critical components and IT functions that
these components are intended to fulfil must be
defined for each critical infrastructure sector on
the basis of specific laws. This has already been
implemented for public 5G mobile telephone
networks in the telecommunications field. The
Federal Network Agency for Electricity, Gas, Tele-",,
Q21,Compare China’s interim rules for public generative-AI services with the EU AI Act’s obligations for general-purpose AI model providers.,en,comparative,phase2_5/cn_genai_interim_measures_2023.html|phase2_5/eu_ai_act_2024_en.pdf,09cfaa13-38fa-5fe7-a84f-e642577fe875,e564bfe4-14df-59e7-8194-196f0b7042ed,Regulation (EU) 2024/1689 (Artificial Intelligence Act),European Parliament and Council of the European Union,EU,en,phase2_5\eu_ai_act_2024_en.pdf,https://eur-lex.europa.eu/legal-content/EN/TXT/?uri=CELEX:32024R1689,Page 110,,,8,,"r ing in r espect of providers of g ener al-pur pose AI models
Ar ticle 88
Enf orcement of the obligations of pro viders of general-pur pose AI models
1. The Commission shall hav e ex clusive po wers t o super vise and enf orce Chapt er V , taking into account the procedural
guarantees under Ar ticle 94. The Commission shall entr ust the imp lementation of these tasks to the AI Office, without
prejudice to the powers of org anisation of the Commission and the division of compet ences between Member Stat es and
the Uni on based on the T reaties.
2. Without prejudice to Ar ticle 75(3), marke t sur veillance author ities ma y request the Commission to ex ercise the
powe rs laid do wn in this Section, where that is necessar y and propor tionate to assist with the fulfilment of their tasks under
this Regulation.
EN
OJ L, 12.7.2024
110/144 ELI: http://data.europa.eu/eli/reg/2024/1689/oj",,
Q21,Compare China’s interim rules for public generative-AI services with the EU AI Act’s obligations for general-purpose AI model providers.,en,comparative,phase2_5/cn_genai_interim_measures_2023.html|phase2_5/eu_ai_act_2024_en.pdf,176addf5-5cdf-5c5d-8dff-2186f7897ec7,e564bfe4-14df-59e7-8194-196f0b7042ed,Regulation (EU) 2024/1689 (Artificial Intelligence Act),European Parliament and Council of the European Union,EU,en,phase2_5\eu_ai_act_2024_en.pdf,https://eur-lex.europa.eu/legal-content/EN/TXT/?uri=CELEX:32024R1689,Page 104,,8,,,"ntrol of general-pur pose AI sys tems
1. Where an AI system is based on a general-pur pose AI model, and the model and the system are developed by the
same provider , the AI Office shall hav e po wers t o monito r and super vise comp liance of that AI syste m with obligations
under this Regulation. T o car r y out its monitoring and super vision tasks, the AI Offi ce shall hav e all the powers of a marke t
sur veillance author ity pro vided f or in this Section and Regulation (EU) 2019/1020.
2. Where the relevant marke t sur veillance author ities hav e suffi cient reason to consider general-pur pose AI systems that
can be used directly b y deplo y ers f or at least one pur pose that is classif ied as high-r isk pursuant t o this Regulation t o be
non-comp liant with the requirements laid do wn in this Regulation, the y shall cooperate with the AI Office to car r y out
complia nce evaluations, and shall inf or m the Board and other market sur veillance author ities according ly .
3. Where a marke t sur veillance author ity is unable to conclude its invest igation of the high-r isk AI system because of its",,
Q21,Compare China’s interim rules for public generative-AI services with the EU AI Act’s obligations for general-purpose AI model providers.,en,comparative,phase2_5/cn_genai_interim_measures_2023.html|phase2_5/eu_ai_act_2024_en.pdf,9bc3cd1c-89d1-54a0-bafb-d3ad8335a476,e564bfe4-14df-59e7-8194-196f0b7042ed,Regulation (EU) 2024/1689 (Artificial Intelligence Act),European Parliament and Council of the European Union,EU,en,phase2_5\eu_ai_act_2024_en.pdf,https://eur-lex.europa.eu/legal-content/EN/TXT/?uri=CELEX:32024R1689,Page 28,,,9,,"of g eneral-pur pose AI models should be
limit ed to that modifi cation or fine-tuning, f or exam ple by complementing the already existing t echnical
documentation with inf or mation on the modifi cations, including new training data sources, as a means to com ply
with the value ch ain oblig ations provided in this Regulation.
(110) General-pur pose AI models could pose systemic r isks which include, but are not limit ed t o, any actual or reasonably
f oreseeable nega tive effe cts in relation to major accidents, disr up tions of cr itical sectors and ser ious consequences to
public health and saf ety ; any actual or reasonably f oreseeable negative effe cts on democratic processes, public and
economic secur ity ; the dissemination of illega l, false, or discr iminat or y cont ent. Systemic r isks should be understood
t o increase with model capabilities and model reach, can ar ise along the entire lifecy cle of the model, and are
inf luenced by conditions of misuse, model reliability , model f air ness and model secur ity , the level of autonom y of
EN
OJ L, 12.7.2024
28/144 ELI: http://data.europa.eu/eli/reg/2024/1689/oj",,
Q21,Compare China’s interim rules for public generative-AI services with the EU AI Act’s obligations for general-purpose AI model providers.,en,comparative,phase2_5/cn_genai_interim_measures_2023.html|phase2_5/eu_ai_act_2024_en.pdf,f5c3b9a6-c981-51cf-9876-4fe9e75dcfcf,a1a70ffe-651a-5128-a659-599647de2566,Strategy on China of the Government of the Federal Republic of Germany,Federal Government of Germany,DE,en,phase2_5\de_china_strategy_2023_en.pdf,https://www.auswaertiges-amt.de/en/aussenpolitik/regionaleschwerpunkte/asien/strategy-on-china/2608618,Page 9,,9,,,"1. Introduct Ion
9
1.2.  Aims of the Strategy on China
China has changed. As a result of this and Chi-
na’s political decisions, we need to change our
approach to China. The Federal Government
will, together in Europe and with international
partners, define new parameters under which
Germany’s interests will be upheld in its coop-
eration with China, while living up to our global
responsibility.
This strategy for our approach to China and the
challenges arising from China comprises three
dimensions: bilateral relations with China,
strengthening Germany and the EU, and interna-
tional cooperation.
Its aims are as follows:
• to present the Federal Government’s views on the status of and prospects for rela-
tions with China;
• to enable the Federal Government to assert our values and interests more effectively
in the complex relationship with China;
• to present means and instruments by which the Federal Government can work with
China, without endangering Germany’s free and democratic way of life, our sover-
eignty and prosperity, as well as our security and partnerships with others;
• to provide the framework within which our Federal Ministries can give coherence to",,
Q21,Compare China’s interim rules for public generative-AI services with the EU AI Act’s obligations for general-purpose AI model providers.,en,comparative,phase2_5/cn_genai_interim_measures_2023.html|phase2_5/eu_ai_act_2024_en.pdf,4d62ef0c-b6e0-5a56-ab9d-36f5717de13e,e564bfe4-14df-59e7-8194-196f0b7042ed,Regulation (EU) 2024/1689 (Artificial Intelligence Act),European Parliament and Council of the European Union,EU,en,phase2_5\eu_ai_act_2024_en.pdf,https://eur-lex.europa.eu/legal-content/EN/TXT/?uri=CELEX:32024R1689,Page 27,,,10,,"odel and on how compliance of cop yr ight
la w was thereby ensured, the excep tion provid ed f or g eneral-pur pose AI models from compliance with the
transparency-relate d requirements should not concer n the obligati on to produce a summar y about the cont ent used
f or model training and the obligation to put in place a policy to comply with Union cop yr ight law , in par ticular to
identify and comply with the reser vation of r ights pursuant to Ar ticle 4(3) of Directive (EU) 2019/790 of the
European Pa rliament and of the Council (
40
).
(105) General-pur pose AI models, in par ticular larg e g enerative AI models, capable of g enerating text, imag es, and other
cont ent, present unique innovation oppor tunities but also challeng es to ar tists, authors, and other creators and the
wa y their creative content is create d, distr ibut ed, used and consumed. The development and training of suc h models
require access to vast amounts of te xt, images, videos and other data. T ext and data mining te chniques ma y be used
exte nsively in this context f or the retr ieval and analysis of suc h cont ent, which ma y be protect ed by cop yr ight and",,
Q21,Compare China’s interim rules for public generative-AI services with the EU AI Act’s obligations for general-purpose AI model providers.,en,comparative,phase2_5/cn_genai_interim_measures_2023.html|phase2_5/eu_ai_act_2024_en.pdf,ec4e43fa-c324-539a-8b5d-8701c617e1ca,a1a70ffe-651a-5128-a659-599647de2566,Strategy on China of the Government of the Federal Republic of Germany,Federal Government of Germany,DE,en,phase2_5\de_china_strategy_2023_en.pdf,https://www.auswaertiges-amt.de/en/aussenpolitik/regionaleschwerpunkte/asien/strategy-on-china/2608618,Page 49,,10,,,"5. Internat Ional cooperat Ion
49
5.1.  Global partnerships
Coordination with Germany’s closest partners
is fundamental to our foreign policy; this also
applies to our policy-making with and vis-à-vis
China. Both the transatlantic alliance and the
close partnership built on trust with the United
States, including in the G7, is of tremendous im-
portance for the EU and for Germany.
Global partnerships begin in Germany’s immedi-
ate neighbourhood: We maintain especially close
and manifold ties with the countries of the West-
ern Balkans and Eastern Europe. Matters that are
important for the countries of the Western Bal-
kans and Eastern Europe deserve attention, also
because they present an opportunity for China
to expand its capability to exert influence. The
Federal Government expects these countries, as
they draw closer to EU membership, to increas-
ingly bring their foreign and security policies in
line with EU policy.
It is a key aim of the European Union for Africa
to be prosperous, peaceful and resilient. The EU
is Africa’s largest trading partner, and the EU’s
total foreign investment in Africa is more than
sixfold that of China. At the same time, China",,
Q22,比较中国智能制造与数字经济规划和欧盟经济安全、芯片政策在关键技术、供应链韧性与产业能力建设方面的重点。,zh,comparative,phase2_5/cn_digital_economy_14th_fyp_2021.html|phase2_5/cn_intelligent_manufacturing_14th_fyp_2021.pdf|phase2_5/eu_economic_security_strategy_2023_en.pdf|phase2_5/eu_chips_act_2023_en.pdf,43d4b14a-3a3f-598d-a4b8-df41048e2fd0,50c9f3d3-f5ab-5f8f-8191-bd601d25cd73,“十四五”数字经济发展规划,中华人民共和国国务院,CN,zh,phase2_5\cn_digital_economy_14th_fyp_2021.html,https://www.miit.gov.cn/xwdt/szyw/art/2022/art_4ecc233a663b44329d0863e60b51192b.html,,国务院关于印发“十四五”数字经济发展规划的通知,1,,2,"“一网协同”等服务管理新模式广泛普及，数字营商环境持续优化，在线政务服务水平跃居全球领先行列。
数字经济国际合作不断深化。
《二十国集团数字经济发展与合作倡议》等在全球赢得广泛共识，信息基础设施互联互通取得明显成效，“丝路电商”合作成果丰硕，我国数字经济领域平台企业加速出海，影响力和竞争力不断提升。
与此同时，我国数字经济发展也面临一些问题和挑战：关键领域创新能力不足，产业链供应链受制于人的局面尚未根本改变；不同行业、不同区域、不同群体间数字鸿沟未有效弥合，甚至有进一步扩大趋势；数据资源规模庞大，但价值潜力还没有充分释放；数字经济治理体系需进一步完善。
（二）面临形势。
当前，新一轮科技革命和产业变革深入发展，数字化转型已经成为大势所趋，受内外部多重因素影响，我国数字经济发展面临的形势正在发生深刻变化。
发展数字经济是把握新一轮科技革命和产业变革新机遇的战略选择。
数字经济是数字时代国家综合实力的重要体现，是构建现代化经济体系的重要引擎。世界主要国家均高度重视发展数字经济，纷纷出台战略规划，采取各种举措打造竞争新优势，重塑数字时代的国际新格局。
数据要素是数字经济深化发展的核心引擎。
数据对提高生产效率的乘数作用不断凸显，成为最具时代特征的生产要素。数据的爆发增长、海量集聚蕴藏了巨大的价值，为智能化发展带来了新的机遇。协同推进技术、模式、业态和制度创新，切实用好数据要素，将为经济社会数字化发展带来强劲动力。
数字化服务是满足人民美好生活需要的重要途径。
数字化方式正有效打破时空阻隔，提高有限资源的普惠化水平，极大地方便群众生活，满足多样化个性化需要。数字经济发展正在让广大群众享受到看得见、摸得着的实惠。
规范健康可持续是数字经济高质量发展的迫切要求。
我国数字经济规模快速扩张，但发展不平衡、不充分、不规范的问题较为突出，迫切需要转变传统发展方式，加快补齐短板弱项，提高我国数字经济治理水平，走出一条高质量发展道路。
二、总体要求
（一）指导思想。
以习近平新时代中国特色社会主义思想为指导，全面贯彻党的十九大和十九届历次全会精神，立足新发展阶段，完整、准确、全面贯彻新发展理念，构建新发展格局，推动高质量发展，统筹发展和安全、统筹国内和国际，以数据为关键要素，以数字技术与实体经济深度融合为主线，加强数字基础设施建设，完善数字经济治理体系，协同推进数字产业化和产业数字化，赋能传统产业转型升级，培育新产业新业态新模式，不断做强做优做大我国数字经济，为构建数字中国提供有力支撑。
（二）基本原则。
坚持创新引领、融合发展。
坚持把创新作为引领发展的第一动力，突出科技自立自强的战略支撑作用，促进数字技术向经济社会和产业发展各领域广泛深入渗透，推进数字技术、应用场景和商业模式融合创新，形成以技术发展促进全要素生产率提升、以领域应用带动技术进步的发展格局。",,
Q22,比较中国智能制造与数字经济规划和欧盟经济安全、芯片政策在关键技术、供应链韧性与产业能力建设方面的重点。,zh,comparative,phase2_5/cn_digital_economy_14th_fyp_2021.html|phase2_5/cn_intelligent_manufacturing_14th_fyp_2021.pdf|phase2_5/eu_economic_security_strategy_2023_en.pdf|phase2_5/eu_chips_act_2023_en.pdf,7fefbf3d-b32a-574a-9ddc-0e6813774ef7,7ac8bab9-bf9f-53ae-b5cc-4d30b3a42eca,德国联邦政府的中国战略,德国联邦政府,DE,zh,phase2_5\de_china_strategy_2023_zh.pdf,https://www.auswaertiges-amt.de/en/aussenpolitik/regionaleschwerpunkte/asien/strategy-on-china/2608618,Page 30,,4,3,1,"4. 巩固德国和欧盟
30
　　与中国不断增加的经济竞争以及制度
性对立的出现要求 德国和欧盟做出新的努
力，加强我们的经济、竞争能力和技术自
主，保护我们的开放型社会，在与中国的
竞争中实现自己的利益。
　　中国是德国和欧盟经济中不容小觑的
竞争者。中国在某些领域已经拥有 市场领
先地位。众多的国家措施和强力保护的市
场在这一过程中起了重要作用。经济、科
学和政治在中国的行为中紧密相连。
　　中国的战略 （ “中国制造 2050” 、 “双循
环” ）和中国领导层的言论（如习主席在
2020 年党代会上的讲话）暗示，中国谋
求制造经济和技术 依赖，并借此贯彻其政
治目标和利益。但同时，中国以安全利益
为由不断争取摆脱对来自国外的参与和零
部件供应的依赖。
　　中国的 不公平做法 会对我们的安全、
主权和繁荣造成负面影响。我们必须在德
国和欧盟层面以适当的措施应对这一威
胁。
　　除改善德国和欧盟的经济框架条件
外，还有必要 “去风险 ” ：减少关键领域
的依赖、 在经济决策中增加地缘政治视角、
加强我们的抵御力。 为达到去风险的目的，
我们会采取多种措施，详见后文。我们
认为去风险可以很好地补充我们的自身优
势：即政治、经济和社会制度的开放性。
4.1. 区位政策和欧盟单一市场
　　在货物贸易方面，中国虽为德国最大
的单一贸易伙伴，但德国一半左右的外贸
发生在欧盟单一市场内部。就许多欧盟伙
伴而言，这个比例还要高得多。 欧盟单一
市场对于我们的经济能力具有非常重要的
意义。因此我们努力推动欧盟单一市场的
整合和韧力的增强。我们需要新的举措以
深化和强化单一市场。
　　为保障我们的竞争力及技术和数字主
权，我们提倡为德国和欧盟提出有助于增
长、研究和创新的 区位政策。我们将加强
产业领域的创新、投资和竞争能力以保持
技术领先地位。一个得到增强的、经得住
考验的单一市场，一个出色的教育和科学
体系，一个有效的吸引和保留专业人才的
机制、一个重视研发投资并鼓励创新的环
境，再配以高效的基础设施和行政管理：
我们可以依靠这些为未来做好准备，不只
是在与中国的经济竞争当中。资本市场联
盟和银行业联盟对于为欧盟范围内的必要
投资提供便利至关重要。
　　经济的 数字和绿色转型 具有关键作
用。为此有必要建立起欧盟的生产和再加
工能力。我们会为此提供支持。
　　不断扩大的欧盟 循环经济不仅会使生
态获益，而且会加强欧盟的经济韧力。我",,
Q22,比较中国智能制造与数字经济规划和欧盟经济安全、芯片政策在关键技术、供应链韧性与产业能力建设方面的重点。,zh,comparative,phase2_5/cn_digital_economy_14th_fyp_2021.html|phase2_5/cn_intelligent_manufacturing_14th_fyp_2021.pdf|phase2_5/eu_economic_security_strategy_2023_en.pdf|phase2_5/eu_chips_act_2023_en.pdf,feeb1971-fb86-575f-86f8-46eab3338afc,7ac8bab9-bf9f-53ae-b5cc-4d30b3a42eca,德国联邦政府的中国战略,德国联邦政府,DE,zh,phase2_5\de_china_strategy_2023_zh.pdf,https://www.auswaertiges-amt.de/en/aussenpolitik/regionaleschwerpunkte/asien/strategy-on-china/2608618,Page 32,,,1,3,"4. 巩固德国和欧盟
32
4.3. 技术主权
　　就关键领域技术而言，欧盟不能对来
自不与我们共享根本价值的第三国形成依
赖。 为此既要保障并提升技术能力和产能，
也要使供应链和供应源多元化。此外还要
避免关键信息技术领域中的依赖，并增强
数字主权。德国政府重视创新能力、重视
技术和数字生态系统的整体韧性。
　　为长期确保欧洲的技术及数字主权，
我们加大对研发创新的投资力度，并通过
“战略远见”工具尽早发现新兴关键技术。
中国也同样将这一领域视为重点。德国政
府将对科研创新资助作出要求：如与中国
共同进行的项目很可能导致知识流失，便
不为之提供资助或仅在先决条件得到满足
时才会提供资助。对于项目结束后如何处
置知识及专利，我们将进一步完善现有的
资助条例。
　　为在数字领域增强欧洲的经济，德国
政府致力于推动创新的框架条件（拟定欧
盟的《芯片法》和《人工智能法》 ） 。我们
提升高度创新技术领域可持续的设计和生
产能力、建立欧洲开源生态体系、力争尽
快为出行数据建立起全欧统一且符合数据
保护要求的空间。我们迅速地、大刀阔斧
地实施国家数字战略。
　　中国政府在《中国制造 2025》战略
中提出，要在某些德国和欧盟高度重视或
长期技术领先的领域中力争 领导全球市场
和技术。 中国以国家资金促进技术发展。
为在这场竞争中获得成功，欧盟方面已
修改了关于动用国家资金发展新技术的条
例。欧盟委员会发布了《国家援助欧洲共
同利益项目与单一市场兼容性分析准则》 。
我们将根据在公共安全方面的考虑积极利
用这一准则带来的机会。
　　对技术领先地位的争夺同样体现在 规
范和标准制定上。中国采取的做法很有策
略性。我们将加强德国和欧洲行为体在相
关国际机构中的参与。通过与中国合作、
促使中国参与国际标准建设和尽早协调技
术概念，德国抵制标准制定中优先本国或
本地的趋势。德国政府还将努力促进企业
平等参与中国国内的规范和标准制定活
动。",,
Q22,比较中国智能制造与数字经济规划和欧盟经济安全、芯片政策在关键技术、供应链韧性与产业能力建设方面的重点。,zh,comparative,phase2_5/cn_digital_economy_14th_fyp_2021.html|phase2_5/cn_intelligent_manufacturing_14th_fyp_2021.pdf|phase2_5/eu_economic_security_strategy_2023_en.pdf|phase2_5/eu_chips_act_2023_en.pdf,526c1d54-8f8c-51be-a84f-0f2b68b302a6,7ac8bab9-bf9f-53ae-b5cc-4d30b3a42eca,德国联邦政府的中国战略,德国联邦政府,DE,zh,phase2_5\de_china_strategy_2023_zh.pdf,https://www.auswaertiges-amt.de/en/aussenpolitik/regionaleschwerpunkte/asien/strategy-on-china/2608618,Page 29,,,2,4,"29
4.
巩固德国和欧盟
4.1. 区位政策和欧盟单一市场 　 .................................... 　30
4.2. 供应链多元化　  ............................................. 　31
4.3. 技术主权　 ................................................. 　32
4.4. 中国市场的风险 　  ........................................... 　33
4.5. 贸易政策工具　  ............................................. 　34
4.6. 投资管理　 ................................................. 　34
4.7. 出口管制　 ................................................. 　36
4.8. 保护关键基础设施 　  ......................................... 　36
4.9. 抵御外来影响　  ............................................. 　37
4.10. 网络安全　 ................................................ 　38",,
Q22,比较中国智能制造与数字经济规划和欧盟经济安全、芯片政策在关键技术、供应链韧性与产业能力建设方面的重点。,zh,comparative,phase2_5/cn_digital_economy_14th_fyp_2021.html|phase2_5/cn_intelligent_manufacturing_14th_fyp_2021.pdf|phase2_5/eu_economic_security_strategy_2023_en.pdf|phase2_5/eu_chips_act_2023_en.pdf,e901875f-d265-5512-896f-74e718b9a082,50c9f3d3-f5ab-5f8f-8191-bd601d25cd73,“十四五”数字经济发展规划,中华人民共和国国务院,CN,zh,phase2_5\cn_digital_economy_14th_fyp_2021.html,https://www.miit.gov.cn/xwdt/szyw/art/2022/art_4ecc233a663b44329d0863e60b51192b.html,,国务院关于印发“十四五”数字经济发展规划的通知,2,,5,"境光缆建设合作，保障网络基础设施互联互通。构建基于区块链的可信服务网络和应用支撑平台，为广泛开展数字经济合作提供基础保障。推动数据存储、智能计算等新兴服务能力全球化发展。加大金融、物流、电子商务等领域的合作模式创新，支持我国数字经济企业“走出去”，积极参与国际合作。
（三）积极构建良好国际合作环境。
倡导构建和平、安全、开放、合作、有序的网络空间命运共同体，积极维护网络空间主权，加强网络空间国际合作。加快研究制定符合我国国情的数字经济相关标准和治理规则。依托双边和多边合作机制，开展数字经济标准国际协调和数字经济治理合作。积极借鉴国际规则和经验，围绕数据跨境流动、市场准入、反垄断、数字人民币、数据隐私保护等重大问题探索建立治理规则。深化政府间数字经济政策交流对话，建立多边数字经济合作伙伴关系，主动参与国际组织数字经济议题谈判，拓展前沿领域合作。构建商事协调、法律顾问、知识产权等专业化中介服务机制和公共服务平台，防范各类涉外经贸法律风险，为出海企业保驾护航。
十一、保障措施
（一）加强统筹协调和组织实施。
建立数字经济发展部际协调机制，加强形势研判，协调解决重大问题，务实推进规划的贯彻实施。各地方要立足本地区实际，健全工作推进协调机制，增强发展数字经济本领，推动数字经济更好服务和融入新发展格局。进一步加强对数字经济发展政策的解读与宣传，深化数字经济理论和实践研究，完善统计测度和评价体系。各部门要充分整合现有资源，加强跨部门协调沟通，有效调动各方面的积极性。
（二）加大资金支持力度。
加大对数字经济薄弱环节的投入，突破制约数字经济发展的短板与瓶颈，建立推动数字经济发展的长效机制。拓展多元投融资渠道，鼓励企业开展技术创新。鼓励引导社会资本设立市场化运作的数字经济细分领域基金，支持符合条件的数字经济企业进入多层次资本市场进行融资，鼓励银行业金融机构创新产品和服务，加大对数字经济核心产业的支持力度。加强对各类资金的统筹引导，提升投资质量和效益。
（三）提升全民数字素养和技能。
实施全民数字素养与技能提升计划，扩大优质数字资源供给，鼓励公共数字资源更大范围向社会开放。推进中小学信息技术课程建设，加强职业院校（含技工院校）数字技术技能类人才培养，深化数字经济领域新工科、新文科建设，支持企业与院校共建一批现代产业学院、联合实验室、实习基地等，发展订单制、现代学徒制等多元化人才培养模式。制定实施数字技能提升专项培训计划，提高老年人、残障人士等运用数字技术的能力，切实解决老年人、残障人士面临的困难。提高公民网络文明素养，强化数字社会道德规范。鼓励将数字经济领域人才纳入各类人才计划支持范围，积极探索高效灵活的人才引进、培养、评价及激励政策。
（四）实施试点示范。",,
Q22,比较中国智能制造与数字经济规划和欧盟经济安全、芯片政策在关键技术、供应链韧性与产业能力建设方面的重点。,zh,comparative,phase2_5/cn_digital_economy_14th_fyp_2021.html|phase2_5/cn_intelligent_manufacturing_14th_fyp_2021.pdf|phase2_5/eu_economic_security_strategy_2023_en.pdf|phase2_5/eu_chips_act_2023_en.pdf,cc749472-c64e-5555-be8e-5e8a5edb1c4e,7ac8bab9-bf9f-53ae-b5cc-4d30b3a42eca,德国联邦政府的中国战略,德国联邦政府,DE,zh,phase2_5\de_china_strategy_2023_zh.pdf,https://www.auswaertiges-amt.de/en/aussenpolitik/regionaleschwerpunkte/asien/strategy-on-china/2608618,Page 14,,3,,6,"2. 欧盟共同对华政策框架下德国的中国战略
14
　　成功处理与中国的关系要求投入整个
欧盟的分量。因此德国的对华政策坚定地
以欧盟为导向。这些政策与欧盟共同的对
华政策中的各项目标和根本原则相融合，
是与欧盟伙伴不断密切协商的结果。我们
也将这份阐述德国战略的文件视为对加强
欧盟的对华政策的一致性所做的贡献。
　　在我们对华关系的方方面面中，多数
都同时包含双边和欧盟这两个维度。我们
在追求自己的利益时会与 欧盟设定的目标
保持一致。与欧盟伙伴加强沟通有益于以
欧盟为整体的策略，也便于欧盟成员国在
多边机制中共同采取行动。
　　德中两国的双边对话也是欧盟伙伴与
中国对话的补充和加强。德国政府会继续
阐明，对于那些权限属于欧盟的问题，德
国不可能是中国的谈判伙伴。
　　德中交往和政府磋商也是推进欧盟对
华关系纲领的一个机会。我们会在政府磋
商的筹备过程中进行欧盟范围内的磋商。
我们也会向欧盟伙伴通报政府磋商的结
果。我们将审视，在哪些双边会谈中邀请
个别欧盟伙伴或欧盟机构参与进来会有所
助益。
　　只有其诉求得到全体成员国支持的、
行动一致的欧盟才能在与中国的合作中取
得成果，在与中国的经济竞争和制度性对
立中经受得住考验。因此欧盟内部密切、
透明的协商具有重大意义。欧盟在共同外
交和安全政策方面必须提高决策效率，包
括更多地采用特定多数表决制。
　　我们将积极支持欧盟对外行动署争取
成员国合意的努力，以就关键议题提出富
有雄心的声明。如果事关严重侵犯人权或
破坏基于规则的国际秩序的行为，欧盟不
能沉默。我们还与欧盟之外的伙伴一起就
敏感议题发表意见。 我们会坚持这种做法。
　　正因为与中国有着密切的、千丝万缕
的联系，德国在贯彻实现 欧洲的经济利益
时负有特殊的责任。我们将更多地利用我
们国家间的对话机制讨论欧盟范围的经济
利益。
　　一致性也来自 团结和利益平衡。我们
将向那些蒙受经济或其他压力的成员国家
展示团结。我们不仅在欧盟、而且在联合
国和世贸组织等框架中展示这样的团结。
　　我们希望在欧盟内部就处理对华关系
和欧中合作方面加强 协调。我们赞同在欧
洲理事会和理事会组合中更多地进行相关
辩论，促进对欧盟利益的共同理解，改善
对华行动的一致性。这一点尤其适用于捍
卫基于规则的国际秩序、保护人权、维护
欧盟的经济利益以及那些欧盟作为地缘政
治行为体在整体上需要得到加强的政治领
域。
　　德国政府认同 议会在对华政策立场方
面的重要作用，无论是在欧盟还是在国内
层面上。
　　2020 年达成协议的欧中投资协定 出
于多种原因目前无法获得欧盟理事会的批
准。
　　按照欧洲理事会 2020 年 10 月得出
的结论，我们支持在国家和政府首脑及欧
盟机构最高领导的层面上增设一个 新的对",,
Q22,比较中国智能制造与数字经济规划和欧盟经济安全、芯片政策在关键技术、供应链韧性与产业能力建设方面的重点。,zh,comparative,phase2_5/cn_digital_economy_14th_fyp_2021.html|phase2_5/cn_intelligent_manufacturing_14th_fyp_2021.pdf|phase2_5/eu_economic_security_strategy_2023_en.pdf|phase2_5/eu_chips_act_2023_en.pdf,6ec70024-f948-5b6d-9eba-996872bd3d84,7ac8bab9-bf9f-53ae-b5cc-4d30b3a42eca,德国联邦政府的中国战略,德国联邦政府,DE,zh,phase2_5\de_china_strategy_2023_zh.pdf,https://www.auswaertiges-amt.de/en/aussenpolitik/regionaleschwerpunkte/asien/strategy-on-china/2608618,Page 45,,,4,7,"5. 国际合作
45
　　我们与东欧和高加索地区的 东部伙伴
关系国家以及中亚国家均有兴趣扩大贸易
关系，特别是在原材料和能源领域。鉴于
俄罗斯入侵乌克兰的战争及其引发的经济
动荡，这一点尤为迫切。在此过程中，我
们将以与欧盟的现有协定为基础。
　　在实现更高贸易政策雄心的同时，欧
盟委员会必须配备足够的人员，以便在较
以前更大的范围内同时与多个国家进行谈
判。如有必要，我们可以向欧盟委员会贸
易总司提供德国的工作人员作为支持。
5.3. 技术
　　半导体、人工智能和绿色科技等关键
技术对繁荣和安全越来越具有决定性。我
们加强技术创新领域的国际合作。在格外
敏感的领域我们会加强与 价值观伙伴的合
作以防技术滥用，如将脸部识别技术用于
镇压和监视。通过这种方式，我们在重要
的战略性高科技领域为提升共同韧性做出
贡献。
　　德国政府使这些努力与国际 科研合作
的多元化嵌合在一起。为此，我们与战略
伙伴们更加密切地协调欧盟产业政策和科
研政策。
　　欧盟与美国贸易和科技委员会 致力于
促进世界上两个最大、技术最先进的内部
市场之间的合作。我们有意愿继续以雄心
和活力令该委员会发挥作用，为跨大西洋
的绿色经济和技术伙伴关系奠定更坚实的
基础。
　　我们支持欧盟与印太地区伙伴们建立
进一步监管合作。欧盟与印度贸易和技术
委员会以及欧盟与日本绿色联盟是致力于
实现该目标的重要因素。
　　我们在科技领域同样 不追求与中国脱
钩。出现相互独立的“科技势力范围”不
符合我们的利益。
5.4. 基础设施和“全球门户”计划
　　全球对交通、数字和能源基础设施 的
投资需求巨大。中国以“一带一路倡议”
应对这一需求。我们对其不遵守社会和生
态标准及其造成的依赖性持批判态度。德
国政府没有参与该项倡议。
　　通过“全球门户”计划 ，欧盟为支持",,
Q22,比较中国智能制造与数字经济规划和欧盟经济安全、芯片政策在关键技术、供应链韧性与产业能力建设方面的重点。,zh,comparative,phase2_5/cn_digital_economy_14th_fyp_2021.html|phase2_5/cn_intelligent_manufacturing_14th_fyp_2021.pdf|phase2_5/eu_economic_security_strategy_2023_en.pdf|phase2_5/eu_chips_act_2023_en.pdf,19c8cde3-e9dd-57fe-992b-5ba71d8a2cbd,50c9f3d3-f5ab-5f8f-8191-bd601d25cd73,“十四五”数字经济发展规划,中华人民共和国国务院,CN,zh,phase2_5\cn_digital_economy_14th_fyp_2021.html,https://www.miit.gov.cn/xwdt/szyw/art/2022/art_4ecc233a663b44329d0863e60b51192b.html,,国务院关于印发“十四五”数字经济发展规划的通知,5,,8,"云计算服务安全评估等，有效防范国家安全风险。健全完善数据跨境流动安全管理相关制度规范。推动提升重要设施设备的安全可靠水平，增强重点行业数据安全保障能力。进一步强化个人信息保护，规范身份信息、隐私信息、生物特征信息的采集、传输和使用，加强对收集使用个人信息的安全监管能力。
（三）切实有效防范各类风险。
强化数字经济安全风险综合研判，防范各类风险叠加可能引发的经济风险、技术风险和社会稳定问题。引导社会资本投向原创性、引领性创新领域，避免低水平重复、同质化竞争、盲目跟风炒作等，支持可持续发展的业态和模式创新。坚持金融活动全部纳入金融监管，加强动态监测，规范数字金融有序创新，严防衍生业务风险。推动关键产品多元化供给，着力提高产业链供应链韧性，增强产业体系抗冲击能力。引导企业在法律合规、数据管理、新技术应用等领域完善自律机制，防范数字技术应用风险。健全失业保险、社会救助制度，完善灵活就业的工伤保险制度。健全灵活就业人员参加社会保险制度和劳动者权益保障制度，推进灵活就业人员参加住房公积金制度试点。探索建立新业态企业劳动保障信用评价、守信激励和失信惩戒等制度。着力推动数字经济普惠共享发展，健全完善针对未成年人、老年人等各类特殊群体的网络保护机制。
十、有效拓展数字经济国际合作
（一）加快贸易数字化发展。
以数字化驱动贸易主体转型和贸易方式变革，营造贸易数字化良好环境。完善数字贸易促进政策，加强制度供给和法律保障。加大服务业开放力度，探索放宽数字经济新业态准入，引进全球服务业跨国公司在华设立运营总部、研发设计中心、采购物流中心、结算中心，积极引进优质外资企业和创业团队，加强国际创新资源“引进来”。依托自由贸易试验区、数字服务出口基地和海南自由贸易港，针对跨境寄递物流、跨境支付和供应链管理等典型场景，构建安全便利的国际互联网数据专用通道和国际化数据信息专用通道。大力发展跨境电商，扎实推进跨境电商综合试验区建设，积极鼓励各业务环节探索创新，培育壮大一批跨境电商龙头企业、海外仓领军企业和优秀产业园区，打造跨境电商产业链和生态圈。
（二）推动“数字丝绸之路”深入发展。
加强统筹谋划，高质量推动中国—东盟智慧城市合作、中国—中东欧数字经济合作。围绕多双边经贸合作协定，构建贸易投资开放新格局，拓展与东盟、欧盟的数字经济合作伙伴关系，与非盟和非洲国家研究开展数字经济领域合作。统筹开展境外数字基础设施合作，结合当地需求和条件，与共建“一带一路”国家开展跨境光缆建设合作，保障网络基础设施互联互通。构建基于区块链的可信服务网络和应用支撑平台，为广泛开展数字经济合作提供基础保障。推动数据存储、智能计算等新兴服务能力全球化发展。加大金融、物流、电子商务等领域的合作模式创新，支持我国数字经济企业“走出去”，积极参与国际合作。
（三）积极构建良好国际合作环境。",,
Q22,比较中国智能制造与数字经济规划和欧盟经济安全、芯片政策在关键技术、供应链韧性与产业能力建设方面的重点。,zh,comparative,phase2_5/cn_digital_economy_14th_fyp_2021.html|phase2_5/cn_intelligent_manufacturing_14th_fyp_2021.pdf|phase2_5/eu_economic_security_strategy_2023_en.pdf|phase2_5/eu_chips_act_2023_en.pdf,e8da2d80-1368-5d3d-bb98-b956bfdee1a8,66fb6cf6-d5ec-5183-9cf5-2aee221c176a,“十四五”智能制造发展规划,工业和信息化部等八部门,CN,zh,phase2_5\cn_intelligent_manufacturing_14th_fyp_2021.pdf,https://www.miit.gov.cn/jgsj/ghs/zlygh/art/2022/art_c201cab037444d5c94921a53614332f9.html,Page 3,,,5,9,"3
十九届二中、三中、四中、五中、六中全会精神，立足新发展阶段，完整、
准确、全面贯彻新发展理念，构建新发展格局，深化改革开放，统筹发展和
安全，以新一代信息技术与先进制造技术深度融合为主线，深入实施智能制
造工程，着力提升创新能力、供给能力、支撑能力和应用水平，加快构建智
能制造发展生态，持续推进制造业数字化转型、网络化协同、智能化变革，
为促进制造业高质量发展、加快制造强国建设、发展数字经济、构筑国际竞
争新优势提供有力支撑。
（二）基本原则
坚持创新驱动。把科技自立自强作为智能制造发展的战略支撑，加强
用产学研协同创新，着力突破关键核心技术和系统集成技术。支持企业、
高校、科研院所等组建联合体，开展技术、工艺、装备、软件和管理、模
式创新，提升核心竞争力。
坚持市场主导。充分发挥市场在资源配置中的决定性作用，强化企业
在发展智能制造中的主体地位。更好发挥政府在战略规划引导、标准法规
制定、公共服务供给等方面作用，营造良好环境，激发各类市场主体内生
动力。
坚持融合发展。加强跨学科、跨领域合作，推动新一代信息技术与先
进制造技术深度融合。发挥龙头企业牵引作用，推动产业链供应链深度互
联和协同响应，带动上下游企业智能制造水平同步提升，实现大中小企业
融通发展。
坚持安全可控。强化底线思维，将安全可控贯穿智能制造创新发展全
过程。加强安全风险研判与应对，加快提升智能制造数据安全、网络安全、
功能安全保障能力，着力防范化解产业链供应链风险，实现发展与安全相
统一。
坚持系统推进。聚焦新阶段新要求，立足我国实际，统筹考虑区域、
行业发展差异，加强前瞻性思考、全局性谋划、战略性布局、整体性推进，
充分发挥地方、行业和企业积极性，分层分类系统推动智能制造创新发展。",,
Q22,比较中国智能制造与数字经济规划和欧盟经济安全、芯片政策在关键技术、供应链韧性与产业能力建设方面的重点。,zh,comparative,phase2_5/cn_digital_economy_14th_fyp_2021.html|phase2_5/cn_intelligent_manufacturing_14th_fyp_2021.pdf|phase2_5/eu_economic_security_strategy_2023_en.pdf|phase2_5/eu_chips_act_2023_en.pdf,ae00ce8b-8d19-5f2c-b043-63bf453ef04c,66fb6cf6-d5ec-5183-9cf5-2aee221c176a,“十四五”智能制造发展规划,工业和信息化部等八部门,CN,zh,phase2_5\cn_intelligent_manufacturing_14th_fyp_2021.pdf,https://www.miit.gov.cn/jgsj/ghs/zlygh/art/2022/art_c201cab037444d5c94921a53614332f9.html,Page 11,,,6,10,"11
体系和安全管理制度。培育安全服务机构，加大网络安全技术产品推广应
用，提升诊断、咨询、设计、实施等服务能力。
强化人才培养。定期编制智能制造人才需求预测报告和紧缺人才需求
目录，研究制定智能制造领域职业标准。依托高技能人才培训基地等机构，
开展大规模职业培训。加强应届毕业生、在职人员、转岗人员数字化技能
培训，推进产教融合型企业建设，促进智能制造企业与职业院校深度合作，
探索中国特色学徒制。深化新工科建设，在智能制造领域建设一批现代产
业学院和特色化示范性软件学院，优化学科专业和课程体系设置，加快高
端人才培养。弘扬企业家精神和工匠精神，鼓励开展智能制造创新创业大
赛、技能竞赛。
四、保障措施
（一）强化统筹协调
加强部门协同，统筹实施智能制造工程，深入开展技术攻关、装备创
新、示范应用、标准化、人才培养等。加强央地协作，鼓励地方出台配套
政策和法律法规，引导各类社会资源聚集，形成系统推进工作格局。充分
发挥智能制造专家咨询委员会及相关高校、科研机构、专业智库作用，开
展智能制造前瞻性、战略性重大问题研究。鼓励企业结合自身实际加快实
施智能制造，持续做好安全生产和环境保护工作。
（二）加大财政金融支持
加强国家重大科技项目、国家重点研发计划等对智能制造领域的支
持。落实首台套重大技术装备和研发费用加计扣除等支持政策。鼓励国家
相关产业基金、社会资本加大对智能制造的投资力度。发挥国家产融合作
平台作用，引导金融机构为企业智能化改造提供中长期贷款支持，开发符
合智能制造特点的供应链金融、融资租赁等金融产品。鼓励符合条件的企
业通过股权、债权等方式开展直接融资。",,
Q22,比较中国智能制造与数字经济规划和欧盟经济安全、芯片政策在关键技术、供应链韧性与产业能力建设方面的重点。,zh,comparative,phase2_5/cn_digital_economy_14th_fyp_2021.html|phase2_5/cn_intelligent_manufacturing_14th_fyp_2021.pdf|phase2_5/eu_economic_security_strategy_2023_en.pdf|phase2_5/eu_chips_act_2023_en.pdf,bfe4bc0f-702d-5258-8eeb-838c1297a188,50c9f3d3-f5ab-5f8f-8191-bd601d25cd73,“十四五”数字经济发展规划,中华人民共和国国务院,CN,zh,phase2_5\cn_digital_economy_14th_fyp_2021.html,https://www.miit.gov.cn/xwdt/szyw/art/2022/art_4ecc233a663b44329d0863e60b51192b.html,,国务院关于印发“十四五”数字经济发展规划的通知,6,,,"国务院关于印发“十四五”数字经济发展规划的通知
首页
>
新闻发布
>
时政要闻
国务院关于印发“十四五”数字经济发展规划的通知
发布时间：2022-01-12 17:55
来源：中国政府网
国发〔2021〕29号
各省、自治区、直辖市人民政府，国务院各部委、各直属机构：
现将《“十四五”数字经济发展规划》印发给你们，请认真贯彻执行。
国务院
2021年12月12日
（此件公开发布）
“十四五”数字经济发展规划
数字经济是继农业经济、工业经济之后的主要经济形态，是以数据资源为关键要素，以现代信息网络为主要载体，以信息通信技术融合应用、全要素数字化转型为重要推动力，促进公平与效率更加统一的新经济形态。数字经济发展速度之快、辐射范围之广、影响程度之深前所未有，正推动生产方式、生活方式和治理方式深刻变革，成为重组全球要素资源、重塑全球经济结构、改变全球竞争格局的关键力量。“十四五”时期，我国数字经济转向深化应用、规范发展、普惠共享的新阶段。为应对新形势新挑战，把握数字化发展新机遇，拓展经济发展新空间，推动我国数字经济健康发展，依据《中华人民共和国国民经济和社会发展第十四个五年规划和2035年远景目标纲要》，制定本规划。
一、发展现状和形势
（一）发展现状。
“十三五”时期，我国深入实施数字经济发展战略，不断完善数字基础设施，加快培育新业态新模式，推进数字产业化和产业数字化取得积极成效。2020年，我国数字经济核心产业增加值占国内生产总值（GDP）比重达到7.8%，数字经济为经济社会持续健康发展提供了强大动力。
信息基础设施全球领先。
建成全球规模最大的光纤和第四代移动通信（4G）网络，第五代移动通信（5G）网络建设和应用加速推进。宽带用户普及率明显提高，光纤用户占比超过94%，移动宽带用户普及率达到108%，互联网协议第六版（IPv6）活跃用户数达到4.6亿。
产业数字化转型稳步推进。
农业数字化全面推进。服务业数字化水平显著提高。工业数字化转型加速，工业企业生产设备数字化水平持续提升，更多企业迈上“云端”。
新业态新模式竞相发展。
数字技术与各行业加速融合，电子商务蓬勃发展，移动支付广泛普及，在线学习、远程会议、网络购物、视频直播等生产生活新方式加速推广，互联网平台日益壮大。
数字政府建设成效显著。
一体化政务服务和监管效能大幅度提升，“一网通办”、“最多跑一次”、“一网统管”、“一网协同”等服务管理新模式广泛普及，数字营商环境持续优化，在线政务服务水平跃居全球领先行列。
数字经济国际合作不断深化。
《二十国集团数字经济发展与合作倡议》等在全球赢得广泛共识，信息基础设施互联互通取得明显成效，“丝路电商”合作成果丰硕，我国数字经济领域平台企业加速出海，影响力和竞争力不断提升。",,
Q22,比较中国智能制造与数字经济规划和欧盟经济安全、芯片政策在关键技术、供应链韧性与产业能力建设方面的重点。,zh,comparative,phase2_5/cn_digital_economy_14th_fyp_2021.html|phase2_5/cn_intelligent_manufacturing_14th_fyp_2021.pdf|phase2_5/eu_economic_security_strategy_2023_en.pdf|phase2_5/eu_chips_act_2023_en.pdf,8daa708c-4dc2-5fdb-b742-f6c2cd980f9b,50c9f3d3-f5ab-5f8f-8191-bd601d25cd73,“十四五”数字经济发展规划,中华人民共和国国务院,CN,zh,phase2_5\cn_digital_economy_14th_fyp_2021.html,https://www.miit.gov.cn/xwdt/szyw/art/2022/art_4ecc233a663b44329d0863e60b51192b.html,,国务院关于印发“十四五”数字经济发展规划的通知,7,,,"建数字中国提供有力支撑。
（二）基本原则。
坚持创新引领、融合发展。
坚持把创新作为引领发展的第一动力，突出科技自立自强的战略支撑作用，促进数字技术向经济社会和产业发展各领域广泛深入渗透，推进数字技术、应用场景和商业模式融合创新，形成以技术发展促进全要素生产率提升、以领域应用带动技术进步的发展格局。
坚持应用牵引、数据赋能。
坚持以数字化发展为导向，充分发挥我国海量数据、广阔市场空间和丰富应用场景优势，充分释放数据要素价值，激活数据要素潜能，以数据流促进生产、分配、流通、消费各个环节高效贯通，推动数据技术产品、应用范式、商业模式和体制机制协同创新。
坚持公平竞争、安全有序。
突出竞争政策基础地位，坚持促进发展和监管规范并重，健全完善协同监管规则制度，强化反垄断和防止资本无序扩张，推动平台经济规范健康持续发展，建立健全适应数字经济发展的市场监管、宏观调控、政策法规体系，牢牢守住安全底线。
坚持系统推进、协同高效。
充分发挥市场在资源配置中的决定性作用，构建经济社会各主体多元参与、协同联动的数字经济发展新机制。结合我国产业结构和资源禀赋，发挥比较优势，系统谋划、务实推进，更好发挥政府在数字经济发展中的作用。
（三）发展目标。
到2025年，数字经济迈向全面扩展期，数字经济核心产业增加值占GDP比重达到10%，数字化创新引领发展能力大幅提升，智能化水平明显增强，数字技术与实体经济融合取得显著成效，数字经济治理体系更加完善，我国数字经济竞争力和影响力稳步提升。
——数据要素市场体系初步建立。
数据资源体系基本建成，利用数据资源推动研发、生产、流通、服务、消费全价值链协同。数据要素市场化建设成效显现，数据确权、定价、交易有序开展，探索建立与数据要素价值和贡献相适应的收入分配机制，激发市场主体创新活力。
——产业数字化转型迈上新台阶。
农业数字化转型快速推进，制造业数字化、网络化、智能化更加深入，生产性服务业融合发展加速普及，生活性服务业多元化拓展显著加快，产业数字化转型的支撑服务体系基本完备，在数字化转型过程中推进绿色发展。
——数字产业化水平显著提升。
数字技术自主创新能力显著提升，数字化产品和服务供给质量大幅提高，产业核心竞争力明显增强，在部分领域形成全球领先优势。新产业新业态新模式持续涌现、广泛普及，对实体经济提质增效的带动作用显著增强。
——数字化公共服务更加普惠均等。
数字基础设施广泛融入生产生活，对政务服务、公共服务、民生保障、社会治理的支撑作用进一步凸显。数字营商环境更加优化，电子政务服务水平进一步提升，网络化、数字化、智慧化的利企便民服务体系不断完善，数字鸿沟加速弥合。
——数字经济治理体系更加完善。",,
Q22,比较中国智能制造与数字经济规划和欧盟经济安全、芯片政策在关键技术、供应链韧性与产业能力建设方面的重点。,zh,comparative,phase2_5/cn_digital_economy_14th_fyp_2021.html|phase2_5/cn_intelligent_manufacturing_14th_fyp_2021.pdf|phase2_5/eu_economic_security_strategy_2023_en.pdf|phase2_5/eu_chips_act_2023_en.pdf,f204c1a5-fd41-5c2d-98ac-f79872d67e78,66fb6cf6-d5ec-5183-9cf5-2aee221c176a,“十四五”智能制造发展规划,工业和信息化部等八部门,CN,zh,phase2_5\cn_intelligent_manufacturing_14th_fyp_2021.pdf,https://www.miit.gov.cn/jgsj/ghs/zlygh/art/2022/art_c201cab037444d5c94921a53614332f9.html,Page 4,,,7,,"4
（三）发展路径和目标
“十四五”及未来相当长一段时期，推进智能制造，要立足制造本质，
紧扣智能特征，以工艺、装备为核心，以数据为基础，依托制造单元、车
间、工厂、供应链等载体，构建虚实融合、知识驱动、动态优化、安全高
效、绿色低碳的智能制造系统，推动制造业实现数字化转型、网络化协同、
智能化变革。到 2025 年，规模以上制造业企业大部分实现数字化网络化，
重点行业骨干企业初步应用智能化；到 2035 年，规模以上制造业企业全
面普及数字化网络化，重点行业骨干企业基本实现智能化。
2025 年的主要目标是：
转型升级成效显著。70%的规模以上制造业企业基本实现数字化网络
化，建成 500 个以上引领行业发展的智能制造示范工厂。制造业企业生产
效率、产品良品率、能源资源利用率等显著提升，智能制造能力成熟度水
平明显提升。
供给能力明显增强。智能制造装备和工业软件技术水平和市场竞争力
显著提升，市场满足率分别超过 70%和 50%。培育 150 家以上专业水平高、
服务能力强的智能制造系统解决方案供应商。
基础支撑更加坚实。建设一批智能制造创新载体和公共服务平台。构
建适应智能制造发展的标准体系和网络基础设施，完成 200 项以上国家、
行业标准的制修订，建成 120 个以上具有行业和区域影响力的工业互联网
平台。
三、重点任务
（一）加快系统创新，增强融合发展新动能
强化科技支撑引领作用，推动跨学科、跨领域融合创新，打好关键核心
和系统集成技术攻坚战，构建完善创新网络，持续提升创新效能。
加强关键核心技术攻关。聚焦设计、生产、管理、服务等制造全过程，
突破设计仿真、混合建模、协同优化等基础技术，开发应用增材制造、超
精密加工等先进工艺技术，攻克智能感知、人机协作、供应链协同等共性",,
Q22,比较中国智能制造与数字经济规划和欧盟经济安全、芯片政策在关键技术、供应链韧性与产业能力建设方面的重点。,zh,comparative,phase2_5/cn_digital_economy_14th_fyp_2021.html|phase2_5/cn_intelligent_manufacturing_14th_fyp_2021.pdf|phase2_5/eu_economic_security_strategy_2023_en.pdf|phase2_5/eu_chips_act_2023_en.pdf,7579fa65-081c-5ac9-be55-5a1f6172ffef,66fb6cf6-d5ec-5183-9cf5-2aee221c176a,“十四五”智能制造发展规划,工业和信息化部等八部门,CN,zh,phase2_5\cn_intelligent_manufacturing_14th_fyp_2021.pdf,https://www.miit.gov.cn/jgsj/ghs/zlygh/art/2022/art_c201cab037444d5c94921a53614332f9.html,Page 10,,,8,,"10
订，加强现有标准的优化与协同，在智能装备、智能工厂等方面推动形成
国家标准、行业标准、团体标准、企业标准相互协调、互为补充的标准群。
加快标准的贯彻执行，支持企业依托标准开展智能车间/工厂建设。积极参
与国际标准化工作，推动技术成熟度高的国家标准与国际标准同步发展。
专栏 6 智能制造标准领航行动
标准体系建设。定期修订《国家智能制造标准体系建设指南》，建设纺
织、石化、建材、汽车、航空、船舶、电力装备、轨道交通装备、家电、食
品、钢铁、有色金属、新能源等细分领域的行业应用标准体系。
标准研制。加大标准试验验证力度，推动数字孪生、数据字典、人机协
作、智慧供应链、系统可靠性、信息安全与功能安全一体化等基础共性和关
键技术标准制修订，满足技术演进和产业发展需求，加快开展行业应用标准
研制。
标准推广应用。围绕智能车间/工厂建设、新模式应用、供应链协同、
新技术应用等方面，开展智能制造标准应用试点，形成国家标准、行业标准、
团体标准协调配套的标准群，推进试点成果在中小企业和同行业企业的应
用。
标准国际合作。继续加强中德智能制造/工业 4.0 标准合作，拓展中日、
中英等合作，积极参与国际标准化活动，持续提升中国方案在国际标准中的
贡献度，深化双边、多边标准化交流机制，形成一批标准化成果。
完善信息基础设施。加快工业互联网、物联网、5G、千兆光网等新型
网络基础设施规模化部署，鼓励企业开展内外网升级改造，提升现场感知
和数据传输能力。加强工业数据中心、智能计算中心等算力基础设施建设，
支撑人工智能等新技术应用。支持大型集团企业、工业园区，围绕内部资
源整合、产品全生命周期管理、产业链供应链协同、中小企业服务、工业
数据处理分析，建立各具特色的工业互联网平台，实现全要素、全产业链
数据的有效集成和管理。
加强安全保障。加强智能制造安全风险研判，同步推进网络安全、数
据安全和功能安全，推动密码技术深入应用。实施企业网络安全分类分级
管理，督促企业落实网络安全主体责任。完善国家、地方、企业多级工控
信息安全监测预警网络，加快建设工业互联网安全技术监测服务体系。探
索建立数据跨境传输备案与监管机制。建立符合政策标准要求的技术防护",,
Q22,比较中国智能制造与数字经济规划和欧盟经济安全、芯片政策在关键技术、供应链韧性与产业能力建设方面的重点。,zh,comparative,phase2_5/cn_digital_economy_14th_fyp_2021.html|phase2_5/cn_intelligent_manufacturing_14th_fyp_2021.pdf|phase2_5/eu_economic_security_strategy_2023_en.pdf|phase2_5/eu_chips_act_2023_en.pdf,9f4da89f-f545-5434-b6f7-0330a10bfedb,50c9f3d3-f5ab-5f8f-8191-bd601d25cd73,“十四五”数字经济发展规划,中华人民共和国国务院,CN,zh,phase2_5\cn_digital_economy_14th_fyp_2021.html,https://www.miit.gov.cn/xwdt/szyw/art/2022/art_4ecc233a663b44329d0863e60b51192b.html,,国务院关于印发“十四五”数字经济发展规划的通知,8,,,"虚实结合的产业数字化新生态。依托京津冀、长三角、粤港澳大湾区、成渝地区双城经济圈等重点区域，统筹推进数字基础设施建设，探索建立各类产业集群跨区域、跨平台协同新机制，促进创新要素整合共享，构建创新协同、错位互补、供需联动的区域数字化发展生态，提升产业链供应链协同配套能力。
（四）培育转型支撑服务生态。
建立市场化服务与公共服务双轮驱动，技术、资本、人才、数据等多要素支撑的数字化转型服务生态，解决企业“不会转”、“不能转”、“不敢转”的难题。面向重点行业和企业转型需求，培育推广一批数字化解决方案。聚焦转型咨询、标准制定、测试评估等方向，培育一批第三方专业化服务机构，提升数字化转型服务市场规模和活力。支持高校、龙头企业、行业协会等加强协同，建设综合测试验证环境，加强产业共性解决方案供给。建设数字化转型促进中心，衔接集聚各类资源条件，提供数字化转型公共服务，打造区域产业数字化创新综合体，带动传统产业数字化转型。
六、加快推动数字产业化
（一）增强关键技术创新能力。
瞄准传感器、量子信息、网络通信、集成电路、关键软件、大数据、人工智能、区块链、新材料等战略性前瞻性领域，发挥我国社会主义制度优势、新型举国体制优势、超大规模市场优势，提高数字技术基础研发能力。以数字技术与各领域融合应用为导向，推动行业企业、平台企业和数字技术服务企业跨界创新，优化创新成果快速转化机制，加快创新技术的工程化、产业化。鼓励发展新型研发机构、企业创新联合体等新型创新主体，打造多元化参与、网络化协同、市场化运作的创新生态体系。支持具有自主核心技术的开源社区、开源平台、开源项目发展，推动创新资源共建共享，促进创新模式开放化演进。
（二）提升核心产业竞争力。
着力提升基础软硬件、核心电子元器件、关键基础材料和生产装备的供给水平，强化关键产品自给保障能力。实施产业链强链补链行动，加强面向多元化应用场景的技术融合和产品创新，提升产业链关键环节竞争力，完善5G、集成电路、新能源汽车、人工智能、工业互联网等重点产业供应链体系。深化新一代信息技术集成创新和融合应用，加快平台化、定制化、轻量化服务模式创新，打造新兴数字产业新优势。协同推进信息技术软硬件产品产业化、规模化应用，加快集成适配和迭代优化，推动软件产业做大做强，提升关键软硬件技术创新和供给能力。
（三）加快培育新业态新模式。
推动平台经济健康发展，引导支持平台企业加强数据、产品、内容等资源整合共享，扩大协同办公、互联网医疗等在线服务覆盖面。深化共享经济在生活服务领域的应用，拓展创新、生产、供应链等资源共享新空间。发展基于数字技术的智能经济，加快优化智能化产品和服务运营，培育智慧销售、无人配送、智能制造、反向定制等新增长点。完善多元价值传递和贡献分配体系，有序引导多样化社交、短视频、知识分享等新型就业创业平台发展。
（四）营造繁荣有序的产业创新生态。",,
Q22,比较中国智能制造与数字经济规划和欧盟经济安全、芯片政策在关键技术、供应链韧性与产业能力建设方面的重点。,zh,comparative,phase2_5/cn_digital_economy_14th_fyp_2021.html|phase2_5/cn_intelligent_manufacturing_14th_fyp_2021.pdf|phase2_5/eu_economic_security_strategy_2023_en.pdf|phase2_5/eu_chips_act_2023_en.pdf,b312d3b0-3d01-586e-a8a5-52097279f7a8,7ac8bab9-bf9f-53ae-b5cc-4d30b3a42eca,德国联邦政府的中国战略,德国联邦政府,DE,zh,phase2_5\de_china_strategy_2023_zh.pdf,https://www.auswaertiges-amt.de/en/aussenpolitik/regionaleschwerpunkte/asien/strategy-on-china/2608618,Page 22,,9,,,"3. 与中国的双边关系
22
3.4. 双边经济关系
　　经济关系是我们的双边交流中一个重
要的层面。中国仍将是德国经济界的一个
重要市场。德国也是中资企业的一个重要
的销售市场。
　　中国在 1990 年代和 2000 年代初期
的经济政策的特点是对市场友好的 “改革
开放”政策。自那以后，政治利益的贯彻
变得越来越重要。加强中国共产党的控制
被置于首位。这在新冠病毒全球大流行病
期间体现得尤为突出。
　　与中国脱钩并不是德国政府的目的。
我们要保持与中国 纵横交错 的经济联系。
但是我们要减少关键领域的 依赖性，以降
低由此带来的风险。疫情暴露了我们的依
赖度，医药技术和药品便是实例。在稀土
和用于能源转型的半成品等领域同样存在
着危险的依赖性。中国以前就在与别国交
往中利用过这种依赖性。台湾海峡的局势
暴露了供应链的脆弱， 特别是半导体领域。
降低风险（De-risking）及多元化的措施
将在第四和第五章做出阐述。
　　在中国，德国企业继续处于劣势，原
因在于对市场准入的限制、被排除在政府
采购项目之外、不平等的竞争条件（如政
府补贴） 、歧视性的行政规定、强制性的
专业知识和技术转让、对知识产权保护不
足，还有产品仿冒。部分做法不符合世贸
组织的法律规定。这些情况首先对德国中
小企业而言是一项挑战。因此德国政府将
不断要求中方就市场环境进行全面的结构
改良。在如何处理这些歧视方面，德国政
府为德国企业提供政治支持。
　　我们将继续开展 德中经济顾问委员会
的工作。
　　欧洲企业对政府采购的参与在中国受
到严重的限制，而欧洲采购市场的大门对
中资企业却是敞开的。我们敦促中国拿出
一项富有雄心的方案加入世贸组织的《政
府采购协定》 。2022 年夏生效的欧盟“国
际采购工具”旨在改善欧盟企业在中国等
第三国获得公共采购订单的可能性。
　　中国的数据立法 为其安全部门提供了
过度的控制权，导致了竞争机会的不均。
继续发展我们的经济关系要求自由的、值
得信赖的、跨越国境的数据流通以及对网
络空间的公平监管。我们也会在双边框架
下争取达到这一目的。
　　欧洲单一市场为中国 货运行业企业所
提供的可能性远远超过中国为欧洲厂商提
供的条件。为使航空和航海交通保持开放
和公平，德国政府要深化交通政策领域的
专业对话。为打造一个经济、社会和生态
可持续的、有韧力和牢固的全球物流链提
供框架条件， 这一点符合我们的共同利益。
在此我们将更多地注意对等的基本原则。
　　与其他经济领域相比， 金融和服务产
业的交流还有许多拓展的潜力。德国政府
主张对等和为欧盟国家的银行保险业及其",,
Q22,比较中国智能制造与数字经济规划和欧盟经济安全、芯片政策在关键技术、供应链韧性与产业能力建设方面的重点。,zh,comparative,phase2_5/cn_digital_economy_14th_fyp_2021.html|phase2_5/cn_intelligent_manufacturing_14th_fyp_2021.pdf|phase2_5/eu_economic_security_strategy_2023_en.pdf|phase2_5/eu_chips_act_2023_en.pdf,f1fc7fb2-6935-5110-81a5-791ee500fafd,66fb6cf6-d5ec-5183-9cf5-2aee221c176a,“十四五”智能制造发展规划,工业和信息化部等八部门,CN,zh,phase2_5\cn_intelligent_manufacturing_14th_fyp_2021.pdf,https://www.miit.gov.cn/jgsj/ghs/zlygh/art/2022/art_c201cab037444d5c94921a53614332f9.html,Page 12,,,9,,"12
（三）提升公共服务能力
鼓励行业组织、地方政府、产业园区、高校、科研院所、龙头企业等
建设智能制造公共服务平台，支持标准试验验证平台和现有服务机构提升
检验检测、咨询诊断、计量测试、安全评估、培训推广等服务能力。制定
智能制造公共服务平台规范，构建优势互补、协同发展的服务网络。建立
长效评价机制，鼓励第三方机构开展智能制造能力成熟度评估，研究发布
行业和区域智能制造发展指数。
（四）深化开放合作
加强与相关国家、地区及国际组织的交流，开展智能制造技术、标准、
人才等合作。鼓励跨国公司、国外科研机构等在华建设智能制造研发中心、
示范工厂、培训中心等。加强知识产权保护，推动建立数据资源产权、交
易流通、跨境传输和安全保护等基础制度和标准规范。依托共建“一带一
路”倡议、金砖国家合作机制、区域全面经济伙伴关系协定（RCEP）等，
鼓励智能制造装备、软件、标准和解决方案“走出去”。
五、组织实施
工业和信息化部会同有关部门做好规划的组织实施，各有关部门按照
职责分工，采取切实有效的政策措施，抓好重点任务落实。各地要结合本
地实际，落实相关配套政策，做好信息反馈工作。相关行业组织要充分发
挥桥梁和纽带作用，协同推动规划的贯彻落实。有关部门、各地方、相关
行业组织要加强智能制造经验模式总结和宣传推广。",,
Q22,比较中国智能制造与数字经济规划和欧盟经济安全、芯片政策在关键技术、供应链韧性与产业能力建设方面的重点。,zh,comparative,phase2_5/cn_digital_economy_14th_fyp_2021.html|phase2_5/cn_intelligent_manufacturing_14th_fyp_2021.pdf|phase2_5/eu_economic_security_strategy_2023_en.pdf|phase2_5/eu_chips_act_2023_en.pdf,1c0cc131-5a07-5e61-bff5-adeb40d6e92a,66fb6cf6-d5ec-5183-9cf5-2aee221c176a,“十四五”智能制造发展规划,工业和信息化部等八部门,CN,zh,phase2_5\cn_intelligent_manufacturing_14th_fyp_2021.pdf,https://www.miit.gov.cn/jgsj/ghs/zlygh/art/2022/art_c201cab037444d5c94921a53614332f9.html,Page 5,,,10,,"5
技术，研发人工智能、5G、大数据、边缘计算等在工业领域的适用性技术。
加速系统集成技术开发。面向装备、单元、车间、工厂等制造载体，
构建制造装备、生产过程相关数据字典和信息模型，开发生产过程通用数
据集成和跨平台、跨领域业务互联技术。面向产业链供应链，开发跨企业
多源信息交互和全链条协同优化技术。面向制造全过程，突破智能制造系
统规划设计、建模仿真、分析优化等技术。
推进新型创新网络建设。围绕关键工艺、工业母机、数字孪生、工业
智能等重点领域，支持行业龙头企业联合高校、科研院所和上下游企业建
设一批制造业创新载体。鼓励研发机构创新发展机制，加强数据共享和平
台共建，开展协同创新。推动产业化促进组织建设，加快创新成果转移转
化。建设一批试验验证平台，加速智能制造装备和系统推广应用。
专栏 1 智能制造技术攻关行动
关键核心技术。突破产品优化设计与全流程仿真、基于机理和数据驱动
的混合建模、多目标协同优化等基础技术；增材制造、超精密加工、近净成
形、分子级物性表征等先进工艺技术；工业现场多维智能感知、基于人机协
作的生产过程优化、装备与生产过程数字孪生、质量在线精密检测、生产过
程精益管控、装备故障诊断与预测性维护、复杂环境动态生产计划与调度、
生产全流程智能决策、供应链协同优化等共性技术；5G、人工智能、大数据、
边缘计算等新技术在典型行业质量检测、过程控制、工艺优化、计划调度、
设备运维、管理决策等方面的适用性技术。
系统集成技术。开发基于信息模型和标准接口的可复用数据集成技术；
制造装备、产品设计软件、管控软件、业务管理软件等之间的业务互联技术；
面向产业链供应链协同的包含订单、质量、生产实绩等内容的企业信息交互
技术；公有云、混合云和边云协同的灵活云化部署技术；涵盖设计、生产、
管理、服务等制造全过程的复杂系统建模技术；基于模型的价值流分析和优
化技术。
（二）深化推广应用，开拓转型升级新路径
聚焦企业、行业、区域转型升级需要，围绕车间、工厂、供应链构建
智能制造系统，开展多场景、全链条、多层次应用示范，培育推广智能制
造新模式。",,
Q22,比较中国智能制造与数字经济规划和欧盟经济安全、芯片政策在关键技术、供应链韧性与产业能力建设方面的重点。,zh,comparative,phase2_5/cn_digital_economy_14th_fyp_2021.html|phase2_5/cn_intelligent_manufacturing_14th_fyp_2021.pdf|phase2_5/eu_economic_security_strategy_2023_en.pdf|phase2_5/eu_chips_act_2023_en.pdf,d59fecc0-babf-56d8-8947-e6adf8ad8460,7ac8bab9-bf9f-53ae-b5cc-4d30b3a42eca,德国联邦政府的中国战略,德国联邦政府,DE,zh,phase2_5\de_china_strategy_2023_zh.pdf,https://www.auswaertiges-amt.de/en/aussenpolitik/regionaleschwerpunkte/asien/strategy-on-china/2608618,Page 10,,10,,,"1. 导言
10
于一身。中国的国防开支仅次于美国：按
舰船和潜艇数量计算，中国现在就已经拥
有全球最大的海军。
　　中国的行为和决策导致 对立和竞争的
因素近年来在我们的关系中有所 增加。这
也导致德国政府在双边和欧盟框架下重新
校正与中国的合作和交往以及处理这些挑
战的方式。德国政府信赖本国和欧洲民主
的基本制度和社会市场经济的优势。
　　与中国存在制度性对立并不意味着没
有合作的可能。相反 ： 德国政府寻求合作，
公平条件下的合作。因此与中国的合作是
德国的中国战略中的一个基本要素。
　　德国政府清晰地意识到，与中国的分
歧仅与中国政府的政治行为相关。中国凭
借极其丰富的多样性取得了伟大的成绩，
在德国也备受钦慕。 与中国社会的交流 对
德中两国而言都是一种充实。无论是短期
访问、数年的逗留还是跨越几代的融入当
地的移民——在德国的中国人和在中国的
德国人将两国联系在一起。尽可能广泛地
开展公民社会交流理应构成双边关系的基
础。
1.4. 我们的价值观和利益
　　我们可以信赖自由民主的基本制度和
社会经济的力量 。 《基本法》在有助于政
治稳定的同时也提供了必要的灵活性，以
便应对一个变化的世界向我们提出的新挑
战。得益于社会市场经济，德意志联邦共
和国自 1949 年成立以来已发展成为世界
上最强大的经济体之一。融入欧盟和北约
使德国获得了外交政策的稳定。欧盟和一
体化市场既是欧洲的政治和经济继续成功
的保障，也保障欧洲在与世界其他地区的
竞争中经受得住考验。
　　欧洲的统一和自主 ：加强欧盟的团结、
巩固欧洲统一以及单一市场的完整性是德
国政府遵循的极为重要的政治原则，在德
国塑造遍布世界的伙伴关系时也会同样得
到重视。因此，我们以欧盟的视角制定中
国战略并加强与欧盟伙伴的协调。我们要
在加强社会、经济和学术韧力的同时保持
我们体制的开放性。深化和强化欧盟单一
市场是我们的竞争力和创新力的保障，归
根结底也是我们繁荣和自主的保障。
　　以联合国宪章、普世人权、国际法和
维护联合国体系为出发点 捍卫基于规则的
国际秩序： 基于规则的国际秩序是大、中、
小国之间公平的利益平衡的基础，也是和
谐共处的前提。其特点是包容和不针对任
何一方，且为与每个尊重这些原则的国家
提供合作可能。该秩序的核心是联合国及
其专门机构。
　　遵守国际法：遵守国际法的准则和承",,
